# Made in Blockbench 5.0.7
mtllib model.mtl

o Toemer1
v 0.42239451951351403 3.0593205237255114 -0.10351441973902553
v 0.57235409740798 0.9707266434213894 -0.6408544194852727
v -0.3344559123518739 0.18025783566358955 -2.5334845523925558
v -0.18832491132356066 0.18888004069740205 -2.5346022658489864
v -0.25637065658449243 0.087626701953742 -2.438505428895948
v -0.26041115592939323 0.2599175353379919 -2.5728909263931548
v -0.6947753190897202 0.2717458936697308 -2.578126767796339
v -0.7211709601385493 0.06256874221715147 -2.311960519614582
v -0.8316166322169655 0.16912551658237995 -2.524307940591332
v -0.5628181135290841 0.18188428129926737 -2.5376617195121756
v -0.7176799026494242 0.3749150577288043 -2.526325283833794
v -0.8495999027496118 0.391767103910323 -2.5482496717718237
v -0.7237998051628315 0.42253944653820263 -2.5760397009947433
v -0.5825610335491561 0.39919808228702625 -2.5576267726143747
v 0.24353951109558258 0.15846491899045523 -2.2362792738582153
v 0.36156721471404085 0.17430748403568352 -2.2419513525943544
v 0.31172381099936 0.10519242031494014 -2.155940474768127
v 0.29203453542849067 0.24676417774333426 -2.2780521405701992
v 0.021967684370935436 0.13690523315765968 -2.4268866817256547
v -0.06544311217058307 0.09690779252190995 -2.3411737336769973
v -0.06729287585993882 0.2144311968620607 -2.4405530817138117
v -0.06729287585993882 0.2144311968620607 -2.4405530817138117
v 0.09579393774138956 0.2299738505278579 -2.4578116337357905
v 0.021967684370935436 0.13690523315765968 -2.4268866817256547
v -0.26041115592939323 0.2599175353379919 -2.5728909263931548
v -0.40551660964487846 0.2399536151117041 -2.4824915270203904
v -0.3505072391916607 0.3162247305540813 -2.5429209244815323
v 0.5535398386089351 0.12723448760265588 -1.9925612281980905
v 0.6196478362162774 0.18900108301540097 -2.052421520528922
v 0.6690749631958143 0.11024740287816437 -1.9439218258774624
v 0.6196478362162774 0.18900108301540097 -2.052421520528922
v 0.5535398386089351 0.12723448760265588 -1.9925612281980905
v 0.48050986370451476 0.1731097980142109 -2.02501334222258
v 0.09579393774138956 0.2299738505278579 -2.4578116337357905
v 0.1308698673338099 0.11289247376280453 -2.3531806883573085
v 0.021967684370935436 0.13690523315765968 -2.4268866817256547
v -0.9576685254943317 0.20480468347866565 -2.4136922378013956
v -0.7211709601385493 0.06256874221715147 -2.311960519614582
v -0.9589874042939944 0.08243255560455087 -2.0779500821632206
v -0.8316166322169655 0.16912551658237995 -2.524307940591332
v -0.4049108644286613 0.1354957911292778 -1.8106473974355413
v -0.26531940488149697 0.16751215667311103 -1.8017056411658214
v -0.29907142732731395 0.07076104802616068 -1.6985020666724044
v -0.1668105663467584 0.10767748832636581 -1.7750444919187407
v -0.7176799026494242 0.3749150577288043 -2.526325283833794
v -0.851012240784477 0.3330234911813523 -2.5368589516879343
v -0.8495999027496118 0.391767103910323 -2.5482496717718237
v -0.4049108644286613 0.1354957911292778 -1.8106473974355413
v -0.509355335743376 0.10765277276352281 -1.7886441088531115
v -0.5107540341724279 0.23563454038057818 -1.8698732333870298
v -0.851012240784477 0.3330234911813523 -2.5368589516879343
v -0.8316166322169655 0.16912551658237995 -2.524307940591332
v -0.9576685254943317 0.20480468347866565 -2.4136922378013956
v -0.4049108644286613 0.1354957911292778 -1.8106473974355413
v -0.4813382225638102 0.0635928854416834 -1.6292023524929653
v -0.509355335743376 0.10765277276352281 -1.7886441088531115
v -0.29907142732731395 0.07076104802616068 -1.6985020666724044
v 0.3328309197795233 0.0889962943241458 -1.5373132720926646
v 0.3132588300691489 0.20071545782920985 -1.6757707483511814
v 0.4484758983391264 0.14146036358203817 -1.6396961821814595
v 0.2211756328734541 0.11603860297117197 -1.6654557043828486
v 0.47988013737881374 0.10581058305234037 -1.9220905840789047
v 0.48050986370451476 0.1731097980142109 -2.02501334222258
v 0.5535398386089351 0.12723448760265588 -1.9925612281980905
v 0.5015691517762789 0.25557195546995626 -1.6612239601380923
v 0.5374194007795581 0.11441072314082712 -1.512596152792752
v 0.4484758983391264 0.14146036358203817 -1.6396961821814595
v 0.6012501872357752 0.16968069968531196 -1.6324732248458163
v 0.5015691517762789 0.25557195546995626 -1.6612239601380923
v 0.6439216940379817 0.21301281023223195 -1.7072167331331158
v 0.6012501872357752 0.16968069968531196 -1.6324732248458163
v 0.7467598333316483 0.23347537936052198 -1.5990699766887118
v 0.09579393774138956 0.2299738505278579 -2.4578116337357905
v -0.06729287585993882 0.2144311968620607 -2.4405530817138117
v 0.022122137587509028 0.3238517004112693 -2.454370080610443
v -0.1002805328389954 0.05707933983299829 -1.6335032772721978
v -0.0856486757893401 0.22124284596808685 -1.8052265806954493
v 0.020846527211340615 0.11591237516107333 -1.7202915051853447
v -0.1668105663467584 0.10767748832636581 -1.7750444919187407
v 0.41818084572127145 0.22580594918980168 -1.6798566988159158
v 0.4484758983391264 0.14146036358203817 -1.6396961821814595
v 0.3132588300691489 0.20071545782920985 -1.6757707483511814
v 0.41818084572127145 0.22580594918980168 -1.6798566988159158
v 0.41206876890121813 0.19035894181444046 -1.7954185212529374
v 0.48050986370451476 0.1731097980142109 -2.02501334222258
v 0.5208463033490818 0.3034853363882748 -2.071128762654834
v 0.6196478362162774 0.18900108301540097 -2.052421520528922
v -0.29907142732731395 0.07076104802616068 -1.6985020666724044
v -0.1002805328389954 0.05707933983299829 -1.6335032772721978
v -0.2581763719905502 0.04414523827910721 -1.4685894024540898
v -0.1668105663467584 0.10767748832636581 -1.7750444919187407
v -0.1002805328389954 0.05707933983299829 -1.6335032772721978
v 0.09707681274990632 0.0621185999356908 -1.5810989304905685
v -0.03893746960379496 0.05300090209905828 -1.458013558435475
v 0.020846527211340615 0.11591237516107333 -1.7202915051853447
v 0.11441868291798574 0.24464079076969703 -1.7309340023160318
v 0.1955979183500446 0.24451239046182138 -1.6953131711237979
v 0.2211756328734541 0.11603860297117197 -1.6654557043828486
v 0.09707681274990632 0.0621185999356908 -1.5810989304905685
v 0.2211756328734541 0.11603860297117197 -1.6654557043828486
v 0.020846527211340615 0.11591237516107333 -1.7202915051853447
v -0.26041115592939323 0.2599175353379919 -2.5728909263931548
v -0.12400987068331804 0.2565976454259138 -2.500813710483125
v -0.18832491132356066 0.18888004069740205 -2.5346022658489864
v -0.17241578041371663 0.3119382266061783 -2.559963119927865
v -0.16699499657873662 0.21057223110668222 -1.8222358249777693
v -0.0856486757893401 0.22124284596808685 -1.8052265806954493
v -0.1668105663467584 0.10767748832636581 -1.7750444919187407
v -0.16699499657873662 0.21057223110668222 -1.8222358249777693
v -0.26531940488149697 0.16751215667311103 -1.8017056411658214
v 0.3328309197795233 0.0889962943241458 -1.5373132720926646
v 0.5374194007795581 0.11441072314082712 -1.512596152792752
v 0.38136686732461034 0.07025563203108742 -1.3465198261068672
v 0.4484758983391264 0.14146036358203817 -1.6396961821814595
v 0.7467598333316483 0.23347537936052198 -1.5990699766887118
v 0.5374194007795581 0.11441072314082712 -1.512596152792752
v 0.6012501872357752 0.16968069968531196 -1.6324732248458163
v 0.6863147333109757 0.14045640028636397 -1.3970745187245361
v 0.09707681274990632 0.0621185999356908 -1.5810989304905685
v 0.3328309197795233 0.0889962943241458 -1.5373132720926646
v 0.16094567109146307 0.053633226547218804 -1.3866945482711874
v 0.2211756328734541 0.11603860297117197 -1.6654557043828486
v -0.003168011260877235 -0.01227373204454052 0.7504228922406573
v 0.4640210212723087 0.014515995154169792 0.509408787755435
v 0.3225293429611208 0.14384632317706858 0.9877370742269981
v 0.2296364182456141 0.02426372536565502 0.1683009835465021
v 0.3225293429611208 0.14384632317706858 0.9877370742269981
v -0.2314857243296327 0.14099798551164566 1.087308253159177
v -0.5026792022596589 0.04491725646192446 -1.2678038840979284
v -0.7384613607671886 0.08828680004875133 -1.702408537773238
v -0.4813382225638102 0.0635928854416834 -1.6292023524929653
v -0.509355335743376 0.10765277276352281 -1.7886441088531115
v -0.5628181135290841 0.18188428129926737 -2.5376617195121756
v -0.5720139149518456 0.3447901896315433 -2.5466126736690016
v -0.47198560261140166 0.2238270597032761 -2.4404946778736023
v -0.6947753190897202 0.2717458936697308 -2.578126767796339
v -0.8316166322169655 0.16912551658237995 -2.524307940591332
v -0.851012240784477 0.3330234911813523 -2.5368589516879343
v -0.4813382225638102 0.0635928854416834 -1.6292023524929653
v -0.29907142732731395 0.07076104802616068 -1.6985020666724044
v -0.2581763719905502 0.04414523827910721 -1.4685894024540898
v -0.5924570376296024 0.11815811043935831 -1.881120025494842
v -0.509355335743376 0.10765277276352281 -1.7886441088531115
v -0.7384613607671886 0.08828680004875133 -1.702408537773238
v 0.6148850594554232 0.10830984366475471 -1.7894418499856375
v 0.47988013737881374 0.10581058305234037 -1.9220905840789047
v 0.6690749631958143 0.11024740287816437 -1.9439218258774624
v 0.5535398386089351 0.12723448760265588 -1.9925612281980905
v 0.04983558045646597 0.1543874117099513 -1.9109757035565034
v 0.020846527211340615 0.11591237516107333 -1.7202915051853447
v -0.0856486757893401 0.22124284596808685 -1.8052265806954493
v 0.11441868291798574 0.24464079076969703 -1.7309340023160318
v 0.16094567109146307 0.053633226547218804 -1.3866945482711874
v -0.11411133217583691 0.021147003375075357 -1.136531334034574
v -0.03893746960379496 0.05300090209905828 -1.458013558435475
v 0.09707681274990632 0.0621185999356908 -1.5810989304905685
v -0.2581763719905502 0.04414523827910721 -1.4685894024540898
v -0.03893746960379496 0.05300090209905828 -1.458013558435475
v -0.11411133217583691 0.021147003375075357 -1.136531334034574
v -0.1002805328389954 0.05707933983299829 -1.6335032772721978
v -0.5026792022596589 0.04491725646192446 -1.2678038840979284
v -0.4813382225638102 0.0635928854416834 -1.6292023524929653
v -0.2581763719905502 0.04414523827910721 -1.4685894024540898
v -0.26531940488149697 0.16751215667311103 -1.8017056411658214
v -0.38095678964858093 0.1746073553181977 -2.006379829862765
v -0.16333502960098312 0.18766790666186184 -1.9808103606331984
v -0.2913864121597133 0.21500405348822982 -2.152104646164515
v -1.030314832909606 0.1046889838171452 -1.7957202507632655
v -0.9940650743054773 0.28953594416224604 -2.0115469690090593
v -0.7744947539279692 0.10587291480943661 -1.9779884303925601
v -0.9589874042939944 0.08243255560455087 -2.0779500821632206
v -0.06544311217058307 0.09690779252190995 -2.3411737336769973
v 0.1308698673338099 0.11289247376280453 -2.3531806883573085
v 0.04738009838026358 0.11917670214956155 -2.0922009824900814
v 0.021967684370935436 0.13690523315765968 -2.4268866817256547
v 0.5359514876956527 0.10549624067744401 -1.1461814034612203
v 0.38136686732461034 0.07025563203108742 -1.3465198261068672
v 0.6863147333109757 0.14045640028636397 -1.3970745187245361
v 0.5374194007795581 0.11441072314082712 -1.512596152792752
v 0.3328309197795233 0.0889962943241458 -1.5373132720926646
v 0.16094567109146307 0.053633226547218804 -1.3866945482711874
v -0.7384613607671886 0.08828680004875133 -1.702408537773238
v -1.030314832909606 0.1046889838171452 -1.7957202507632655
v -0.7744947539279692 0.10587291480943661 -1.9779884303925601
v -0.5924570376296024 0.11815811043935831 -1.881120025494842
v 0.38136686732461034 0.07025563203108742 -1.3465198261068672
v 0.21968854544916083 0.06025711321551608 -1.101842308236534
v 0.16094567109146307 0.053633226547218804 -1.3866945482711874
v -0.11411133217583691 0.021147003375075357 -1.136531334034574
v 0.36156721471404085 0.17430748403568352 -2.2419513525943544
v 0.29203453542849067 0.24676417774333426 -2.2780521405701992
v 0.4219575642175434 0.23759696886315385 -2.2187992681090214
v -0.26531940488149697 0.16751215667311103 -1.8017056411658214
v -0.4251608764723408 0.2922110582985935 -1.874066373325288
v -0.38095678964858093 0.1746073553181977 -2.006379829862765
v -0.4049108644286613 0.1354957911292778 -1.8106473974355413
v -0.40551660964487846 0.2399536151117041 -2.4824915270203904
v -0.26041115592939323 0.2599175353379919 -2.5728909263931548
v -0.3344559123518739 0.18025783566358955 -2.5334845523925558
v 0.6863147333109757 0.14045640028636397 -1.3970745187245361
v 0.7620742486125923 0.16979894735500678 -1.2406600474274465
v 0.5359514876956527 0.10549624067744401 -1.1461814034612203
v 0.7467598333316483 0.23347537936052198 -1.5990699766887118
v 0.7620742486125923 0.16979894735500678 -1.2406600474274465
v 0.6863147333109757 0.14045640028636397 -1.3970745187245361
v 0.41818084572127145 0.22580594918980168 -1.6798566988159158
v 0.5015691517762789 0.25557195546995626 -1.6612239601380923
v 0.4484758983391264 0.14146036358203817 -1.6396961821814595
v -0.13777451055398104 3.7146528580932343 0.663416672289139
v -0.12623505329806228 3.707021733755737 0.6828223536904977
v -0.0882326860515239 3.716683766469859 0.6572934766775057
v -0.07675488906936245 3.708793709326458 0.674919304948488
v -0.4251608764723408 0.2922110582985935 -1.874066373325288
v -0.4049108644286613 0.1354957911292778 -1.8106473974355413
v -0.5107540341724279 0.23563454038057818 -1.8698732333870298
v -0.4715056266463157 0.4566514856534891 -1.8771737060678602
v 0.5015691517762789 0.25557195546995626 -1.6612239601380923
v 0.41818084572127145 0.22580594918980168 -1.6798566988159158
v 0.42949417672252566 0.34960041731548674 -1.7149268895979035
v -0.009437679307164104 3.598696673489549 0.9691498461455585
v -0.16285673613543372 3.5926682107392036 0.9908167824707946
v -0.155986771423143 3.584512290543509 1.0117815517783129
v -0.003377881766880808 3.5903633003476068 0.9911605564444335
v -1.1177995440848423 0.39283391742005747 -1.664361878121571
v -0.7384613607671886 0.08828680004875133 -1.702408537773238
v -0.9172152953902329 0.2042437714385792 -1.2906699181322083
v -0.3004733431732002 0.04964248252222925 0.3607163521286709
v 0.2296364182456141 0.02426372536565502 0.1683009835465021
v -0.003168011260877235 -0.01227373204454052 0.7504228922406573
v 0.04035678106042362 0.1454503872541506 -0.25901229647668855
v 0.4743360717886096 0.1704392607985341 -0.3590201241862924
v 0.2246169952442557 0.10949985554586328 -0.6701510518761868
v 0.2246169952442557 0.10949985554586328 -0.6701510518761868
v 0.21968854544916083 0.06025711321551608 -1.101842308236534
v 0.5359514876956527 0.10549624067744401 -1.1461814034612203
v 0.38136686732461034 0.07025563203108742 -1.3465198261068672
v -0.06515647259182045 3.3723745458718044 1.1033332237947109
v -0.18546539158818975 3.344044546550591 1.119001924943754
v -0.04904699848022831 3.1672921248878434 1.2040227496486873
v 0.05701749871388395 3.3539267196379505 1.086288281589856
v -0.06515647259182045 3.3723745458718044 1.1033332237947109
v -0.04904699848022831 3.1672921248878434 1.2040227496486873
v -0.11411133217583691 0.021147003375075357 -1.136531334034574
v 0.21968854544916083 0.06025711321551608 -1.101842308236534
v 0.2246169952442557 0.10949985554586328 -0.6701510518761868
v -0.4715056266463157 0.4566514856534891 -1.8771737060678602
v -0.4016767449157411 0.500791210409083 -1.8992027434339755
v -0.4251608764723408 0.2922110582985935 -1.874066373325288
v 0.3225293429611208 0.14384632317706858 0.9877370742269981
v 0.4640210212723087 0.014515995154169792 0.509408787755435
v 0.6168891374557687 0.29196731278892907 0.7242578060498698
v 0.24353951109558258 0.15846491899045523 -2.2362792738582153
v 0.16997348901324216 0.22973756926264244 -2.2055736174050105
v 0.29203453542849067 0.24676417774333426 -2.2780521405701992
v 0.6364234790569439 0.2158843700581503 -0.7803939380412477
v 0.4743360717886096 0.1704392607985341 -0.3590201241862924
v 0.2246169952442557 0.10949985554586328 -0.6701510518761868
v 0.5359514876956527 0.10549624067744401 -1.1461814034612203
v 0.7620742486125923 0.16979894735500678 -1.2406600474274465
v 0.6364234790569439 0.2158843700581503 -0.7803939380412477
v -0.5026792022596589 0.04491725646192446 -1.2678038840979284
v -0.9172152953902329 0.2042437714385792 -1.2906699181322083
v -0.7384613607671886 0.08828680004875133 -1.702408537773238
v -0.217064308229158 3.4737188538524073 0.8986182297421833
v -0.18546539158818975 3.344044546550591 1.119001924943754
v -0.08432554250267743 3.495619383259058 0.8799847269607673
v -0.06515647259182045 3.3723745458718044 1.1033332237947109
v -0.08432554250267743 3.495619383259058 0.8799847269607673
v 0.05701749871388395 3.3539267196379505 1.086288281589856
v 0.049317795250007235 3.4839956080676733 0.8612260818026288
v -0.06515647259182045 3.3723745458718044 1.1033332237947109
v 0.1955979183500446 0.24451239046182138 -1.6953131711237979
v 0.3132588300691489 0.20071545782920985 -1.6757707483511814
v 0.2211756328734541 0.11603860297117197 -1.6654557043828486
v -0.16273423798411502 3.1438787311182628 1.2023751696447311
v -0.28166235379282945 3.301830163410376 1.1262688491048563
v -0.2764214774880017 3.120465337348682 1.200727589640774
v -0.3770494055687148 3.26016220783292 1.1342558215562444
v -0.04904699848022831 3.1672921248878434 1.2040227496486873
v -0.18546539158818975 3.344044546550591 1.119001924943754
v -0.28166235379282945 3.301830163410376 1.1262688491048563
v -0.16273423798411502 3.1438787311182628 1.2023751696447311
v -0.18546539158818975 3.344044546550591 1.119001924943754
v 0.05701749871388395 3.3539267196379505 1.086288281589856
v -0.04904699848022831 3.1672921248878434 1.2040227496486873
v 0.06487384993544654 3.1529891527465024 1.1706127175637553
v 0.1566252662006994 3.3196946419894826 1.0656899712574046
v 0.1566252662006994 3.3196946419894826 1.0656899712574046
v 0.06487384993544654 3.1529891527465024 1.1706127175637553
v 0.17879469835112172 3.1386861806051614 1.1372026854788242
v 0.25542286651550694 3.2852851113947668 1.0461376019163091
v -0.33872106737766505 0.16879103812632046 -0.7852260461956333
v -0.5026792022596589 0.04491725646192446 -1.2678038840979284
v -0.11411133217583691 0.021147003375075357 -1.136531334034574
v -0.11411133217583691 0.021147003375075357 -1.136531334034574
v -0.2581763719905502 0.04414523827910721 -1.4685894024540898
v -0.40551660964487846 0.2399536151117041 -2.4824915270203904
v -0.25637065658449243 0.087626701953742 -2.438505428895948
v -0.3736719603755193 0.1426603244000768 -2.22149480658373
v -0.3344559123518739 0.18025783566358955 -2.5334845523925558
v -0.3237716896366081 3.43452264449796 0.9092797348464083
v -0.3770494055687148 3.26016220783292 1.1342558215562444
v -0.28166235379282945 3.301830163410376 1.1262688491048563
v -0.43209914864482 3.3946025546345076 0.9202671326517047
v -0.217064308229158 3.4737188538524073 0.8986182297421833
v -0.18546539158818975 3.344044546550591 1.119001924943754
v -0.33872106737766505 0.16879103812632046 -0.7852260461956333
v 0.2246169952442557 0.10949985554586328 -0.6701510518761868
v 0.04035678106042362 0.1454503872541506 -0.25901229647668855
v -0.11411133217583691 0.021147003375075357 -1.136531334034574
v 0.25542286651550694 3.2852851113947668 1.0461376019163091
v 0.2705787383818008 3.423049132400022 0.8243048057550081
v 0.16032226352177625 3.4538506049205293 0.8431185359995941
v 0.1566252662006994 3.3196946419894826 1.0656899712574046
v 0.049317795250007235 3.4839956080676733 0.8612260818026288
v 0.05701749871388395 3.3539267196379505 1.086288281589856
v 0.5208463033490818 0.3034853363882748 -2.071128762654834
v 0.6516555026344579 0.29243588698085876 -2.040084159329059
v 0.6196478362162774 0.18900108301540097 -2.052421520528922
v 0.4219575642175434 0.23759696886315385 -2.2187992681090214
v 0.31172381099936 0.10519242031494014 -2.155940474768127
v 0.36156721471404085 0.17430748403568352 -2.2419513525943544
v 0.41823714158734415 0.1514500511474295 -1.95489755936911
v -0.23614956632167128 3.6946937926752104 0.6685187233367106
v -0.35649814965637294 3.6292971518461563 0.6857668481710709
v -0.2295889299511762 3.686719106916038 0.6876481841189175
v -0.26041115592939323 0.2599175353379919 -2.5728909263931548
v -0.25547570234249284 0.3421260537448474 -2.548771623360732
v -0.17241578041371663 0.3119382266061783 -2.559963119927865
v -0.3505072391916607 0.3162247305540813 -2.5429209244815323
v 0.017776594524578693 0.6827870454909963 1.1670184758242494
v -0.2314857243296327 0.14099798551164566 1.087308253159177
v 0.3225293429611208 0.14384632317706858 0.9877370742269981
v -0.16699499657873662 0.21057223110668222 -1.8222358249777693
v -0.1268704118126721 0.3839891974786589 -1.8434962852656467
v -0.0856486757893401 0.22124284596808685 -1.8052265806954493
v -0.47198560261140166 0.2238270597032761 -2.4404946778736023
v -0.55107303495671 0.0971390290378189 -2.1408370127721956
v -0.7211709601385493 0.06256874221715147 -2.311960519614582
v -0.5628181135290841 0.18188428129926737 -2.5376617195121756
v -0.35649814965637294 3.6292971518461563 0.6857668481710709
v -0.23614956632167128 3.6946937926752104 0.6685187233367106
v -0.3636155256934489 3.6375242646677663 0.6629806341869756
v -0.5520132858874414 3.32695972266517 0.9305483473006343
v -0.3770494055687148 3.26016220783292 1.1342558215562444
v -0.43209914864482 3.3946025546345076 0.9202671326517047
v 0.3971928246071561 3.3649367163816644 0.799634832399796
v 0.2705787383818008 3.423049132400022 0.8243048057550081
v 0.25542286651550694 3.2852851113947668 1.0461376019163091
v -0.5720139149518456 0.3447901896315433 -2.5466126736690016
v -0.7176799026494242 0.3749150577288043 -2.526325283833794
v -0.5825610335491561 0.39919808228702625 -2.5576267726143747
v -0.5553662087270287 0.4076168021940374 -2.441176289193941
v -0.25422462761696607 3.5437728101545702 0.6581347407146761
v -0.217064308229158 3.4737188538524073 0.8986182297421833
v -0.10163223862255044 3.566788652442016 0.6388262672794887
v 0.4640210212723087 0.014515995154169792 0.509408787755435
v 0.2296364182456141 0.02426372536565502 0.1683009835465021
v 0.5804942552293745 0.2526862209057599 0.1281039192326613
v 0.4743360717886096 0.1704392607985341 -0.3590201241862924
v -0.10163223862255044 3.566788652442016 0.6388262672794887
v 0.049317795250007235 3.4839956080676733 0.8612260818026288
v 0.052613229296320396 3.5561987102717714 0.6165668573458465
v 0.29203453542849067 0.24676417774333426 -2.2780521405701992
v 0.3635970664842799 0.3270485821333238 -2.237403730695163
v 0.4219575642175434 0.23759696886315385 -2.2187992681090214
v -0.10163223862255044 3.566788652442016 0.6388262672794887
v -0.217064308229158 3.4737188538524073 0.8986182297421833
v -0.08432554250267743 3.495619383259058 0.8799847269607673
v 0.049317795250007235 3.4839956080676733 0.8612260818026288
v -0.10163223862255044 3.566788652442016 0.6388262672794887
v -0.08432554250267743 3.495619383259058 0.8799847269607673
v -0.43209914864482 3.3946025546345076 0.9202671326517047
v -0.3691465093902403 3.5055001986940963 0.6732436074219217
v -0.48338205802552625 3.467625123801083 0.687278805440343
v -0.3237716896366081 3.43452264449796 0.9092797348464083
v -0.25422462761696607 3.5437728101545702 0.6581347407146761
v -0.217064308229158 3.4737188538524073 0.8986182297421833
v 0.052613229296320396 3.5561987102717714 0.6165668573458465
v 0.16032226352177625 3.4538506049205293 0.8431185359995941
v 0.17015467903726478 3.527231190865915 0.5983957756121584
v 0.049317795250007235 3.4839956080676733 0.8612260818026288
v 0.2705787383818008 3.423049132400022 0.8243048057550081
v 0.2885060392069635 3.4988100990228164 0.5809447421687558
v 0.021980031419233215 3.6964830424780866 0.6529870805826612
v 0.14524946808779016 3.657683191970393 0.5928748428935233
v 0.015419395048738127 3.7044577282372586 0.6338576198004543
v 0.15734566501028957 3.649799640570458 0.6159372774967701
v -0.5520132858874414 3.32695972266517 0.9305483473006343
v -0.48338205802552625 3.467625123801083 0.687278805440343
v -0.6570625817409462 3.377514491338693 0.7034870103927657
v 0.2885060392069635 3.4988100990228164 0.5809447421687558
v 0.3971928246071561 3.3649367163816644 0.799634832399796
v 0.47033336946152293 3.4227198893021002 0.5487279560016961
v 0.2705787383818008 3.423049132400022 0.8243048057550081
v -0.7744947539279692 0.10587291480943661 -1.9779884303925601
v -0.7211709601385493 0.06256874221715147 -2.311960519614582
v -0.55107303495671 0.0971390290378189 -2.1408370127721956
v -0.9589874042939944 0.08243255560455087 -2.0779500821632206
v -0.48338205802552625 3.467625123801083 0.687278805440343
v -0.5520132858874414 3.32695972266517 0.9305483473006343
v -0.43209914864482 3.3946025546345076 0.9202671326517047
v 0.7284505065613737 0.20998117062726052 -1.7549885704975274
v 0.7551336773457951 0.3314980845026798 -1.711515874962474
v 0.6439216940379817 0.21301281023223195 -1.7072167331331158
v 0.7467598333316483 0.23347537936052198 -1.5990699766887118
v 0.04035678106042362 0.1454503872541506 -0.25901229647668855
v -0.3004733431732002 0.04964248252222925 0.3607163521286709
v -0.4436547351782426 0.5039805940601918 -0.17692684665716346
v -0.33872106737766505 0.16879103812632046 -0.7852260461956333
v -0.003168011260877235 -0.01227373204454052 0.7504228922406573
v -0.5248983617175688 0.1775503922214854 0.7267911476613044
v -0.2314857243296327 0.14099798551164566 1.087308253159177
v -0.25608193084630426 3.5664226933926044 0.9928512016318404
v -0.3132464681988433 3.5068995958625324 0.9979895130187871
v -0.24971702394209572 3.55482419086397 1.0108594343543544
v -0.32422342635079227 3.515148340388704 0.9774824352311374
v 0.22768532562434385 0.20861195021561163 -1.8023550152934624
v 0.41206876890121813 0.19035894181444046 -1.7954185212529374
v 0.3132588300691489 0.20071545782920985 -1.6757707483511814
v 0.3183710610527367 0.17138086841469025 -1.888378799471293
v -0.545400510683539 3.4882164238157314 0.38750368353205056
v -0.48338205802552625 3.467625123801083 0.687278805440343
v -0.432281890129525 3.5224055340339198 0.35501922516325507
v -0.12309461305630975 3.5891047208070095 0.27985053703694396
v -0.25422462761696607 3.5437728101545702 0.6581347407146761
v -0.10163223862255044 3.566788652442016 0.6388262672794887
v -0.31835310240350334 3.5567720971983565 0.32148882580310323
v -0.7032022782383571 3.414618098274577 0.4510575131409655
v -0.48338205802552625 3.467625123801083 0.687278805440343
v -0.545400510683539 3.4882164238157314 0.38750368353205056
v -0.6570625817409462 3.377514491338693 0.7034870103927657
v 0.052613229296320396 3.5561987102717714 0.6165668573458465
v 0.07673867755483321 3.5725052800898145 0.2681541871153264
v -0.12309461305630975 3.5891047208070095 0.27985053703694396
v -0.10163223862255044 3.566788652442016 0.6388262672794887
v 0.2885060392069635 3.4988100990228164 0.5809447421687558
v 0.48356956194664746 3.46239263646266 0.288933987397454
v 0.3147415095940009 3.522708681811721 0.2694028649415161
v 0.47033336946152293 3.4227198893021002 0.5487279560016961
v -0.48338205802552625 3.467625123801083 0.687278805440343
v -0.3691465093902403 3.5055001986940963 0.6732436074219217
v -0.432281890129525 3.5224055340339198 0.35501922516325507
v -0.851012240784477 0.3330234911813523 -2.5368589516879343
v -0.8927836413298711 0.3970874964651583 -2.4423429182253993
v -0.8495999027496118 0.391767103910323 -2.5482496717718237
v 0.2885060392069635 3.4988100990228164 0.5809447421687558
v 0.3147415095940009 3.522708681811721 0.2694028649415161
v 0.19533513836003946 3.547333767169389 0.2684185018832782
v 0.17015467903726478 3.527231190865915 0.5983957756121584
v 0.07673867755483321 3.5725052800898145 0.2681541871153264
v 0.052613229296320396 3.5561987102717714 0.6165668573458465
v -0.432281890129525 3.5224055340339198 0.35501922516325507
v -0.3691465093902403 3.5055001986940963 0.6732436074219217
v -0.31835310240350334 3.5567720971983565 0.32148882580310323
v -0.25422462761696607 3.5437728101545702 0.6581347407146761
v 0.19533513836003946 3.547333767169389 0.2684185018832782
v 0.17015467903726478 3.527231190865915 0.5983957756121584
v 0.2885060392069635 3.4988100990228164 0.5809447421687558
v 0.6516555026344579 0.29243588698085876 -2.040084159329059
v 0.6690749631958143 0.11024740287816437 -1.9439218258774624
v 0.6196478362162774 0.18900108301540097 -2.052421520528922
v 0.7421662207661496 0.2597556002546977 -1.863422719221231
v -0.48120258477361477 3.149645090623049 1.1307054938386951
v -0.4998365482361624 3.115694285958808 1.1283324810528752
v -0.2764214774880017 3.120465337348682 1.200727589640774
v 0.04983558045646597 0.1543874117099513 -1.9109757035565034
v 0.04738009838026358 0.11917670214956155 -2.0922009824900814
v 0.12334680777040508 0.18919741368902399 -2.0712202924779004
v -0.032427524899886984 0.16080192438977092 -2.0606159344567923
v 0.3690434540068357 3.183709158581593 1.0138320871402344
v 0.17879469835112172 3.1386861806051614 1.1372026854788242
v 0.3900553335496554 3.1513610722565297 1.006563290634854
v -0.9172152953902329 0.2042437714385792 -1.2906699181322083
v -0.5026792022596589 0.04491725646192446 -1.2678038840979284
v -0.33872106737766505 0.16879103812632046 -0.7852260461956333
v 0.7421662207661496 0.2597556002546977 -1.863422719221231
v 0.6148850594554232 0.10830984366475471 -1.7894418499856375
v 0.6690749631958143 0.11024740287816437 -1.9439218258774624
v 0.7284505065613737 0.20998117062726052 -1.7549885704975274
v 0.017776594524578693 0.6827870454909963 1.1670184758242494
v 0.3225293429611208 0.14384632317706858 0.9877370742269981
v 0.4421663610897074 0.7674213666283667 0.954796581440928
v -0.6565891355663931 3.220059916481295 0.9226826413105136
v -0.4998365482361624 3.115694285958808 1.1283324810528752
v -0.48120258477361477 3.149645090623049 1.1307054938386951
v 0.47033336946152293 3.4227198893021002 0.5487279560016961
v 0.5947319887938486 3.3634456789034775 0.3105867010177257
v 0.48356956194664746 3.46239263646266 0.288933987397454
v 0.582917105516332 3.327838636721625 0.5125082427224567
v 0.5359998062478831 3.3153670685734666 0.11446122521193525
v 0.5103907416244334 3.266978074594486 0.7630139393511496
v 0.3971928246071561 3.3649367163816644 0.799634832399796
v 0.25542286651550694 3.2852851113947668 1.0461376019163091
v 0.3690434540068357 3.183709158581593 1.0138320871402344
v 0.17879469835112172 3.1386861806051614 1.1372026854788242
v 0.5531868081670761 3.183691789153408 0.7289839450419328
v 0.2892069450868573 3.449470990098535 0.10821770415757637
v 0.6315761020741392 3.2250835710208556 0.4723380731710468
v 0.5885654944915503 3.0209906612455972 0.6715062647758354
v 0.41240865787524184 2.9870376628688864 0.9711047702266525
v 0.3900553335496554 3.1513610722565297 1.006563290634854
v 0.23505297249815826 2.997797008510743 1.1153782092622158
v 0.09787676294982217 2.9999769134516163 1.1657344240064362
v 0.06487384993544654 3.1529891527465024 1.1706127175637553
v -0.039361363615524114 3.002266860203096 1.2160767749019223
v -0.04904699848022831 3.1672921248878434 1.2040227496486873
v -0.16273423798411502 3.1438787311182628 1.2023751696447311
v -0.179211232455187 2.9887255416361462 1.2036339355477788
v -0.2764214774880017 3.120465337348682 1.200727589640774
v -0.31912301831185896 2.9752942648798033 1.1911772323449017
v -0.4998365482361624 3.115694285958808 1.1283324810528752
v -0.5079194185568419 2.9497988117019722 1.0976160011609846
v -0.6928992607267086 3.1336070435465517 0.9002517952682609
v -0.7177066305567784 2.9681593224678164 0.851184527345961
v -0.48120258477361477 3.149645090623049 1.1307054938386951
v -0.3770494055687148 3.26016220783292 1.1342558215562444
v -0.6565891355663931 3.220059916481295 0.9226826413105136
v -0.5520132858874414 3.32695972266517 0.9305483473006343
v -0.6570625817409462 3.377514491338693 0.7034870103927657
v -0.7621290350915996 3.2738409653568183 0.697816201151162
v -0.7997940592995297 3.3073070573514403 0.5020317189067987
v -0.7032022782383571 3.414618098274577 0.4510575131409655
v -0.8033440391796037 3.167054736372786 0.6697386796197707
v -0.7588181767196035 3.2637978421527443 0.29257231934018296
v -0.82720742938839 3.0055183268203667 0.6207328349170732
v -0.680465177992364 2.6000218475459445 0.7143018266893161
v -0.8385319285850975 3.0283260220204617 0.5322884449288651
v -0.77336356355856 2.6111505160987827 0.57509240616125
v -0.7682541964342883 2.4018491618222235 0.6402138379723553
v -0.7954578393511692 2.4596337843208476 0.5267214984570345
v -0.8272976669860815 3.200371675190166 0.5302445356287803
v -0.7632140381357674 3.1276064953268645 0.2658525324264517
v -0.8927836413298711 0.3970874964651583 -2.4423429182253993
v -0.851012240784477 0.3330234911813523 -2.5368589516879343
v -0.9576685254943317 0.20480468347866565 -2.4136922378013956
v 0.08455112074116167 3.579671364675157 0.9453774017852795
v 0.1617616706344589 3.525976819193904 0.9320097850726895
v 0.1507847124825097 3.5342255637200743 0.9115027072850398
v 0.09172593807412566 3.5686192897092814 0.96410568279808
v 0.22120112212990584 0.16557565412258102 -1.948561656867546
v 0.41823714158734415 0.1514500511474295 -1.95489755936911
v 0.3183710610527367 0.17138086841469025 -1.888378799471293
v 0.31172381099936 0.10519242031494014 -2.155940474768127
v 0.5103907416244334 3.266978074594486 0.7630139393511496
v 0.3690434540068357 3.183709158581593 1.0138320871402344
v 0.3900553335496554 3.1513610722565297 1.006563290634854
v -0.12400987068331804 0.2565976454259138 -2.500813710483125
v -0.25637065658449243 0.087626701953742 -2.438505428895948
v -0.18832491132356066 0.18888004069740205 -2.5346022658489864
v -0.15640340456536184 0.13663347180846142 -2.2096829673167515
v -0.9348547127988983 0.40047201290360257 -2.246207512911823
v -0.9589874042939944 0.08243255560455087 -2.0779500821632206
v -0.9940650743054773 0.28953594416224604 -2.0115469690090593
v -0.16699499657873662 0.21057223110668222 -1.8222358249777693
v -0.26531940488149697 0.16751215667311103 -1.8017056411658214
v -0.16333502960098312 0.18766790666186184 -1.9808103606331984
v 0.6168891374557687 0.29196731278892907 0.7242578060498698
v 0.4421663610897074 0.7674213666283667 0.954796581440928
v 0.3225293429611208 0.14384632317706858 0.9877370742269981
v -1.030314832909606 0.1046889838171452 -1.7957202507632655
v -1.0136142793938654 0.43634730947998923 -1.8738962515883428
v -0.9940650743054773 0.28953594416224604 -2.0115469690090593
v -1.1177995440848423 0.39283391742005747 -1.664361878121571
v -0.6947753190897202 0.2717458936697308 -2.578126767796339
v -0.7176799026494242 0.3749150577288043 -2.526325283833794
v -0.5720139149518456 0.3447901896315433 -2.5466126736690016
v -0.851012240784477 0.3330234911813523 -2.5368589516879343
v -0.509355335743376 0.10765277276352281 -1.7886441088531115
v -0.5924570376296024 0.11815811043935831 -1.881120025494842
v -0.5107540341724279 0.23563454038057818 -1.8698732333870298
v 0.29203453542849067 0.24676417774333426 -2.2780521405701992
v 0.16997348901324216 0.22973756926264244 -2.2055736174050105
v 0.2219944456534121 0.31656111482558846 -2.2235983840778193
v -0.38095678964858093 0.1746073553181977 -2.006379829862765
v -0.41564876753586166 0.32406898461388667 -2.176929381101562
v -0.2913864121597133 0.21500405348822982 -2.152104646164515
v -0.3736719603755193 0.1426603244000768 -2.22149480658373
v 0.1955979183500446 0.24451239046182138 -1.6953131711237979
v 0.11441868291798574 0.24464079076969703 -1.7309340023160318
v 0.17763356283378606 0.43477396448594585 -1.6947037541088927
v 0.10642817583855713 1.4405154738602188 1.0303018680385216
v 0.017776594524578693 0.6827870454909963 1.1670184758242494
v 0.4421663610897074 0.7674213666283667 0.954796581440928
v 0.022122137587509028 0.3238517004112693 -2.454370080610443
v 0.11962597564064803 0.3098601234860312 -2.414316489710528
v 0.09579393774138956 0.2299738505278579 -2.4578116337357905
v 0.1955979183500446 0.24451239046182138 -1.6953131711237979
v 0.22768532562434385 0.20861195021561163 -1.8023550152934624
v 0.3132588300691489 0.20071545782920985 -1.6757707483511814
v -0.4998365482361624 3.115694285958808 1.1283324810528752
v -0.6565891355663931 3.220059916481295 0.9226826413105136
v -0.6928992607267086 3.1336070435465517 0.9002517952682609
v 0.16997348901324216 0.22973756926264244 -2.2055736174050105
v 0.31172381099936 0.10519242031494014 -2.155940474768127
v 0.22120112212990584 0.16557565412258102 -1.948561656867546
v 0.24353951109558258 0.15846491899045523 -2.2362792738582153
v 0.3900553335496554 3.1513610722565297 1.006563290634854
v 0.5531868081670761 3.183691789153408 0.7289839450419328
v 0.5103907416244334 3.266978074594486 0.7630139393511496
v 0.3315659819781348 1.461773503453939 0.7568432013013766
v 0.38508010868656717 1.5748506066314314 0.7519927265888089
v 0.20590790284596072 1.6266709208578143 0.8078237025503794
v -0.47666551860761286 0.7873226308770176 0.9462515227875584
v -0.2314857243296327 0.14099798551164566 1.087308253159177
v 0.017776594524578693 0.6827870454909963 1.1670184758242494
v 0.4986523939738562 1.4747109390400521 0.6184119570160537
v 0.38508010868656717 1.5748506066314314 0.7519927265888089
v 0.3315659819781348 1.461773503453939 0.7568432013013766
v -0.35673972107769647 0.38843382148082295 -2.3411321910922975
v -0.3736719603755193 0.1426603244000768 -2.22149480658373
v -0.41564876753586166 0.32406898461388667 -2.176929381101562
v 0.01621450689585613 1.6160166962595859 0.8942594678492778
v -0.17674346663314255 2.041168229148357 0.8500324131534983
v -0.15222823605235114 1.6114461194400136 0.8723932028373748
v -0.008265029001776558 2.058470679822881 0.8703794381176941
v -0.15222823605235114 1.6114461194400136 0.8723932028373748
v -0.3436018266637468 2.024589658982839 0.8293594954882318
v -0.40399016438635593 1.6084320014398235 0.7671324450685607
v -0.17674346663314255 2.041168229148357 0.8500324131534983
v -0.008265029001776558 2.058470679822881 0.8703794381176941
v -0.19804945250983064 2.3038844758615635 0.9262501724289052
v -0.017994322479868985 2.324073828354482 0.9538877030569
v 0.20590790284596072 1.6266709208578143 0.8078237025503794
v 0.1548035138859889 2.054535137956222 0.804506073489297
v 0.01621450689585613 1.6160166962595859 0.8942594678492778
v -0.008265029001776558 2.058470679822881 0.8703794381176941
v -0.32438545067737945 3.4629794921151187 0.13350913943131015
v -0.12309461305630975 3.5891047208070095 0.27985053703694396
v -0.12937257545219993 3.492800486034118 0.07768748101708
v -0.31835310240350334 3.5567720971983565 0.32148882580310323
v -0.008265029001776558 2.058470679822881 0.8703794381176941
v 0.1548035138859889 2.054535137956222 0.804506073489297
v 0.15820665161514613 2.318192393360092 0.8767653764693321
v -0.017994322479868985 2.324073828354482 0.9538877030569
v 0.20590790284596072 1.6266709208578143 0.8078237025503794
v 0.3186203069287522 2.0508870908464174 0.7375729040208097
v 0.411273507751714 1.6409170742827848 0.6601198730533223
v 0.07145457943595479 3.479000169763431 0.07911469590344311
v -0.12937257545219993 3.492800486034118 0.07768748101708
v -0.12309461305630975 3.5891047208070095 0.27985053703694396
v 0.07673867755483321 3.5725052800898145 0.2681541871153264
v -0.47666551860761286 0.7873226308770176 0.9462515227875584
v -0.5248983617175688 0.1775503922214854 0.7267911476613044
v -0.2314857243296327 0.14099798551164566 1.087308253159177
v -0.024738831122068428 2.602634143641816 1.0896684056482866
v -0.179211232455187 2.9887255416361462 1.2036339355477788
v -0.214761830660829 2.5990545988069864 1.0545008275292176
v -0.039361363615524114 3.002266860203096 1.2160767749019223
v 0.017776594524578693 0.6827870454909963 1.1670184758242494
v 0.10642817583855713 1.4405154738602188 1.0303018680385216
v -0.25363908222074383 1.432406740367594 0.9504895224358688
v -0.024738831122068428 2.602634143641816 1.0896684056482866
v 0.09787676294982217 2.9999769134516163 1.1657344240064362
v -0.039361363615524114 3.002266860203096 1.2160767749019223
v 0.15711732600165784 2.61442176252149 1.0030050354566318
v -0.7032022782383571 3.414618098274577 0.4510575131409655
v -0.545400510683539 3.4882164238157314 0.38750368353205056
v -0.531351149202325 3.4166914922523297 0.22140887517981683
v 0.017776594524578693 0.6827870454909963 1.1670184758242494
v -0.25363908222074383 1.432406740367594 0.9504895224358688
v -0.47666551860761286 0.7873226308770176 0.9462515227875584
v 0.2892069450868573 3.449470990098535 0.10821770415757637
v 0.3147415095940009 3.522708681811721 0.2694028649415161
v 0.48356956194664746 3.46239263646266 0.288933987397454
v -0.8272976669860815 3.200371675190166 0.5302445356287803
v -0.7621290350915996 3.2738409653568183 0.697816201151162
v -0.7997940592995297 3.3073070573514403 0.5020317189067987
v -0.8033440391796037 3.167054736372786 0.6697386796197707
v -0.4436547351782426 0.5039805940601918 -0.17692684665716346
v -0.7874854260299508 0.7441697671696887 -0.6127660557116855
v -0.33872106737766505 0.16879103812632046 -0.7852260461956333
v -0.9172152953902329 0.2042437714385792 -1.2906699181322083
v 0.5947319887938486 3.3634456789034775 0.3105867010177257
v 0.582917105516332 3.327838636721625 0.5125082427224567
v 0.6365005083301755 3.259138652387816 0.32844164521355035
v 0.6315761020741392 3.2250835710208556 0.4723380731710468
v -0.17674346663314255 2.041168229148357 0.8500324131534983
v -0.37816649955680154 2.2838051651792513 0.8985987779521766
v -0.3436018266637468 2.024589658982839 0.8293594954882318
v -0.19804945250983064 2.3038844758615635 0.9262501724289052
v -0.214761830660829 2.5990545988069864 1.0545008275292176
v -0.017994322479868985 2.324073828354482 0.9538877030569
v -0.024738831122068428 2.602634143641816 1.0896684056482866
v 0.1548035138859889 2.054535137956222 0.804506073489297
v 0.3186203069287522 2.0508870908464174 0.7375729040208097
v 0.33359745853815403 2.3121335054194536 0.8006889908731206
v 0.15820665161514613 2.318192393360092 0.8767653764693321
v 0.15711732600165784 2.61442176252149 1.0030050354566318
v -0.017994322479868985 2.324073828354482 0.9538877030569
v -0.024738831122068428 2.602634143641816 1.0896684056482866
v -0.37816649955680154 2.2838051651792513 0.8985987779521766
v -0.680465177992364 2.6000218475459445 0.7143018266893161
v -0.7682541964342883 2.4018491618222235 0.6402138379723553
v -0.214761830660829 2.5990545988069864 1.0545008275292176
v -0.31912301831185896 2.9752942648798033 1.1911772323449017
v -0.4032885866328474 2.5964190181023756 1.0189796290116089
v -0.179211232455187 2.9887255416361462 1.2036339355477788
v -0.5924570376296024 0.11815811043935831 -1.881120025494842
v -0.7744947539279692 0.10587291480943661 -1.9779884303925601
v -0.5456716867234953 0.22597518554054563 -2.0687523865979784
v -0.55107303495671 0.0971390290378189 -2.1408370127721956
v 0.15711732600165784 2.61442176252149 1.0030050354566318
v 0.23505297249815826 2.997797008510743 1.1153782092622158
v 0.09787676294982217 2.9999769134516163 1.1657344240064362
v 0.33891156610837425 2.62631942321177 0.9163278014162424
v 0.5755168723985099 2.650534783190247 0.5418065645709144
v 0.33359745853815403 2.3121335054194536 0.8006889908731206
v 0.6749418487157827 2.459582305998733 0.4419117123326288
v -0.4032885866328474 2.5964190181023756 1.0189796290116089
v -0.37816649955680154 2.2838051651792513 0.8985987779521766
v -0.19804945250983064 2.3038844758615635 0.9262501724289052
v -0.214761830660829 2.5990545988069864 1.0545008275292176
v 0.6168891374557687 0.29196731278892907 0.7242578060498698
v 0.5598742421559703 0.9617167129444584 0.7690551129145672
v 0.4421663610897074 0.7674213666283667 0.954796581440928
v 0.15820665161514613 2.318192393360092 0.8767653764693321
v 0.33891156610837425 2.62631942321177 0.9163278014162424
v 0.15711732600165784 2.61442176252149 1.0030050354566318
v 0.33359745853815403 2.3121335054194536 0.8006889908731206
v 0.7551336773457951 0.3314980845026798 -1.711515874962474
v 0.7284505065613737 0.20998117062726052 -1.7549885704975274
v 0.7421662207661496 0.2597556002546977 -1.863422719221231
v 0.8094011321418539 0.47945634302058404 -1.1565663863447795
v 0.7620742486125923 0.16979894735500678 -1.2406600474274465
v 0.7467598333316483 0.23347537936052198 -1.5990699766887118
v -0.3736719603755193 0.1426603244000768 -2.22149480658373
v -0.15640340456536184 0.13663347180846142 -2.2096829673167515
v -0.2913864121597133 0.21500405348822982 -2.152104646164515
v -0.25637065658449243 0.087626701953742 -2.438505428895948
v 0.6310166591955128 2.9483642235720087 -0.05962840639539835
v 0.45541936932139293 3.0066863735178266 -0.1927747642350589
v 0.42239451951351403 3.0593205237255114 -0.10351441973902553
v -0.6359109427356718 2.9092984683853778 -0.026708040340418432
v -0.7248392876445532 2.7971104121997246 0.16663825606922675
v -0.6172768287758816 2.8751587124923903 0.15212521526343123
v -0.7248392876445532 2.7971104121997246 0.16663825606922675
v -0.578238972904044 2.7730234817842705 0.2552774557848815
v -0.7525227584370642 2.821742482920727 -0.011166777505615552
v -0.6912694366357612 2.804124758011328 -0.1976200709929795
v -0.6053352181453368 2.8697990457810936 -0.20910091783694768
v -0.6912694366357612 2.804124758011328 -0.1976200709929795
v -0.5621987153846822 2.787360990610458 -0.2809802550965328
v 0.4743360717886096 0.1704392607985341 -0.3590201241862924
v 0.6570287841520479 0.7948550649953215 -0.33055277741882216
v 0.5804942552293745 0.2526862209057599 0.1281039192326613
v 0.6364234790569439 0.2158843700581503 -0.7803939380412477
v 0.411273507751714 1.6409170742827848 0.6601198730533223
v 0.5687630980456838 1.4902187706436223 0.353897841565571
v 0.5591919013798986 1.6567816032461382 0.44897072105942165
v 0.3183710610527367 0.17138086841469025 -1.888378799471293
v 0.423385743720742 0.33240760923624224 -1.9404936985172863
v 0.41206876890121813 0.19035894181444046 -1.7954185212529374
v 0.41823714158734415 0.1514500511474295 -1.95489755936911
v -0.0856486757893401 0.22124284596808685 -1.8052265806954493
v -0.08743415493912499 0.3796371789625068 -2.013431063978605
v 0.04983558045646597 0.1543874117099513 -1.9109757035565034
v -0.032427524899886984 0.16080192438977092 -2.0606159344567923
v 0.46276530085836265 2.8504448361213734 -0.3565941551368231
v 0.33167632580677503 2.8231550361989157 -0.4032348647318899
v 0.3714434231036895 2.9092170635857713 -0.3434816865028064
v 0.4171102263244759 2.95175203290271 -0.1714131705219507
v 0.5403655618446127 2.8731380378854747 -0.1890212981764614
v 0.5373032529058097 2.8474841113483116 -0.006543543328977108
v 0.42298469489533963 2.917053046191267 0.009922283725263048
v 0.5373032529058097 2.8474841113483116 -0.006543543328977108
v 0.4034568289566486 2.812526128204719 0.11939305460779814
v -0.4708763982256872 2.9095477104569785 0.13319634623650115
v -0.578238972904044 2.7730234817842705 0.2552774557848815
v -0.4593236965666199 2.815008320120251 0.23899681709214937
v -0.6172768287758816 2.8751587124923903 0.15212521526343123
v -0.578238972904044 2.7730234817842705 0.2552774557848815
v -0.4523171323320545 2.7021180472919695 0.27996286361718214
v -0.6359109427356718 2.9092984683853778 -0.026708040340418432
v -0.4708763982256872 2.9095477104569785 0.13319634623650115
v -0.46871764176063335 2.9463681450399273 -0.04855626433990495
v -0.6053352181453368 2.8697990457810936 -0.20910091783694768
v -0.48421613197696006 2.8983064980485556 -0.22581555997734715
v -0.4824643946488253 2.8157388987515892 -0.291961130257023
v -0.6053352181453368 2.8697990457810936 -0.20910091783694768
v -0.5621987153846822 2.787360990610458 -0.2809802550965328
v -0.4824643946488253 2.8157388987515892 -0.291961130257023
v -0.5064566129886434 2.754317146309743 -0.3022371385001005
v -0.4778679504374108 2.7631444076984053 -0.30631545796493576
v 0.24690564170594254 2.975043828192078 -0.14697919833376427
v 0.3714434231036895 2.9092170635857713 -0.3434816865028064
v 0.2474636231461939 2.927271134742437 -0.3261524431430822
v 0.4171102263244759 2.95175203290271 -0.1714131705219507
v 0.2733153342183543 2.9395117452117407 0.030301809032466487
v 0.42298469489533963 2.917053046191267 0.009922283725263048
v 0.2733153342183543 2.9395117452117407 0.030301809032466487
v 0.4034568289566486 2.812526128204719 0.11939305460779814
v 0.28393403467139466 2.845014985549978 0.13712049318200348
v 0.2931179296598089 2.731858216935246 0.17788542164456989
v 0.4034568289566486 2.812526128204719 0.11939305460779814
v 0.3714434231036895 2.9092170635857713 -0.3434816865028064
v 0.24703802972047995 2.844970031231922 -0.3920968953602917
v 0.33167632580677503 2.8231550361989157 -0.4032348647318899
v 0.2753893827579452 2.7858202697583154 -0.4097847498150276
v 0.24703802972047995 2.844970031231922 -0.3920968953602917
v 0.2457835688574539 2.791964567621422 -0.405695366544733
v -0.40399016438635593 1.6084320014398235 0.7671324450685607
v -0.5778606133847957 1.9450999704551504 0.5824245183257756
v -0.5701956295253898 1.6115125756373632 0.6039724850591597
v -0.3436018266637468 2.024589658982839 0.8293594954882318
v 0.3315659819781348 1.461773503453939 0.7568432013013766
v 0.5598742421559703 0.9617167129444584 0.7690551129145672
v 0.4986523939738562 1.4747109390400521 0.6184119570160537
v -0.6058539611952539 1.0331347821908126 0.6718111439303694
v -0.25363908222074383 1.432406740367594 0.9504895224358688
v -0.5324736874598084 1.4323241299690754 0.7752615485235251
v -0.47666551860761286 0.7873226308770176 0.9462515227875584
v 0.5591919013798986 1.6567816032461382 0.44897072105942165
v 0.5296814578064845 1.9895590301542714 0.43010642387011866
v 0.411273507751714 1.6409170742827848 0.6601198730533223
v 0.3186203069287522 2.0508870908464174 0.7375729040208097
v -0.6460369944501447 0.7607734805479499 0.39795096473898295
v -0.3004733431732002 0.04964248252222925 0.3607163521286709
v -0.5248983617175688 0.1775503922214854 0.7267911476613044
v -0.4436547351782426 0.5039805940601918 -0.17692684665716346
v -0.6460369944501447 0.7607734805479499 0.39795096473898295
v -0.47666551860761286 0.7873226308770176 0.9462515227875584
v -0.6058539611952539 1.0331347821908126 0.6718111439303694
v 0.7620742486125923 0.16979894735500678 -1.2406600474274465
v 0.8094011321418539 0.47945634302058404 -1.1565663863447795
v 0.6364234790569439 0.2158843700581503 -0.7803939380412477
v -0.7614899525151818 3.069082148208842 0.24286340854812885
v -0.5551143282379716 3.1229897736577827 0.05165111957128965
v -0.6448153755344113 3.0168617189330287 0.042834222308246545
v -0.8059218321530197 2.922195576422312 0.20996700282636319
v -0.6448153755344113 3.0168617189330287 0.042834222308246545
v -0.8327815161207441 2.889597246374359 0.14217448401983146
v -0.6818106463611553 2.960942743706367 -0.036774434103181375
v 0.5598742421559703 0.9617167129444584 0.7690551129145672
v 0.3315659819781348 1.461773503453939 0.7568432013013766
v 0.4421663610897074 0.7674213666283667 0.954796581440928
v -0.680465177992364 2.6000218475459445 0.7143018266893161
v -0.37816649955680154 2.2838051651792513 0.8985987779521766
v -0.4032885866328474 2.5964190181023756 1.0189796290116089
v -0.31912301831185896 2.9752942648798033 1.1911772323449017
v -0.5079194185568419 2.9497988117019722 1.0976160011609846
v -0.4032885866328474 2.5964190181023756 1.0189796290116089
v -0.7177066305567784 2.9681593224678164 0.851184527345961
v -0.5079194185568419 2.9497988117019722 1.0976160011609846
v -0.5778606133847957 1.9450999704551504 0.5824245183257756
v -0.710828040585069 2.2645958146978282 0.5652196290494814
v -0.7206052537699754 2.2346391288790386 0.46188811727680745
v -0.3436018266637468 2.024589658982839 0.8293594954882318
v -0.710828040585069 2.2645958146978282 0.5652196290494814
v -0.37816649955680154 2.2838051651792513 0.8985987779521766
v -0.7682541964342883 2.4018491618222235 0.6402138379723553
v -0.3436018266637468 2.024589658982839 0.8293594954882318
v 0.33359745853815403 2.3121335054194536 0.8006889908731206
v 0.5755168723985099 2.650534783190247 0.5418065645709144
v 0.33891156610837425 2.62631942321177 0.9163278014162424
v 0.41240865787524184 2.9870376628688864 0.9711047702266525
v 0.23505297249815826 2.997797008510743 1.1153782092622158
v 0.5885654944915503 3.0209906612455972 0.6715062647758354
v 0.33891156610837425 2.62631942321177 0.9163278014162424
v 0.41240865787524184 2.9870376628688864 0.9711047702266525
v 0.6749418487157827 2.459582305998733 0.4419117123326288
v 0.33359745853815403 2.3121335054194536 0.8006889908731206
v 0.6243221185257731 2.318165296025189 0.3811390825128495
v 0.3186203069287522 2.0508870908464174 0.7375729040208097
v 0.6243221185257731 2.318165296025189 0.3811390825128495
v 0.3186203069287522 2.0508870908464174 0.7375729040208097
v 0.5296814578064845 1.9895590301542714 0.43010642387011866
v 0.6252507972667106 2.2891832278066033 0.2773002071383876
v 0.1259111178587493 2.89953397514922 -0.3095348479438196
v 0.2474636231461939 2.927271134742437 -0.3261524431430822
v 0.24703802972047995 2.844970031231922 -0.3920968953602917
v 0.16319671554496384 2.816684947421268 -0.38065832867993316
v 0.2189388179410024 2.7836411031205524 -0.4019152120835011
v 0.24703802972047995 2.844970031231922 -0.3920968953602917
v 0.2457835688574539 2.791964567621422 -0.405695366544733
v 0.1259111178587493 2.89953397514922 -0.3095348479438196
v 0.24690564170594254 2.975043828192078 -0.14697919833376427
v 0.07871642250786787 2.9381268240230995 -0.12412662488912268
v 0.12019191440470256 2.904644363554195 0.051018611725490715
v 0.2733153342183543 2.9395117452117407 0.030301809032466487
v 0.16881616668858135 2.8034875319365526 0.15287412111119836
v 0.2733153342183543 2.9395117452117407 0.030301809032466487
v 0.28393403467139466 2.845014985549978 0.13712049318200348
v 0.16881616668858135 2.8034875319365526 0.15287412111119836
v 0.2931179296598089 2.731858216935246 0.17788542164456989
v 0.6836306169616101 0.36427876658031977 -1.9280446783138752
v 0.7421662207661496 0.2597556002546977 -1.863422719221231
v 0.6516555026344579 0.29243588698085876 -2.040084159329059
v -0.29745547864530714 2.9231826100708918 -0.07221473284287044
v -0.46871764176063335 2.9463681450399273 -0.04855626433990495
v -0.31454596530225415 2.8876774369400686 0.1110150234144699
v -0.4708763982256872 2.9095477104569785 0.13319634623650115
v -0.3598029129003967 2.879482134217645 -0.24304775639593423
v -0.48421613197696006 2.8983064980485556 -0.22581555997734715
v -0.3598029129003967 2.879482134217645 -0.24304775639593423
v -0.4824643946488253 2.8157388987515892 -0.291961130257023
v -0.3978880155795397 2.794033945529189 -0.303112963477355
v -0.4708763982256872 2.9095477104569785 0.13319634623650115
v -0.3378714963388089 2.7830621088474756 0.22277879434218417
v -0.4593236965666199 2.815008320120251 0.23899681709214937
v -0.4523171323320545 2.7021180472919695 0.27996286361718214
v -0.3378714963388089 2.7830621088474756 0.22277879434218417
v -0.45006796518871045 2.7566063547581123 -0.3101205400803608
v -0.4824643946488253 2.8157388987515892 -0.291961130257023
v -0.4778679504374108 2.7631444076984053 -0.30631545796493576
v -0.1268704118126721 0.3839891974786589 -1.8434962852656467
v -0.14699076871185113 0.5269220731649447 -1.79227093189879
v -0.08680383124172786 0.5375492313006666 -1.7718856974795707
v 0.42239451951351403 3.0593205237255114 -0.10351441973902553
v 0.45541936932139293 3.0066863735178266 -0.1927747642350589
v 0.3255420901449638 3.0598708395137297 -0.14842040712498328
v 0.2279414106214156 3.0601336605450933 -0.19226658967085059
v 0.13218238524913617 3.0224018509053403 -0.25844799926703227
v -0.11996443782825628 3.0366967179862536 -0.19434331996441723
v -0.3724517810584247 3.0019300156510242 -0.1887721717959803
v -0.46396866746235155 3.0325516585691767 -0.09679776252720806
v -0.6818106463611553 2.960942743706367 -0.036774434103181375
v -0.5552020602987622 3.0243447484965995 -0.026818823758945204
v -0.6448153755344113 3.0168617189330287 0.042834222308246545
v -0.25363908222074383 1.432406740367594 0.9504895224358688
v -0.40399016438635593 1.6084320014398235 0.7671324450685607
v -0.5324736874598084 1.4323241299690754 0.7752615485235251
v 0.10642817583855713 1.4405154738602188 1.0303018680385216
v -0.15222823605235114 1.6114461194400136 0.8723932028373748
v -0.25363908222074383 1.432406740367594 0.9504895224358688
v 0.01621450689585613 1.6160166962595859 0.8942594678492778
v -0.8327815161207441 2.889597246374359 0.14217448401983146
v -0.793676396146925 2.6543121183916707 0.2542385676010755
v -0.8059218321530197 2.922195576422312 0.20996700282636319
v 0.46276530085836265 2.8504448361213734 -0.3565941551368231
v 0.36916862377593207 2.76475182122083 -0.4092682195238606
v 0.33167632580677503 2.8231550361989157 -0.4032348647318899
v 0.502926296062273 2.766560023219097 -0.36265753356377944
v 0.46276530085836265 2.8504448361213734 -0.3565941551368231
v 0.5926478382460404 2.761016167569418 -0.19751879558510455
v 0.5403655618446127 2.8731380378854747 -0.1890212981764614
v 0.5373032529058097 2.8474841113483116 -0.006543543328977108
v 0.5811643015074149 2.7510658765077354 -0.013394545602139374
v 0.46232048362995914 2.7409943288549394 0.11155840512157134
v 0.5373032529058097 2.8474841113483116 -0.006543543328977108
v 0.4034568289566486 2.812526128204719 0.11939305460779814
v 0.2931179296598089 2.731858216935246 0.17788542164456989
v 0.46232048362995914 2.7409943288549394 0.11155840512157134
v 0.42239451951351403 3.0593205237255114 -0.10351441973902553
v 0.6083961789345372 2.979190578049242 0.016067161153142884
v 0.6310166591955128 2.9483642235720087 -0.05962840639539835
v 0.5531199934464835 3.121507754704456 0.0622974906357342
v 0.32481965503374677 3.158338411728665 -0.0689045228033921
v 0.5804942552293745 0.2526862209057599 0.1281039192326613
v 0.6036316926085693 0.8925657183061642 0.48796056050505965
v 0.6168891374557687 0.29196731278892907 0.7242578060498698
v 0.4640210212723087 0.014515995154169792 0.509408787755435
v 0.4421663610897074 0.7674213666283667 0.954796581440928
v 0.3315659819781348 1.461773503453939 0.7568432013013766
v 0.10642817583855713 1.4405154738602188 1.0303018680385216
v -0.7588181767196035 3.2637978421527443 0.29257231934018296
v -0.531351149202325 3.4166914922523297 0.22140887517981683
v -0.5554719068894821 3.313918027383173 0.14651007222428075
v 0.6305995134547314 2.71162526824544 0.05912517788451577
v 0.6310166591955128 2.9483642235720087 -0.05962840639539835
v 0.6083961789345372 2.979190578049242 0.016067161153142884
v 0.5359998062478831 3.3153670685734666 0.11446122521193525
v 0.31456609488514675 3.348838475416609 0.027181841741672597
v 0.2892069450868573 3.449470990098535 0.10821770415757637
v -0.15640340456536184 0.13663347180846142 -2.2096829673167515
v -0.13535732374438625 0.3672759382308748 -2.222225398912619
v -0.2913864121597133 0.21500405348822982 -2.152104646164515
v -0.16333502960098312 0.18766790666186184 -1.9808103606331984
v 0.11962597564064803 0.3098601234860312 -2.414316489710528
v 0.1308698673338099 0.11289247376280453 -2.3531806883573085
v 0.09579393774138956 0.2299738505278579 -2.4578116337357905
v 0.15218504925901566 0.28360516954662063 -2.2734952726398885
v -0.7090252703185334 2.5931664944469635 0.1624650931683032
v -0.6284168657497458 2.697111717454404 0.26090274556526194
v -0.7589646784888503 2.6971528337587 0.17040978031534149
v -0.5675351522965116 2.6124326574679246 0.2525925010851663
v -0.4523171323320545 2.7021180472919695 0.27996286361718214
v -0.6284168657497458 2.697111717454404 0.26090274556526194
v -0.578238972904044 2.7730234817842705 0.2552774557848815
v -0.7248392876445532 2.7971104121997246 0.16663825606922675
v -0.6284168657497458 2.697111717454404 0.26090274556526194
v -0.7589646784888503 2.6971528337587 0.17040978031534149
v -0.7909246498534556 2.70541199637516 -0.006525685902883924
v -0.7248392876445532 2.7971104121997246 0.16663825606922675
v -0.7525227584370642 2.821742482920727 -0.011166777505615552
v -0.6912694366357612 2.804124758011328 -0.1976200709929795
v -0.7194465674487032 2.7175689587884753 -0.19434379018766795
v -0.6912694366357612 2.804124758011328 -0.1976200709929795
v -0.5949122891011775 2.726003076045215 -0.27740351335010005
v -0.5621987153846822 2.787360990610458 -0.2809802550965328
v -0.32438545067737945 3.4629794921151187 0.13350913943131015
v -0.12903096913491596 3.3600629117314753 -0.03471884634235012
v -0.3337146746316339 3.346037320381351 0.030222340127403047
v -0.12903096913491596 3.3600629117314753 -0.03471884634235012
v 0.07145457943595479 3.479000169763431 0.07911469590344311
v 0.08191731847587885 3.3629143781045556 -0.02662692718461135
v 0.17905982178802615 0.5610321374004588 -1.6427857618402975
v 0.17763356283378606 0.43477396448594585 -1.6947037541088927
v 0.11535091424525745 0.5553335620213493 -1.6793153209153773
v -0.8264500500932749 2.8607818038923303 0.49037037793702043
v -0.77336356355856 2.6111505160987827 0.57509240616125
v -0.8385319285850975 3.0283260220204617 0.5322884449288651
v -0.4556883446043736 3.424322471287452 0.6051162981046635
v -0.42155171135905223 3.58649686726479 0.6482197644195101
v -0.46260973443191067 3.4358044262620124 0.5816853228986185
v -0.41463032153151513 3.5750149122902286 0.6716507396255552
v 0.3315659819781348 1.461773503453939 0.7568432013013766
v 0.20590790284596072 1.6266709208578143 0.8078237025503794
v 0.10642817583855713 1.4405154738602188 1.0303018680385216
v -0.46396866746235155 3.0325516585691767 -0.09679776252720806
v -0.45900497216718855 3.1173104166235595 -0.015320051353952202
v -0.3628956160964049 3.1116310595893357 -0.08229122227919389
v -0.5552020602987622 3.0243447484965995 -0.026818823758945204
v -0.8272976669860815 3.200371675190166 0.5302445356287803
v -0.7997940592995297 3.3073070573514403 0.5020317189067987
v -0.7588181767196035 3.2637978421527443 0.29257231934018296
v -0.40399016438635593 1.6084320014398235 0.7671324450685607
v -0.25363908222074383 1.432406740367594 0.9504895224358688
v -0.15222823605235114 1.6114461194400136 0.8723932028373748
v -0.6460369944501447 0.7607734805479499 0.39795096473898295
v -0.5248983617175688 0.1775503922214854 0.7267911476613044
v -0.47666551860761286 0.7873226308770176 0.9462515227875584
v 0.6570287841520479 0.7948550649953215 -0.33055277741882216
v 0.6194021749890729 0.9783010617259961 0.16581173192652138
v 0.5804942552293745 0.2526862209057599 0.1281039192326613
v 0.2279414106214156 3.0601336605450933 -0.19226658967085059
v 0.1220085042339869 3.131136472958153 -0.14949836211736478
v 0.2230091244194896 3.1444642285620295 -0.10956146660552146
v 0.3255420901449638 3.0598708395137297 -0.14842040712498328
v 0.7467598333316483 0.23347537936052198 -1.5990699766887118
v 0.7240479156914803 0.5092132944358035 -1.5086498879357078
v 0.8094011321418539 0.47945634302058404 -1.1565663863447795
v -0.9348547127988983 0.40047201290360257 -2.246207512911823
v -0.8927836413298711 0.3970874964651583 -2.4423429182253993
v -0.9576685254943317 0.20480468347866565 -2.4136922378013956
v 0.6662878195592524 2.9205458564454636 0.28594505668566017
v 0.6648501727195167 3.088805759367895 0.3255759069453409
v 0.6509123460430962 2.668463665952552 0.37997901644468984
v 0.5359998062478831 3.3153670685734666 0.11446122521193525
v 0.5947319887938486 3.3634456789034775 0.3105867010177257
v 0.6365005083301755 3.259138652387816 0.32844164521355035
v -0.12903096913491596 3.3600629117314753 -0.03471884634235012
v -0.32438545067737945 3.4629794921151187 0.13350913943131015
v -0.12937257545219993 3.492800486034118 0.07768748101708
v 0.07145457943595479 3.479000169763431 0.07911469590344311
v -0.12903096913491596 3.3600629117314753 -0.03471884634235012
v -0.12937257545219993 3.492800486034118 0.07768748101708
v 0.5687630980456838 1.4902187706436223 0.353897841565571
v 0.411273507751714 1.6409170742827848 0.6601198730533223
v 0.38508010868656717 1.5748506066314314 0.7519927265888089
v 0.6194021749890729 0.9783010617259961 0.16581173192652138
v 0.6036316926085693 0.8925657183061642 0.48796056050505965
v 0.5804942552293745 0.2526862209057599 0.1281039192326613
v 0.13218238524913617 3.0224018509053403 -0.25844799926703227
v -0.1209309145615291 2.9893414178911026 -0.24119338287118552
v -0.11996443782825628 3.0366967179862536 -0.19434331996441723
v -0.1209309145615291 2.9893414178911026 -0.24119338287118552
v -0.3724517810584247 3.0019300156510242 -0.1887721717959803
v -0.11996443782825628 3.0366967179862536 -0.19434331996441723
v -0.7206052537699754 2.2346391288790386 0.46188811727680745
v -0.6754753569044037 1.96682068994441 0.2911454215884709
v -0.5778606133847957 1.9450999704551504 0.5824245183257756
v 0.2060034001135027 3.6115351422108652 0.5616051772907996
v 0.26099277410224886 3.4527354401434254 0.5057028785143833
v 0.25400946725770224 3.464327436928593 0.48225803945960455
v 0.21298670695804944 3.599943145425698 0.5850500163455785
v 0.582302688935365 1.3959350100761578 0.3795326177557132
v 0.5687630980456838 1.4902187706436223 0.353897841565571
v 0.38508010868656717 1.5748506066314314 0.7519927265888089
v 0.5904645920005692 2.017651773815552 0.11743661142672945
v 0.6252507972667106 2.2891832278066033 0.2773002071383876
v 0.5296814578064845 1.9895590301542714 0.43010642387011866
v -0.9765108456998823 0.7614341893361486 -1.3563225273501742
v -0.9172152953902329 0.2042437714385792 -1.2906699181322083
v -0.7874854260299508 0.7441697671696887 -0.6127660557116855
v -0.793676396146925 2.6543121183916707 0.2542385676010755
v -0.7954578393511692 2.4596337843208476 0.5267214984570345
v -0.77336356355856 2.6111505160987827 0.57509240616125
v -0.7640196731488659 2.5228262923065072 0.22451394539968186
v -0.8264500500932749 2.8607818038923303 0.49037037793702043
v -0.793676396146925 2.6543121183916707 0.2542385676010755
v -0.8059218321530197 2.922195576422312 0.20996700282636319
v -0.8264500500932749 2.8607818038923303 0.49037037793702043
v -0.7614899525151818 3.069082148208842 0.24286340854812885
v -0.5701956295253898 1.6115125756373632 0.6039724850591597
v -0.5324736874598084 1.4323241299690754 0.7752615485235251
v -0.40399016438635593 1.6084320014398235 0.7671324450685607
v -0.5552020602987622 3.0243447484965995 -0.026818823758945204
v -0.5551143282379716 3.1229897736577827 0.05165111957128965
v -0.45900497216718855 3.1173104166235595 -0.015320051353952202
v -0.6448153755344113 3.0168617189330287 0.042834222308246545
v 0.15218504925901566 0.28360516954662063 -2.2734952726398885
v 0.04738009838026358 0.11917670214956155 -2.0922009824900814
v 0.1308698673338099 0.11289247376280453 -2.3531806883573085
v 0.12334680777040508 0.18919741368902399 -2.0712202924779004
v 0.41818084572127145 0.22580594918980168 -1.6798566988159158
v 0.41206876890121813 0.19035894181444046 -1.7954185212529374
v 0.42949417672252566 0.34960041731548674 -1.7149268895979035
v -0.3828843208870665 3.3229403472378762 0.9172473290157704
v -0.3620772505379237 3.4554123057554977 0.952878820051286
v -0.38545130595015875 3.334258285256045 0.8951801069664348
v -0.35621318246392675 3.443455115844094 0.9737683022904681
v -0.8385319285850975 3.0283260220204617 0.5322884449288651
v -0.77336356355856 2.6111505160987827 0.57509240616125
v -0.82720742938839 3.0055183268203667 0.6207328349170732
v -0.10266109180400124 2.6607978879156846 -0.23744711650813677
v -0.11247945295347414 2.6402901503015777 -0.4215483644659389
v -0.20136648681849442 2.630676473865425 -0.4186036595311343
v -0.17721216748915744 2.6421861732495193 -0.2151592097471021
v -0.1837370671347497 2.6222932312410796 -0.5650423172169141
v -0.20136648681849442 2.630676473865425 -0.4186036595311343
v -0.11974017546222829 2.6336419701355385 -0.561764349864161
v -0.11247945295347414 2.6402901503015777 -0.4215483644659389
v -0.02317664611062259 2.6379048781123373 -0.44244919902136604
v -0.05502713391232497 2.6273806853007624 -0.5827507972467783
v 0.42949417672252566 0.34960041731548674 -1.7149268895979035
v 0.41206876890121813 0.19035894181444046 -1.7954185212529374
v 0.423385743720742 0.33240760923624224 -1.9404936985172863
v -0.11247945295347414 2.6402901503015777 -0.4215483644659389
v -0.10266109180400124 2.6607978879156846 -0.23744711650813677
v -0.02317664611062259 2.6379048781123373 -0.44244919902136604
v -0.024603277832895287 2.6480371830536176 -0.23578020508098135
v 0.3255420901449638 3.0598708395137297 -0.14842040712498328
v 0.2230091244194896 3.1444642285620295 -0.10956146660552146
v 0.32481965503374677 3.158338411728665 -0.0689045228033921
v 0.42239451951351403 3.0593205237255114 -0.10351441973902553
v 0.04983558045646597 0.1543874117099513 -1.9109757035565034
v 0.1478386602695505 0.40290761033189004 -1.919315330844901
v 0.11441868291798574 0.24464079076969703 -1.7309340023160318
v 0.12334680777040508 0.18919741368902399 -2.0712202924779004
v 0.6036316926085693 0.8925657183061642 0.48796056050505965
v 0.5598742421559703 0.9617167129444584 0.7690551129145672
v 0.6168891374557687 0.29196731278892907 0.7242578060498698
v -0.5324736874598084 1.4323241299690754 0.7752615485235251
v -0.5701956295253898 1.6115125756373632 0.6039724850591597
v -0.6212636698935707 1.4491289386320245 0.39391295751202937
v 0.5531199934464835 3.121507754704456 0.0622974906357342
v 0.6662878195592524 2.9205458564454636 0.28594505668566017
v 0.6083961789345372 2.979190578049242 0.016067161153142884
v 0.6305995134547314 2.71162526824544 0.05912517788451577
v 0.6662878195592524 2.9205458564454636 0.28594505668566017
v 0.6509123460430962 2.668463665952552 0.37997901644468984
v 0.6305995134547314 2.71162526824544 0.05912517788451577
v 0.6832151383476002 2.519172512977618 0.32396741676888224
v 0.6107144119503338 2.5781085337836522 0.03552375129475582
v 0.6509123460430962 2.668463665952552 0.37997901644468984
v -0.5955688678900477 1.8524448343211595 0.2798808870316923
v -0.5778606133847957 1.9450999704551504 0.5824245183257756
v -0.6754753569044037 1.96682068994441 0.2911454215884709
v 0.7788524650354771 2.479632505775995 0.44074263510609707
v 0.7458809141093982 2.510551792485126 0.3725368645131857
v 0.6749418487157827 2.459582305998733 0.4419117123326288
v 0.6648501727195167 3.088805759367895 0.3255759069453409
v 0.6662786904191353 3.0655698741303548 0.4152477088256229
v 0.6509123460430962 2.668463665952552 0.37997901644468984
v -0.10020441810717429 0.2819732227254357 -2.278859448972991
v -0.09537622874922114 0.31054908777982826 -2.3959868325317815
v -0.06729287585993882 0.2144311968620607 -2.4405530817138117
v 0.7421662207661496 0.2597556002546977 -1.863422719221231
v 0.6836306169616101 0.36427876658031977 -1.9280446783138752
v 0.7165014629585419 0.4061549897287535 -1.7901803187075305
v -0.9576685254943317 0.20480468347866565 -2.4136922378013956
v -0.9589874042939944 0.08243255560455087 -2.0779500821632206
v -0.9348547127988983 0.40047201290360257 -2.246207512911823
v -0.8515440982976968 2.4462437579955125 0.591785878187862
v -0.8729696154687311 2.4130988924833803 0.667632340752366
v -0.7682541964342883 2.4018491618222235 0.6402138379723553
v 0.582302688935365 1.3959350100761578 0.3795326177557132
v 0.38508010868656717 1.5748506066314314 0.7519927265888089
v 0.4986523939738562 1.4747109390400521 0.6184119570160537
v 0.6036316926085693 0.8925657183061642 0.48796056050505965
v 0.5219311018153318 1.8972220422471204 0.1263492445326958
v 0.5904645920005692 2.017651773815552 0.11743661142672945
v 0.5296814578064845 1.9895590301542714 0.43010642387011866
v -0.6754753569044037 1.96682068994441 0.2911454215884709
v -0.7206052537699754 2.2346391288790386 0.46188811727680745
v -0.724179426558609 2.179981324714229 0.2046222844668217
v 0.01642686389064174 2.827053447984084 0.0650046417677489
v 0.16881616668858135 2.8034875319365526 0.15287412111119836
v 0.12019191440470256 2.904644363554195 0.051018611725490715
v 0.07871642250786787 2.9381268240230995 -0.12412662488912268
v -0.042564628993899234 2.849677068083742 -0.10879226342980192
v 0.03817107071653414 2.8334659323022677 -0.29776969994498215
v 0.1259111178587493 2.89953397514922 -0.3095348479438196
v 0.16319671554496384 2.816684947421268 -0.38065832867993316
v 0.03817107071653414 2.8334659323022677 -0.29776969994498215
v 0.6194021749890729 0.9783010617259961 0.16581173192652138
v 0.582302688935365 1.3959350100761578 0.3795326177557132
v 0.6036316926085693 0.8925657183061642 0.48796056050505965
v 0.10642817583855713 1.4405154738602188 1.0303018680385216
v 0.20590790284596072 1.6266709208578143 0.8078237025503794
v 0.01621450689585613 1.6160166962595859 0.8942594678492778
v -0.29745547864530714 2.9231826100708918 -0.07221473284287044
v -0.2658652960651783 2.821650089393192 -0.255724477894535
v -0.3598029129003967 2.879482134217645 -0.24304775639593423
v -0.2658652960651783 2.821650089393192 -0.255724477894535
v -0.3978880155795397 2.794033945529189 -0.303112963477355
v -0.16548557415889326 2.845110628391983 -0.09185350377214307
v -0.20315298820063116 2.81808750312671 0.0958101192627861
v -0.31454596530225415 2.8876774369400686 0.1110150234144699
v -0.3378714963388089 2.7830621088474756 0.22277879434218417
v 0.6252507972667106 2.2891832278066033 0.2773002071383876
v 0.5904645920005692 2.017651773815552 0.11743661142672945
v 0.6060535719405667 2.233466177425819 0.02204537044141447
v -0.7478196947445991 2.266156889098657 0.43789524563229576
v -0.7640196731488659 2.5228262923065072 0.22451394539968186
v -0.724179426558609 2.179981324714229 0.2046222844668217
v -0.5324736874598084 1.4323241299690754 0.7752615485235251
v -0.6212636698935707 1.4491289386320245 0.39391295751202937
v -0.6058539611952539 1.0331347821908126 0.6718111439303694
v 0.7165014629585419 0.4061549897287535 -1.7901803187075305
v 0.7551336773457951 0.3314980845026798 -1.711515874962474
v 0.7421662207661496 0.2597556002546977 -1.863422719221231
v -0.6707547230902635 1.9604768285080134 0.10449055921763596
v -0.609985865433835 1.917721746209361 0.15245752590359948
v -0.659808754308153 1.981068006175414 0.19111194406798443
v -0.6239905881606281 1.9433890467452153 0.08122341774766083
v -0.7048440192089276 2.088150673140804 0.14004805605155984
v -0.6795895168439029 1.9967530503321809 0.06644170681009617
v 0.6060535719405667 2.233466177425819 0.02204537044141447
v 0.6107144119503338 2.5781085337836522 0.03552375129475582
v 0.6467063533487792 2.322295510650694 0.24645022774322273
v 0.7458809141093982 2.510551792485126 0.3725368645131857
v 0.6832151383476002 2.519172512977618 0.32396741676888224
v 0.6749418487157827 2.459582305998733 0.4419117123326288
v -0.1837370671347497 2.6222932312410796 -0.5650423172169141
v -0.16504219389770608 2.5975021441431716 -0.6102167839114724
v -0.24421135185235768 2.5332758026675246 -0.5685756653039041
v -0.7954578393511692 2.4596337843208476 0.5267214984570345
v -0.8515440982976968 2.4462437579955125 0.591785878187862
v -0.7682541964342883 2.4018491618222235 0.6402138379723553
v 0.5654972813234415 2.010023342266817 -0.06553601526788477
v 0.5899739637585592 2.1397198995615265 -0.038063038076687594
v 0.562749860253852 2.0297289451742166 0.02283979223807453
v 0.5665584690668914 2.0467277541284306 -0.10481227956749817
v 0.5154804230828236 1.962753472716794 -0.0020449550300687402
v 0.5190284155793505 1.9896536909245974 -0.07554663275642187
v -0.7614899525151818 3.069082148208842 0.24286340854812885
v -0.8385319285850975 3.0283260220204617 0.5322884449288651
v -0.7632140381357674 3.1276064953268645 0.2658525324264517
v -0.8264500500932749 2.8607818038923303 0.49037037793702043
v -0.8515440982976968 2.4462437579955125 0.591785878187862
v -0.8860493675266973 2.3263462854048584 0.7031733982855478
v -0.8729696154687311 2.4130988924833803 0.667632340752366
v 0.7240479156914803 0.5092132944358035 -1.5086498879357078
v 0.7467598333316483 0.23347537936052198 -1.5990699766887118
v 0.7551336773457951 0.3314980845026798 -1.711515874962474
v -0.06729287585993882 0.2144311968620607 -2.4405530817138117
v -0.06544311217058307 0.09690779252190995 -2.3411737336769973
v -0.10020441810717429 0.2819732227254357 -2.278859448972991
v 0.4986523939738562 1.4747109390400521 0.6184119570160537
v 0.5598742421559703 0.9617167129444584 0.7690551129145672
v 0.6036316926085693 0.8925657183061642 0.48796056050505965
v 0.013084680558472367 2.5436707944081025 -0.6040203530611
v -0.07597810368064872 2.6009868798636764 -0.6230294802217764
v -0.05502713391232497 2.6273806853007624 -0.5827507972467783
v 0.21326253665230366 0.3709787623104672 -2.0750508140643853
v 0.22120112212990584 0.16557565412258102 -1.948561656867546
v 0.19148634068419046 0.3125188008569124 -1.953004696760439
v -0.5778606133847957 1.9450999704551504 0.5824245183257756
v -0.5813308523591761 1.6223749578012197 0.37913504454777247
v -0.5701956295253898 1.6115125756373632 0.6039724850591597
v -0.5955688678900477 1.8524448343211595 0.2798808870316923
v 0.411273507751714 1.6409170742827848 0.6601198730533223
v 0.20590790284596072 1.6266709208578143 0.8078237025503794
v 0.38508010868656717 1.5748506066314314 0.7519927265888089
v -0.4436547351782426 0.5039805940601918 -0.17692684665716346
v -0.527071213279404 1.4771117334694452 -0.08513174287191529
v -0.7874854260299508 0.7441697671696887 -0.6127660557116855
v 0.6662878195592524 2.9205458564454636 0.28594505668566017
v 0.5531199934464835 3.121507754704456 0.0622974906357342
v 0.6648501727195167 3.088805759367895 0.3255759069453409
v 0.5521439012376427 3.1806885711958426 0.08599279895560852
v 0.7788524650354771 2.479632505775995 0.44074263510609707
v 0.8045467285371141 2.3940462312844994 0.470653996780699
v 0.7458809141093982 2.510551792485126 0.3725368645131857
v -0.2265642589754704 2.583170260590174 -0.25601594766163355
v -0.42521503609975375 2.5027579779237303 -0.1781669137713353
v -0.48860137330536424 2.6777323368386887 0.1960816600613759
v -0.7640196731488659 2.5228262923065072 0.22451394539968186
v -0.7478196947445991 2.266156889098657 0.43789524563229576
v -0.7954578393511692 2.4596337843208476 0.5267214984570345
v 0.5219311018153318 1.8972220422471204 0.1263492445326958
v 0.5296814578064845 1.9895590301542714 0.43010642387011866
v 0.5437639340554244 1.6680669351722903 0.22454938052170118
v 0.5591919013798986 1.6567816032461382 0.44897072105942165
v 0.5055921780109672 0.32771113485115944 -1.7920935024906282
v 0.6439216940379817 0.21301281023223195 -1.7072167331331158
v 0.5015691517762789 0.25557195546995626 -1.6612239601380923
v 0.5326474629868707 0.19042855400561898 -1.773578875583409
v 0.22768532562434385 0.20861195021561163 -1.8023550152934624
v 0.19148634068419046 0.3125188008569124 -1.953004696760439
v 0.3183710610527367 0.17138086841469025 -1.888378799471293
v 0.22120112212990584 0.16557565412258102 -1.948561656867546
v -0.5547557521227162 3.1944364590639376 0.08294827507507713
v -0.531351149202325 3.4166914922523297 0.22140887517981683
v -0.5554719068894821 3.313918027383173 0.14651007222428075
v -0.432281890129525 3.5224055340339198 0.35501922516325507
v -0.545400510683539 3.4882164238157314 0.38750368353205056
v -0.45900497216718855 3.1173104166235595 -0.015320051353952202
v -0.5551143282379716 3.1229897736577827 0.05165111957128965
v -0.4483817292080121 3.213465660071339 0.02659479842730289
v -0.3628956160964049 3.1116310595893357 -0.08229122227919389
v -0.34125945613830966 3.2327823558355955 -0.030818483060561452
v -0.44456246062367977 3.3301071402852136 0.08925613274102973
v -0.42783734143134733 3.439780471278421 0.17746593922993043
v -0.31835310240350334 3.5567720971983565 0.32148882580310323
v -0.32438545067737945 3.4629794921151187 0.13350913943131015
v -0.3337146746316339 3.346037320381351 0.030222340127403047
v -0.12642634163907607 3.247666017231851 -0.10168977561563314
v -0.12903096913491596 3.3600629117314753 -0.03471884634235012
v 0.08191731847587885 3.3629143781045556 -0.02662692718461135
v 0.09335458953462761 3.2499693660709346 -0.09084262244700814
v 0.19786770997464065 3.3555481920739 -0.00007563494224516187
v 0.20680783003598163 3.2398349172949916 -0.06347317861769408
v 0.1220085042339869 3.131136472958153 -0.14949836211736478
v 0.2230091244194896 3.1444642285620295 -0.10956146660552146
v 0.31456609488514675 3.348838475416609 0.027181841741672597
v 0.32026107053733605 3.2297004685190482 -0.03610373478837969
v 0.32481965503374677 3.158338411728665 -0.0689045228033921
v 0.5521439012376427 3.1806885711958426 0.08599279895560852
v 0.6365005083301755 3.259138652387816 0.32844164521355035
v 0.6648501727195167 3.088805759367895 0.3255759069453409
v 0.6662786904191353 3.0655698741303548 0.4152477088256229
v 0.5755168723985099 2.650534783190247 0.5418065645709144
v 0.6509123460430962 2.668463665952552 0.37997901644468984
v 0.6749418487157827 2.459582305998733 0.4419117123326288
v 0.6832151383476002 2.519172512977618 0.32396741676888224
v 0.18073571747578326 3.464508793712362 0.09402622417565254
v 0.07145457943595479 3.479000169763431 0.07911469590344311
v 0.07673867755483321 3.5725052800898145 0.2681541871153264
v 0.19533513836003946 3.547333767169389 0.2684185018832782
v 0.3147415095940009 3.522708681811721 0.2694028649415161
v -0.2265642589754704 2.583170260590174 -0.25601594766163355
v -0.48860137330536424 2.6777323368386887 0.1960816600613759
v -0.17721216748915744 2.6421861732495193 -0.2151592097471021
v -0.659808754308153 1.981068006175414 0.19111194406798443
v -0.6754753569044037 1.96682068994441 0.2911454215884709
v -0.7048440192089276 2.088150673140804 0.14004805605155984
v -0.724179426558609 2.179981324714229 0.2046222844668217
v -0.6754753569044037 1.96682068994441 0.2911454215884709
v -0.609985865433835 1.917721746209361 0.15245752590359948
v -0.5955688678900477 1.8524448343211595 0.2798808870316923
v -0.7206052537699754 2.2346391288790386 0.46188811727680745
v -0.7478196947445991 2.266156889098657 0.43789524563229576
v -0.724179426558609 2.179981324714229 0.2046222844668217
v -0.6460369944501447 0.7607734805479499 0.39795096473898295
v -0.6212636698935707 1.4491289386320245 0.39391295751202937
v -0.591057781018841 1.4588272041790653 0.21960665779934077
v -0.6058539611952539 1.0331347821908126 0.6718111439303694
v -0.16504219389770608 2.5975021441431716 -0.6102167839114724
v -0.11974017546222829 2.6336419701355385 -0.561764349864161
v -0.12132977717965714 2.604816116665981 -0.6240207856625046
v -0.1837370671347497 2.6222932312410796 -0.5650423172169141
v -0.11972057415084605 2.5519416938364907 -0.6388940435982362
v -0.16504219389770608 2.5975021441431716 -0.6102167839114724
v -0.1747837692327373 2.5359755901658696 -0.6221224401715564
v -0.11972057415084605 2.5519416938364907 -0.6388940435982362
v -0.1451087532594444 2.48661365387179 -0.6262241268293021
v -0.11568869040998211 2.4807994814405028 -0.6303551016457981
v -0.11228659955729671 2.4586619537855734 -0.5989707702831678
v -0.1451087532594444 2.48661365387179 -0.6262241268293021
v -0.1799758769015337 2.4671213505792835 -0.5844875737414467
v 0.23700709749274562 2.5290554097873086 -0.2699535052387572
v 0.025004702394938738 2.592934196152222 -0.29067705119789017
v 0.32212239976048535 2.7103425774533516 0.08589775406158495
v -0.024603277832895287 2.6480371830536176 -0.23578020508098135
v -0.42521503609975375 2.5027579779237303 -0.1781669137713353
v -0.40379464148383915 2.4622926892622674 -0.2656549321377567
v -0.6311045126958856 2.3828014035215466 -0.047846618818722236
v -0.16504219389770608 2.5975021441431716 -0.6102167839114724
v -0.1747837692327373 2.5359755901658696 -0.6221224401715564
v -0.24421135185235768 2.5332758026675246 -0.5685756653039041
v -0.42521503609975375 2.5027579779237303 -0.1781669137713353
v -0.6890666885719693 2.506226240175201 0.02801610110524265
v -0.48860137330536424 2.6777323368386887 0.1960816600613759
v -0.12132977717965714 2.604816116665981 -0.6240207856625046
v -0.07597810368064872 2.6009868798636764 -0.6230294802217764
v -0.11972057415084605 2.5519416938364907 -0.6388940435982362
v -0.060886978119068444 2.5405502255723347 -0.6370998757981222
v -0.11974017546222829 2.6336419701355385 -0.561764349864161
v -0.07597810368064872 2.6009868798636764 -0.6230294802217764
v -0.05502713391232497 2.6273806853007624 -0.5827507972467783
v -0.08573286427690799 2.4891827940964664 -0.6335885981817433
v -0.11972057415084605 2.5519416938364907 -0.6388940435982362
v -0.11568869040998211 2.4807994814405028 -0.6303551016457981
v -0.08573286427690799 2.4891827940964664 -0.6335885981817433
v -0.11228659955729671 2.4586619537855734 -0.5989707702831678
v -0.04560078965569818 2.472949902628102 -0.6029935018409837
v 0.5437639340554244 1.6680669351722903 0.22454938052170118
v 0.5591919013798986 1.6567816032461382 0.44897072105942165
v 0.5687630980456838 1.4902187706436223 0.353897841565571
v -0.10020441810717429 0.2819732227254357 -2.278859448972991
v 0.04738009838026358 0.11917670214956155 -2.0922009824900814
v -0.032427524899886984 0.16080192438977092 -2.0606159344567923
v -0.06544311217058307 0.09690779252190995 -2.3411737336769973
v 0.6194021749890729 0.9783010617259961 0.16581173192652138
v 0.5687630980456838 1.4902187706436223 0.353897841565571
v 0.582302688935365 1.3959350100761578 0.3795326177557132
v 0.517435454333458 2.554598225632273 -0.13834210155279136
v 0.23700709749274562 2.5290554097873086 -0.2699535052387572
v 0.32212239976048535 2.7103425774533516 0.08589775406158495
v 0.6832151383476002 2.519172512977618 0.32396741676888224
v 0.6467063533487792 2.322295510650694 0.24645022774322273
v 0.6107144119503338 2.5781085337836522 0.03552375129475582
v -0.40379464148383915 2.4622926892622674 -0.2656549321377567
v -0.2556079564421804 2.5395498682717177 -0.2700276680620846
v -0.218172912119308 2.477153097848107 -0.3854798712907949
v -0.42521503609975375 2.5027579779237303 -0.1781669137713353
v 0.23700709749274562 2.5290554097873086 -0.2699535052387572
v 0.46579332684330765 2.426544778426367 -0.19787749654221504
v 0.20969557803495786 2.48710564031198 -0.3505982797032594
v -0.060886978119068444 2.5405502255723347 -0.6370998757981222
v -0.07597810368064872 2.6009868798636764 -0.6230294802217764
v 0.013084680558472367 2.5436707944081025 -0.6040203530611
v 0.6252507972667106 2.2891832278066033 0.2773002071383876
v 0.6060535719405667 2.233466177425819 0.02204537044141447
v 0.6467063533487792 2.322295510650694 0.24645022774322273
v 0.23700709749274562 2.5290554097873086 -0.2699535052387572
v 0.20969557803495786 2.48710564031198 -0.3505982797032594
v 0.05614706108277234 2.5520603970046905 -0.3130991839421388
v 0.013604086256922554 2.4860606533352634 -0.41768615104290435
v 0.5904645920005692 2.017651773815552 0.11743661142672945
v 0.5154804230828236 1.962753472716794 -0.0020449550300687402
v 0.562749860253852 2.0297289451742166 0.02283979223807453
v 0.5219311018153318 1.8972220422471204 0.1263492445326958
v 0.5904645920005692 2.017651773815552 0.11743661142672945
v 0.5899739637585592 2.1397198995615265 -0.038063038076687594
v 0.6060535719405667 2.233466177425819 0.02204537044141447
v 0.20213171880275904 3.46575499333395 0.8975254515366479
v 0.2298576484767325 3.347465803530734 0.8333637862903578
v 0.1962676507287624 3.4777121832453544 0.8766359692974661
v 0.22318366997398154 3.35887656587938 0.8117542557608907
v 0.3635970664842799 0.3270485821333238 -2.237403730695163
v 0.41088754913192815 0.3860236854143404 -2.0980489163792893
v 0.4219575642175434 0.23759696886315385 -2.2187992681090214
v 0.10457908633365343 0.4204394797243902 -2.0967149592282337
v 0.1478386602695505 0.40290761033189004 -1.919315330844901
v 0.12334680777040508 0.18919741368902399 -2.0712202924779004
v -0.17721216748915744 2.6421861732495193 -0.2151592097471021
v -0.20136648681849442 2.630676473865425 -0.4186036595311343
v -0.2265642589754704 2.583170260590174 -0.25601594766163355
v -0.3628956160964049 3.1116310595893357 -0.08229122227919389
v -0.11996443782825628 3.0366967179862536 -0.19434331996441723
v -0.46396866746235155 3.0325516585691767 -0.09679776252720806
v -0.7632140381357674 3.1276064953268645 0.2658525324264517
v -0.5551143282379716 3.1229897736577827 0.05165111957128965
v -0.7614899525151818 3.069082148208842 0.24286340854812885
v -0.5547557521227162 3.1944364590639376 0.08294827507507713
v 0.013084680558472367 2.5436707944081025 -0.6040203530611
v -0.05502713391232497 2.6273806853007624 -0.5827507972467783
v 0.060280874327127726 2.5434635994577275 -0.47079010516575065
v -0.02317664611062259 2.6379048781123373 -0.44244919902136604
v 0.2279414106214156 3.0601336605450933 -0.19226658967085059
v -0.11996443782825628 3.0366967179862536 -0.19434331996441723
v 0.1220085042339869 3.131136472958153 -0.14949836211736478
v 0.025004702394938738 2.592934196152222 -0.29067705119789017
v -0.02317664611062259 2.6379048781123373 -0.44244919902136604
v -0.024603277832895287 2.6480371830536176 -0.23578020508098135
v 0.5531199934464835 3.121507754704456 0.0622974906357342
v 0.32481965503374677 3.158338411728665 -0.0689045228033921
v 0.5521439012376427 3.1806885711958426 0.08599279895560852
v 0.32026107053733605 3.2297004685190482 -0.03610373478837969
v -0.7710745667385267 2.676378700687956 0.14456190355457216
v -0.7640196731488659 2.5228262923065072 0.22451394539968186
v -0.793676396146925 2.6543121183916707 0.2542385676010755
v -0.7323262625574413 2.56689555703131 0.10223370184335759
v 0.5687630980456838 1.4902187706436223 0.353897841565571
v 0.4344317708194374 1.5102680178150607 -0.11370459933461835
v 0.5437639340554244 1.6680669351722903 0.22454938052170118
v 0.6364234790569439 0.2158843700581503 -0.7803939380412477
v 0.8094011321418539 0.47945634302058404 -1.1565663863447795
v 0.57235409740798 0.9707266434213894 -0.6408544194852727
v 0.41823714158734415 0.1514500511474295 -1.95489755936911
v 0.41088754913192815 0.3860236854143404 -2.0980489163792893
v 0.423385743720742 0.33240760923624224 -1.9404936985172863
v 0.4219575642175434 0.23759696886315385 -2.2187992681090214
v 0.8045467285371141 2.3940462312844994 0.470653996780699
v 0.7788524650354771 2.479632505775995 0.44074263510609707
v 0.6749418487157827 2.459582305998733 0.4419117123326288
v 0.6749418487157827 2.459582305998733 0.4419117123326288
v 0.7409475810310002 2.309087577443263 0.41436701596111014
v 0.6243221185257731 2.318165296025189 0.3811390825128495
v -0.38602035032694515 0.4722277087239435 -2.060839127662915
v -0.38095678964858093 0.1746073553181977 -2.006379829862765
v -0.4251608764723408 0.2922110582985935 -1.874066373325288
v -0.41564876753586166 0.32406898461388667 -2.176929381101562
v -0.7682541964342883 2.4018491618222235 0.6402138379723553
v -0.8210004988273965 2.246585127433911 0.6291640735873607
v -0.710828040585069 2.2645958146978282 0.5652196290494814
v -0.8860493675266973 2.3263462854048584 0.7031733982855478
v -0.8729696154687311 2.4130988924833803 0.667632340752366
v -0.7682541964342883 2.4018491618222235 0.6402138379723553
v -0.527071213279404 1.4771117334694452 -0.08513174287191529
v -0.4436547351782426 0.5039805940601918 -0.17692684665716346
v -0.6460369944501447 0.7607734805479499 0.39795096473898295
v 0.6107144119503338 2.5781085337836522 0.03552375129475582
v 0.5930152867085857 2.7309452573708004 -0.0421410738181901
v 0.6305995134547314 2.71162526824544 0.05912517788451577
v 0.5624917204100455 2.6184647834520325 -0.07587739228488999
v -0.724179426558609 2.179981324714229 0.2046222844668217
v -0.7640196731488659 2.5228262923065072 0.22451394539968186
v -0.6311045126958856 2.3828014035215466 -0.047846618818722236
v -0.218172912119308 2.477153097848107 -0.3854798712907949
v -0.28978584384850425 2.2759653870947347 -0.4672918675838353
v -0.40379464148383915 2.4622926892622674 -0.2656549321377567
v -0.47585302469338475 2.260873125913938 -0.3345156976322895
v -0.6310286378296769 2.2072369823851075 -0.12540806692177395
v -0.6311045126958856 2.3828014035215466 -0.047846618818722236
v -0.724179426558609 2.179981324714229 0.2046222844668217
v -0.7048440192089276 2.088150673140804 0.14004805605155984
v -0.2556079564421804 2.5395498682717177 -0.2700276680620846
v -0.42521503609975375 2.5027579779237303 -0.1781669137713353
v -0.2265642589754704 2.583170260590174 -0.25601594766163355
v 0.5015691517762789 0.25557195546995626 -1.6612239601380923
v 0.42949417672252566 0.34960041731548674 -1.7149268895979035
v 0.5055921780109672 0.32771113485115944 -1.7920935024906282
v 0.4802067441561588 0.4987553677751806 -1.5803482659970345
v -0.591057781018841 1.4588272041790653 0.21960665779934077
v -0.527071213279404 1.4771117334694452 -0.08513174287191529
v -0.6460369944501447 0.7607734805479499 0.39795096473898295
v -0.10506373676354636 2.4465425682144133 -0.4772012451920454
v -0.10082610568014219 2.2627626179540026 -0.5757120395777838
v -0.28978584384850425 2.2759653870947347 -0.4672918675838353
v -0.218172912119308 2.477153097848107 -0.3854798712907949
v 0.025004702394938738 2.592934196152222 -0.29067705119789017
v 0.23700709749274562 2.5290554097873086 -0.2699535052387572
v 0.05614706108277234 2.5520603970046905 -0.3130991839421388
v 0.6107144119503338 2.5781085337836522 0.03552375129475582
v 0.6060535719405667 2.233466177425819 0.02204537044141447
v 0.46579332684330765 2.426544778426367 -0.19787749654221504
v 0.09540995461274288 2.2912703799487466 -0.5193990943795386
v 0.013604086256922554 2.4860606533352634 -0.41768615104290435
v 0.20969557803495786 2.48710564031198 -0.3505982797032594
v 0.2952868223841072 2.2917706063788166 -0.43978995606378657
v 0.47576518320660566 2.251408547327374 -0.2766663565373404
v 0.46579332684330765 2.426544778426367 -0.19787749654221504
v 0.6060535719405667 2.233466177425819 0.02204537044141447
v 0.5899739637585592 2.1397198995615265 -0.038063038076687594
v 0.013604086256922554 2.4860606533352634 -0.41768615104290435
v 0.09540995461274288 2.2912703799487466 -0.5193990943795386
v -0.10506373676354636 2.4465425682144133 -0.4772012451920454
v -0.10082610568014219 2.2627626179540026 -0.5757120395777838
v -0.11996443782825628 3.0366967179862536 -0.19434331996441723
v -0.3628956160964049 3.1116310595893357 -0.08229122227919389
v -0.12642634163907607 3.247666017231851 -0.10168977561563314
v -0.34125945613830966 3.2327823558355955 -0.030818483060561452
v -0.6795895168439029 1.9967530503321809 0.06644170681009617
v -0.6239905881606281 1.9433890467452153 0.08122341774766083
v -0.6707547230902635 1.9604768285080134 0.10449055921763596
v -0.6193586837476368 1.966541098422121 0.04412396221091231
v -0.6317431115418373 2.0696413542220267 -0.17156865613782618
v -0.578733040461318 1.9924008396657023 -0.1950811708921047
v -0.6795895168439029 1.9967530503321809 0.06644170681009617
v -0.6311045126958856 2.3828014035215466 -0.047846618818722236
v -0.7640196731488659 2.5228262923065072 0.22451394539968186
v -0.6890666885719693 2.506226240175201 0.02801610110524265
v -0.12642634163907607 3.247666017231851 -0.10168977561563314
v 0.1220085042339869 3.131136472958153 -0.14949836211736478
v -0.11996443782825628 3.0366967179862536 -0.19434331996441723
v 0.09335458953462761 3.2499693660709346 -0.09084262244700814
v -0.5813308523591761 1.6223749578012197 0.37913504454777247
v -0.6212636698935707 1.4491289386320245 0.39391295751202937
v -0.5701956295253898 1.6115125756373632 0.6039724850591597
v -0.591057781018841 1.4588272041790653 0.21960665779934077
v -0.6890666885719693 2.506226240175201 0.02801610110524265
v -0.7640196731488659 2.5228262923065072 0.22451394539968186
v -0.7323262625574413 2.56689555703131 0.10223370184335759
v 0.4856949411465322 2.114528603958594 -0.3251141624855565
v 0.508037267454832 2.011746496385528 -0.1106350921801576
v 0.43893503008415047 2.032828736081561 -0.33530661732774325
v 0.5665584690668914 2.0467277541284306 -0.10481227956749817
v 0.5665584690668914 2.0467277541284306 -0.10481227956749817
v 0.5190284155793505 1.9896536909245974 -0.07554663275642187
v 0.5654972813234415 2.010023342266817 -0.06553601526788477
v -0.08680383124172786 0.5375492313006666 -1.7718856974795707
v -0.08743415493912499 0.3796371789625068 -2.013431063978605
v -0.1268704118126721 0.3839891974786589 -1.8434962852656467
v -0.0856486757893401 0.22124284596808685 -1.8052265806954493
v 0.6107144119503338 2.5781085337836522 0.03552375129475582
v 0.46579332684330765 2.426544778426367 -0.19787749654221504
v 0.517435454333458 2.554598225632273 -0.13834210155279136
v -0.9172152953902329 0.2042437714385792 -1.2906699181322083
v -0.9765108456998823 0.7614341893361486 -1.3563225273501742
v -1.1177995440848423 0.39283391742005747 -1.664361878121571
v -0.4251608764723408 0.2922110582985935 -1.874066373325288
v -0.4016767449157411 0.500791210409083 -1.8992027434339755
v -0.38602035032694515 0.4722277087239435 -2.060839127662915
v 0.17763356283378606 0.43477396448594585 -1.6947037541088927
v 0.11441868291798574 0.24464079076969703 -1.7309340023160318
v 0.1478386602695505 0.40290761033189004 -1.919315330844901
v 0.11535091424525745 0.5553335620213493 -1.6793153209153773
v -0.45640125365686707 1.994123517663248 -0.3564900555126065
v -0.6317431115418373 2.0696413542220267 -0.17156865613782618
v -0.5461573919259579 2.1146625866414275 -0.383829295050839
v -0.578733040461318 1.9924008396657023 -0.1950811708921047
v -0.356246221161416 2.115552763234435 -0.5510656920137254
v -0.2893314534088128 2.015238296918382 -0.5277023925071802
v -0.5461573919259579 2.1146625866414275 -0.383829295050839
v 0.6570287841520479 0.7948550649953215 -0.33055277741882216
v 0.6364234790569439 0.2158843700581503 -0.7803939380412477
v 0.57235409740798 0.9707266434213894 -0.6408544194852727
v 0.2965543444945666 1.5111953645686438 -0.21912852570871172
v 0.4344317708194374 1.5102680178150607 -0.11370459933461835
v 0.5624917204100455 2.6184647834520325 -0.07587739228488999
v 0.6107144119503338 2.5781085337836522 0.03552375129475582
v 0.517435454333458 2.554598225632273 -0.13834210155279136
v -0.0983314900748257 2.1281232319430146 -0.6604569402387495
v -0.2893314534088128 2.015238296918382 -0.5277023925071802
v -0.356246221161416 2.115552763234435 -0.5510656920137254
v -0.08881665836876348 2.0294667544095892 -0.592199751305799
v 0.37336077407737134 2.1513550102455836 -0.5110605742754567
v 0.3006737014668668 2.0247956742317634 -0.46009307438089553
v 0.16824182515733332 2.1367709367530368 -0.6231824794201904
v 0.11640455820161077 2.031687164604141 -0.5833242479271209
v 0.4856949411465322 2.114528603958594 -0.3251141624855565
v 0.37336077407737134 2.1513550102455836 -0.5110605742754567
v 0.43893503008415047 2.032828736081561 -0.33530661732774325
v 0.16824182515733332 2.1367709367530368 -0.6231824794201904
v 0.11640455820161077 2.031687164604141 -0.5833242479271209
v -0.0983314900748257 2.1281232319430146 -0.6604569402387495
v -0.08881665836876348 2.0294667544095892 -0.592199751305799
v 0.4344317708194374 1.5102680178150607 -0.11370459933461835
v 0.5687630980456838 1.4902187706436223 0.353897841565571
v 0.6194021749890729 0.9783010617259961 0.16581173192652138
v -0.2511126152385722 0.4718879460396852 -2.2389197167261172
v -0.41564876753586166 0.32406898461388667 -2.176929381101562
v -0.38602035032694515 0.4722277087239435 -2.060839127662915
v 0.502926296062273 2.766560023219097 -0.36265753356377944
v 0.5926478382460404 2.761016167569418 -0.19751879558510455
v 0.4695326547111264 2.6840547720182744 -0.358633292259063
v 0.5529354543139354 2.6434115914618133 -0.19248249203763268
v 0.4695326547111264 2.6840547720182744 -0.358633292259063
v 0.36916862377593207 2.76475182122083 -0.4092682195238606
v 0.3344836839303845 2.7108691867962693 -0.40505548442341993
v 0.5926478382460404 2.761016167569418 -0.19751879558510455
v 0.5451509514205498 2.643285675014079 -0.009745867795229235
v 0.5811643015074149 2.7510658765077354 -0.013394545602139374
v 0.46232048362995914 2.7409943288549394 0.11155840512157134
v 0.5451509514205498 2.643285675014079 -0.009745867795229235
v 0.41223098687837056 2.6517616324323985 0.11696467336548455
v 0.2931179296598089 2.731858216935246 0.17788542164456989
v 0.46232048362995914 2.7409943288549394 0.11155840512157134
v -0.16765251920741503 2.7377340837423665 -0.16749572478124547
v -0.10266109180400124 2.6607978879156846 -0.23744711650813677
v -0.17721216748915744 2.6421861732495193 -0.2151592097471021
v -0.10465242707350947 2.7413549301575983 -0.19200905474635416
v -0.5401449710724782 2.0229713646517387 0.1720055112535199
v -0.5061377536006914 2.0340419386469684 0.08239315367905786
v -0.510044292530246 2.019222627377847 0.09394183981792951
v -0.16765251920741503 2.7377340837423665 -0.16749572478124547
v -0.17721216748915744 2.6421861732495193 -0.2151592097471021
v -0.48860137330536424 2.6777323368386887 0.1960816600613759
v -0.5401449710724782 2.0229713646517387 0.1720055112535199
v -0.544971049651123 2.0357454446787315 0.1820598849988772
v -0.5061377536006914 2.0340419386469684 0.08239315367905786
v 0.6570287841520479 0.7948550649953215 -0.33055277741882216
v 0.4344317708194374 1.5102680178150607 -0.11370459933461835
v 0.6194021749890729 0.9783010617259961 0.16581173192652138
v 0.03161530172622362 0.3908369426127625 -2.247893942255525
v 0.08679351021620796 0.3500328623915956 -2.293313097472534
v -0.03050398436861823 0.35385647228562833 -2.276792365987942
v -0.144033344219067 0.5020721177743381 -2.020178484745872
v -0.1268704118126721 0.3839891974786589 -1.8434962852656467
v -0.16333502960098312 0.18766790666186184 -1.9808103606331984
v -0.5061377536006914 2.0340419386469684 0.08239315367905786
v -0.546834312178244 2.0590585498320197 0.1787381601041188
v -0.5077905757818938 2.0672787484881483 0.08357810089587044
v -0.544971049651123 2.0357454446787315 0.1820598849988772
v -0.03900450300199998 2.742931579612655 -0.18521806865984325
v -0.10266109180400124 2.6607978879156846 -0.23744711650813677
v -0.10465242707350947 2.7413549301575983 -0.19200905474635416
v -0.024603277832895287 2.6480371830536176 -0.23578020508098135
v -0.20136648681849442 2.630676473865425 -0.4186036595311343
v -0.2556079564421804 2.5395498682717177 -0.2700276680620846
v -0.2265642589754704 2.583170260590174 -0.25601594766163355
v -0.2761832668036703 2.530012062034091 -0.42376013299032467
v -0.2556079564421804 2.5395498682717177 -0.2700276680620846
v -0.218172912119308 2.477153097848107 -0.3854798712907949
v 0.1955979183500446 0.24451239046182138 -1.6953131711237979
v 0.17763356283378606 0.43477396448594585 -1.6947037541088927
v 0.22768532562434385 0.20861195021561163 -1.8023550152934624
v -0.4523171323320545 2.7021180472919695 0.27996286361718214
v -0.4445966869172153 2.577476468124088 0.2349412214231715
v -0.32797758616003103 2.6219248569683717 0.21937379135218343
v -0.5675351522965116 2.6124326574679246 0.2525925010851663
v 0.41223098687837056 2.6517616324323985 0.11696467336548455
v 0.2931179296598089 2.731858216935246 0.17788542164456989
v 0.29374414045238595 2.607029530321534 0.1328025407426084
v 0.17267342074189018 2.6422694329319514 0.15018338309846763
v -0.5949122891011775 2.726003076045215 -0.27740351335010005
v -0.6818241699421898 2.6381958601210584 -0.20097558641271177
v -0.7194465674487032 2.7175689587884753 -0.19434379018766795
v -0.5553462808384237 2.675092358687941 -0.2832724301566648
v -0.6818241699421898 2.6381958601210584 -0.20097558641271177
v -0.7909246498534556 2.70541199637516 -0.006525685902883924
v -0.7360316235791113 2.5922533375984074 -0.015127254432856667
v -0.7090252703185334 2.5931664944469635 0.1624650931683032
v -0.437061755886573 1.8181469283042553 0.03760884045769216
v -0.609985865433835 1.917721746209361 0.15245752590359948
v -0.6239905881606281 1.9433890467452153 0.08122341774766083
v -0.4520573853671028 1.9085895666849484 -0.055072977059116415
v 0.32212239976048535 2.7103425774533516 0.08589775406158495
v -0.024603277832895287 2.6480371830536176 -0.23578020508098135
v -0.03900450300199998 2.742931579612655 -0.18521806865984325
v 0.3943983598372133 2.0704244097389903 -0.041663253471127315
v 0.4438809038488416 2.0753251567344035 0.04625058637847873
v 0.43881100093039693 2.0621228866699646 0.037423624525194876
v 0.4003258853877386 2.056143330317921 -0.03135584307306294
v -0.8515440982976968 2.4462437579955125 0.591785878187862
v -0.8210004988273965 2.246585127433911 0.6291640735873607
v -0.8860493675266973 2.3263462854048584 0.7031733982855478
v -0.7478196947445991 2.266156889098657 0.43789524563229576
v -0.5174760596547088 2.729557970109682 -0.3017389105043714
v -0.5949122891011775 2.726003076045215 -0.27740351335010005
v -0.5621987153846822 2.787360990610458 -0.2809802550965328
v -0.5064566129886434 2.754317146309743 -0.3022371385001005
v -0.4612163763095441 2.0290932449618357 -0.01552163671950469
v -0.5061377536006914 2.0340419386469684 0.08239315367905786
v -0.4587357185534265 2.069908238276681 -0.022691225428684562
v -0.5077905757818938 2.0672787484881483 0.08357810089587044
v 0.3943983598372133 2.0704244097389903 -0.041663253471127315
v 0.44195572430471086 2.098748303698298 0.04291499763498641
v 0.4438809038488416 2.0753251567344035 0.04625058637847873
v 0.3926836206390011 2.1037712613907766 -0.040492170103048675
v 0.33167632580677503 2.8231550361989157 -0.4032348647318899
v 0.29206630088032837 2.762282034025225 -0.41272604788685113
v 0.2753893827579452 2.7858202697583154 -0.4097847498150276
v 0.36916862377593207 2.76475182122083 -0.4092682195238606
v -0.42521503609975375 2.5027579779237303 -0.1781669137713353
v -0.6311045126958856 2.3828014035215466 -0.047846618818722236
v -0.6890666885719693 2.506226240175201 0.02801610110524265
v -0.02317664611062259 2.6379048781123373 -0.44244919902136604
v 0.05614706108277234 2.5520603970046905 -0.3130991839421388
v 0.060280874327127726 2.5434635994577275 -0.47079010516575065
v 0.025004702394938738 2.592934196152222 -0.29067705119789017
v 0.013604086256922554 2.4860606533352634 -0.41768615104290435
v 0.05614706108277234 2.5520603970046905 -0.3130991839421388
v -0.5011923167091494 2.018332854665103 0.06829471081113882
v -0.5061377536006914 2.0340419386469684 0.08239315367905786
v -0.4612163763095441 2.0290932449618357 -0.01552163671950469
v 0.5154804230828236 1.962753472716794 -0.0020449550300687402
v 0.34472232284300597 1.8497600935634342 -0.06995263470596869
v 0.5190284155793505 1.9896536909245974 -0.07554663275642187
v 0.3388127644308113 1.9400844944188156 -0.16458191240513614
v -0.2761832668036703 2.530012062034091 -0.42376013299032467
v -0.1837370671347497 2.6222932312410796 -0.5650423172169141
v -0.24421135185235768 2.5332758026675246 -0.5685756653039041
v -0.20136648681849442 2.630676473865425 -0.4186036595311343
v -0.24421135185235768 2.5332758026675246 -0.5685756653039041
v -0.1982577050918236 2.451195902475315 -0.4884218219196599
v -0.1799758769015337 2.4671213505792835 -0.5844875737414467
v -0.46979868070662006 2.013617039816427 0.005876265476991252
v -0.5011923167091494 2.018332854665103 0.06829471081113882
v -0.4612163763095441 2.0290932449618357 -0.01552163671950469
v 0.7409475810310002 2.309087577443263 0.41436701596111014
v 0.7458809141093982 2.510551792485126 0.3725368645131857
v 0.8045467285371141 2.3940462312844994 0.470653996780699
v 0.6467063533487792 2.322295510650694 0.24645022774322273
v 0.517435454333458 2.554598225632273 -0.13834210155279136
v 0.46579332684330765 2.426544778426367 -0.19787749654221504
v 0.23700709749274562 2.5290554097873086 -0.2699535052387572
v -0.18670571985505116 1.7139672178313556 0.047821326792743035
v -0.24893353652281802 1.7897162060829368 -0.09718833177161477
v -0.04079355513622543 1.709035874117983 -0.04709580849705142
v -0.05421756229802335 1.790113243574104 -0.19785521060110375
v -0.437061755886573 1.8181469283042553 0.03760884045769216
v -0.43105128268353254 1.7539916417237549 0.17772809979406795
v -0.609985865433835 1.917721746209361 0.15245752590359948
v -0.5955688678900477 1.8524448343211595 0.2798808870316923
v 0.3943983598372133 2.0704244097389903 -0.041663253471127315
v 0.3403596654142139 2.061562790295907 -0.12553793566731242
v 0.33219609151824414 2.101662098816451 -0.13042030764432866
v 0.3926836206390011 2.1037712613907766 -0.040492170103048675
v -0.7710745667385267 2.676378700687956 0.14456190355457216
v -0.8327815161207441 2.889597246374359 0.14217448401983146
v -0.7507662170197307 2.870723814990402 0.06833767527239876
v -0.793676396146925 2.6543121183916707 0.2542385676010755
v 0.3403596654142139 2.061562790295907 -0.12553793566731242
v 0.3943983598372133 2.0704244097389903 -0.041663253471127315
v 0.3894478152316657 2.054287135719679 -0.05453428444697295
v 0.5219311018153318 1.8972220422471204 0.1263492445326958
v 0.36062877754313594 1.78603299702038 0.06893921273833348
v 0.5154804230828236 1.962753472716794 -0.0020449550300687402
v 0.34472232284300597 1.8497600935634342 -0.06995263470596869
v 0.11023615556114597 1.7259649279111113 0.007480855315987023
v 0.14690649359051622 1.8057368837312493 -0.15158277529948191
v -0.04079355513622543 1.709035874117983 -0.04709580849705142
v -0.05421756229802335 1.790113243574104 -0.19785521060110375
v 0.3516312410283262 2.046832923414784 -0.10658099340622995
v 0.3403596654142139 2.061562790295907 -0.12553793566731242
v 0.3894478152316657 2.054287135719679 -0.05453428444697295
v 0.5930152867085857 2.7309452573708004 -0.0421410738181901
v 0.6310166591955128 2.9483642235720087 -0.05962840639539835
v 0.6305995134547314 2.71162526824544 0.05912517788451577
v 0.544799759359501 2.9229495107844885 -0.109067234414297
v -0.1268704118126721 0.3839891974786589 -1.8434962852656467
v -0.16699499657873662 0.21057223110668222 -1.8222358249777693
v -0.16333502960098312 0.18766790666186184 -1.9808103606331984
v -0.5938459226369313 1.9678964366574512 0.049175682357290286
v -0.5838924998439545 1.965499664550631 0.04389033749392124
v -0.6239905881606281 1.9433890467452153 0.08122341774766083
v -0.4996581517047354 1.9804745819559848 -0.04585492725443094
v -0.4520573853671028 1.9085895666849484 -0.055072977059116415
v -0.3979940064890233 1.986439113374134 -0.17905306100517568
v 0.39543349756175483 0.509324913879831 -1.59734731831777
v 0.4802067441561588 0.4987553677751806 -1.5803482659970345
v 0.42949417672252566 0.34960041731548674 -1.7149268895979035
v 0.3388127644308113 1.9400844944188156 -0.16458191240513614
v 0.3802758315669831 2.015823220026866 -0.16641056962911255
v 0.5190284155793505 1.9896536909245974 -0.07554663275642187
v 0.26416621008646624 2.012846587048319 -0.2708535163213315
v -0.6310286378296769 2.2072369823851075 -0.12540806692177395
v -0.6795895168439029 1.9967530503321809 0.06644170681009617
v -0.7048440192089276 2.088150673140804 0.14004805605155984
v -0.6317431115418373 2.0696413542220267 -0.17156865613782618
v -0.47585302469338475 2.260873125913938 -0.3345156976322895
v -0.5461573919259579 2.1146625866414275 -0.383829295050839
v -0.356246221161416 2.115552763234435 -0.5510656920137254
v -0.28978584384850425 2.2759653870947347 -0.4672918675838353
v -0.0983314900748257 2.1281232319430146 -0.6604569402387495
v -0.10082610568014219 2.2627626179540026 -0.5757120395777838
v 0.09540995461274288 2.2912703799487466 -0.5193990943795386
v 0.16824182515733332 2.1367709367530368 -0.6231824794201904
v 0.2952868223841072 2.2917706063788166 -0.43978995606378657
v 0.37336077407737134 2.1513550102455836 -0.5110605742754567
v 0.4856949411465322 2.114528603958594 -0.3251141624855565
v 0.47576518320660566 2.251408547327374 -0.2766663565373404
v 0.5665584690668914 2.0467277541284306 -0.10481227956749817
v 0.5899739637585592 2.1397198995615265 -0.038063038076687594
v -0.5838924998439545 1.965499664550631 0.04389033749392124
v -0.4996581517047354 1.9804745819559848 -0.04585492725443094
v -0.6239905881606281 1.9433890467452153 0.08122341774766083
v -0.45634309159352204 2.0099092352058063 -0.028947590668006652
v -0.4612163763095441 2.0290932449618357 -0.01552163671950469
v -0.3866070545271287 2.0254291213890414 -0.11711866279428787
v -0.3866070545271287 2.0254291213890414 -0.11711866279428787
v -0.4587357185534265 2.069908238276681 -0.022691225428684562
v -0.37988111516095335 2.072600069287137 -0.1195667819923478
v -0.4612163763095441 2.0290932449618357 -0.01552163671950469
v -0.1799758769015337 2.4671213505792835 -0.5844875737414467
v -0.1747837692327373 2.5359755901658696 -0.6221224401715564
v -0.1451087532594444 2.48661365387179 -0.6262241268293021
v -0.24421135185235768 2.5332758026675246 -0.5685756653039041
v -0.4520573853671028 1.9085895666849484 -0.055072977059116415
v -0.3979940064890233 1.986439113374134 -0.17905306100517568
v -0.2407606605052814 1.9033889960577124 -0.2171932461010967
v -0.3724517810584247 3.0019300156510242 -0.1887721717959803
v -0.6469102720726759 2.924854509329459 -0.07523806124913884
v -0.6818106463611553 2.960942743706367 -0.036774434103181375
v -0.3876406665087791 2.9363478586526477 -0.1689702195239862
v 0.3802758315669831 2.015823220026866 -0.16641056962911255
v 0.4731737456388424 2.007970446548093 -0.10128634805621295
v 0.5190284155793505 1.9896536909245974 -0.07554663275642187
v -0.060886978119068444 2.5405502255723347 -0.6370998757981222
v -0.04560078965569818 2.472949902628102 -0.6029935018409837
v -0.08573286427690799 2.4891827940964664 -0.6335885981817433
v 0.25588477634494833 2.051129105983631 -0.20467057734718697
v 0.33219609151824414 2.101662098816451 -0.13042030764432866
v 0.3403596654142139 2.061562790295907 -0.12553793566731242
v 0.24356700287194266 2.097731168563689 -0.2057236776011901
v 0.25588477634494833 2.051129105983631 -0.20467057734718697
v 0.3403596654142139 2.061562790295907 -0.12553793566731242
v 0.3352750516161368 2.0420606323130377 -0.13775034157247473
v 0.11474719346469764 1.9174094187993864 -0.2656182372205794
v 0.26416621008646624 2.012846587048319 -0.2708535163213315
v 0.3388127644308113 1.9400844944188156 -0.16458191240513614
v -0.04560078965569818 2.472949902628102 -0.6029935018409837
v -0.060886978119068444 2.5405502255723347 -0.6370998757981222
v 0.013084680558472367 2.5436707944081025 -0.6040203530611
v 0.42104787313024683 2.967600808878796 -0.22264650813650155
v 0.13218238524913617 3.0224018509053403 -0.25844799926703227
v 0.45541936932139293 3.0066863735178266 -0.1927747642350589
v 0.1558294323753946 2.9578759846833833 -0.24426187900488383
v -0.2407606605052814 1.9033889960577124 -0.2171932461010967
v -0.0686174049254093 1.930002454905102 -0.32668529366692345
v -0.06273827298382062 1.8911998709375273 -0.2547548240077153
v -0.0686174049254093 1.930002454905102 -0.32668529366692345
v 0.11474719346469764 1.9174094187993864 -0.2656182372205794
v -0.06273827298382062 1.8911998709375273 -0.2547548240077153
v -0.4011084539395483 2.0095198874788314 -0.08668863977159004
v -0.45634309159352204 2.0099092352058063 -0.028947590668006652
v -0.3866070545271287 2.0254291213890414 -0.11711866279428787
v -0.23202210079947605 2.001357301551161 -0.3177338545677078
v -0.0686174049254093 1.930002454905102 -0.32668529366692345
v -0.2407606605052814 1.9033889960577124 -0.2171932461010967
v -0.07609947439247237 2.000929661634049 -0.38436867452094053
v -0.3979940064890233 1.986439113374134 -0.17905306100517568
v -0.23202210079947605 2.001357301551161 -0.3177338545677078
v -0.7507662170197307 2.870723814990402 0.06833767527239876
v -0.8327815161207441 2.889597246374359 0.14217448401983146
v -0.6469102720726759 2.924854509329459 -0.07523806124913884
v -0.8327815161207441 2.889597246374359 0.14217448401983146
v -0.6818106463611553 2.960942743706367 -0.036774434103181375
v 0.39543349756175483 0.509324913879831 -1.59734731831777
v 0.42949417672252566 0.34960041731548674 -1.7149268895979035
v 0.3971167339531966 0.462418486191027 -1.7804893451813135
v 0.20517954141711964 2.758530802518269 -0.4001144696390138
v 0.16319671554496384 2.816684947421268 -0.38065832867993316
v 0.2189388179410024 2.7836411031205524 -0.4019152120835011
v 0.12774331197065103 2.7549759084538024 -0.37577907248474224
v 0.11474719346469764 1.9174094187993864 -0.2656182372205794
v -0.0686174049254093 1.930002454905102 -0.32668529366692345
v 0.08464982059389003 2.014321433516415 -0.3605430136773448
v 0.26416621008646624 2.012846587048319 -0.2708535163213315
v -0.3978880155795397 2.794033945529189 -0.303112963477355
v -0.4361927939411548 2.7328270364334055 -0.31177318755216
v -0.45006796518871045 2.7566063547581123 -0.3101205400803608
v -0.35423522745089414 2.7354914940553883 -0.30983285554912815
v -0.07609947439247237 2.000929661634049 -0.38436867452094053
v 0.08464982059389003 2.014321433516415 -0.3605430136773448
v -0.0686174049254093 1.930002454905102 -0.32668529366692345
v 0.2759884820354632 2.0365890708015306 -0.17942642251193433
v 0.25588477634494833 2.051129105983631 -0.20467057734718697
v 0.3352750516161368 2.0420606323130377 -0.13775034157247473
v 0.45541936932139293 3.0066863735178266 -0.1927747642350589
v 0.6310166591955128 2.9483642235720087 -0.05962840639539835
v 0.42104787313024683 2.967600808878796 -0.22264650813650155
v 0.6310166591955128 2.9483642235720087 -0.05962840639539835
v 0.544799759359501 2.9229495107844885 -0.109067234414297
v 0.2753893827579452 2.7858202697583154 -0.4097847498150276
v 0.29206630088032837 2.762282034025225 -0.41272604788685113
v 0.2457835688574539 2.791964567621422 -0.405695366544733
v 0.29206630088032837 2.762282034025225 -0.41272604788685113
v 0.27721273162403803 2.746691395799906 -0.41078157097423307
v 0.2457835688574539 2.791964567621422 -0.405695366544733
v 0.27721273162403803 2.746691395799906 -0.41078157097423307
v 0.25085832763603555 2.735510625713546 -0.4074303239798759
v 0.2457835688574539 2.791964567621422 -0.405695366544733
v 0.25085832763603555 2.735510625713546 -0.4074303239798759
v 0.22082408382410518 2.7444021873515365 -0.4028981693939729
v 0.2457835688574539 2.791964567621422 -0.405695366544733
v 0.22082408382410518 2.7444021873515365 -0.4028981693939729
v 0.20517954141711964 2.758530802518269 -0.4001144696390138
v 0.2457835688574539 2.791964567621422 -0.405695366544733
v 0.20517954141711964 2.758530802518269 -0.4001144696390138
v 0.2189388179410024 2.7836411031205524 -0.4019152120835011
v 0.2457835688574539 2.791964567621422 -0.405695366544733
v -0.5064566129886434 2.754317146309743 -0.3022371385001005
v -0.4778679504374108 2.7631444076984053 -0.30631545796493576
v -0.5174760596547088 2.729557970109682 -0.3017389105043714
v -0.4778679504374108 2.7631444076984053 -0.30631545796493576
v -0.5027036014367403 2.7153619438073076 -0.3034905331167078
v -0.5174760596547088 2.729557970109682 -0.3017389105043714
v -0.45006796518871045 2.7566063547581123 -0.3101205400803608
v -0.4361927939411548 2.7328270364334055 -0.31177318755216
v -0.4778679504374108 2.7631444076984053 -0.30631545796493576
v -0.4361927939411548 2.7328270364334055 -0.31177318755216
v -0.4463149536368074 2.717651152255677 -0.3113739346969681
v -0.4778679504374108 2.7631444076984053 -0.30631545796493576
v -0.4463149536368074 2.717651152255677 -0.3113739346969681
v -0.47565685555066617 2.7065594250095195 -0.3067756286487881
v -0.4778679504374108 2.7631444076984053 -0.30631545796493576
v -0.47565685555066617 2.7065594250095195 -0.3067756286487881
v -0.5027036014367403 2.7153619438073076 -0.3034905331167078
v -0.4778679504374108 2.7631444076984053 -0.30631545796493576
v -0.7954578393511692 2.4596337843208476 0.5267214984570345
v -0.7478196947445991 2.266156889098657 0.43789524563229576
v -0.8515440982976968 2.4462437579955125 0.591785878187862
v 0.42949417672252566 0.34960041731548674 -1.7149268895979035
v 0.423385743720742 0.33240760923624224 -1.9404936985172863
v 0.3971167339531966 0.462418486191027 -1.7804893451813135
v 0.03161530172622362 0.3908369426127625 -2.247893942255525
v 0.11357876589074756 0.3641330859688099 -2.2789074047093343
v 0.08679351021620796 0.3500328623915956 -2.293313097472534
v -0.5949122891011775 2.726003076045215 -0.27740351335010005
v -0.5174760596547088 2.729557970109682 -0.3017389105043714
v -0.5553462808384237 2.675092358687941 -0.2832724301566648
v -0.5027036014367403 2.7153619438073076 -0.3034905331167078
v 0.7458809141093982 2.510551792485126 0.3725368645131857
v 0.6467063533487792 2.322295510650694 0.24645022774322273
v 0.6832151383476002 2.519172512977618 0.32396741676888224
v -0.3184228088758874 2.0074708759126634 -0.16381857387243898
v -0.36144698416735666 2.0069591064560734 -0.12935655117378225
v -0.295280789875482 2.0230300197026043 -0.18324482627898814
v 0.3891325818446246 2.019817338872318 -0.26736906861596627
v 0.43893503008415047 2.032828736081561 -0.33530661732774325
v 0.47711149610987624 2.0119248132522967 -0.1107621120418979
v -0.37988111516095335 2.072600069287137 -0.1195667819923478
v -0.293146431440027 2.074021144767778 -0.18956449607848555
v -0.295280789875482 2.0230300197026043 -0.18324482627898814
v -0.3866070545271287 2.0254291213890414 -0.11711866279428787
v 0.3344836839303845 2.7108691867962693 -0.40505548442341993
v 0.29206630088032837 2.762282034025225 -0.41272604788685113
v 0.36916862377593207 2.76475182122083 -0.4092682195238606
v 0.27721273162403803 2.746691395799906 -0.41078157097423307
v -0.36144698416735666 2.0069591064560734 -0.12935655117378225
v -0.3866070545271287 2.0254291213890414 -0.11711866279428787
v -0.295280789875482 2.0230300197026043 -0.18324482627898814
v -0.7206052537699754 2.2346391288790386 0.46188811727680745
v -0.76118781849189 2.225243352724551 0.528985570017184
v -0.7478196947445991 2.266156889098657 0.43789524563229576
v -0.76118781849189 2.225243352724551 0.528985570017184
v -0.8210004988273965 2.246585127433911 0.6291640735873607
v 0.2965543444945666 1.5111953645686438 -0.21912852570871172
v 0.6570287841520479 0.7948550649953215 -0.33055277741882216
v 0.57235409740798 0.9707266434213894 -0.6408544194852727
v 0.18621135743167316 2.027942711166979 -0.23349440134349075
v 0.1591252187916341 2.041073410012835 -0.24572378944958206
v 0.2315649392192735 2.0305181408634327 -0.21077140626631355
v 0.24356700287194266 2.097731168563689 -0.2057236776011901
v 0.1591252187916341 2.041073410012835 -0.24572378944958206
v 0.1513635957299998 2.0916363450405626 -0.25081604735700586
v 0.25588477634494833 2.051129105983631 -0.20467057734718697
v 0.1591252187916341 2.041073410012835 -0.24572378944958206
v 0.25588477634494833 2.051129105983631 -0.20467057734718697
v 0.2315649392192735 2.0305181408634327 -0.21077140626631355
v -0.6193586837476368 1.966541098422121 0.04412396221091231
v -0.578733040461318 1.9924008396657023 -0.1950811708921047
v -0.5889789034242461 1.96946222696954 0.03637589753932919
v -0.5204896026616151 1.9835531053056077 -0.14136520128342217
v 0.5190284155793505 1.9896536909245974 -0.07554663275642187
v 0.4731737456388424 2.007970446548093 -0.10128634805621295
v 0.48295036882303477 2.0113336405404114 -0.09846969082572476
v 0.7409475810310002 2.309087577443263 0.41436701596111014
v 0.6737323227618534 2.2832721873726207 0.33158496356846034
v 0.6467063533487792 2.322295510650694 0.24645022774322273
v 0.6737323227618534 2.2832721873726207 0.33158496356846034
v 0.6252507972667106 2.2891832278066033 0.2773002071383876
v -0.5204896026616151 1.9835531053056077 -0.14136520128342217
v -0.578733040461318 1.9924008396657023 -0.1950811708921047
v -0.4294284917206966 2.002772847652029 -0.2767875186562488
v -0.27012071951571004 2.004560004769636 -0.1954827146584825
v -0.295280789875482 2.0230300197026043 -0.18324482627898814
v -0.24142663930145375 2.0030454504354664 -0.21228851514268376
v -0.06273827298382062 1.8911998709375273 -0.2547548240077153
v 0.14690649359051622 1.8057368837312493 -0.15158277529948191
v -0.05421756229802335 1.790113243574104 -0.19785521060110375
v -0.24893353652281802 1.7897162060829368 -0.09718833177161477
v 0.11474719346469764 1.9174094187993864 -0.2656182372205794
v 0.3388127644308113 1.9400844944188156 -0.16458191240513614
v 0.34472232284300597 1.8497600935634342 -0.06995263470596869
v -0.2407606605052814 1.9033889960577124 -0.2171932461010967
v -0.4520573853671028 1.9085895666849484 -0.055072977059116415
v -0.437061755886573 1.8181469283042553 0.03760884045769216
v 0.45898949537218736 2.0106801266066023 -0.09557103937044337
v 0.47711149610987624 2.0119248132522967 -0.1107621120418979
v 0.48295036882303477 2.0113336405404114 -0.09846969082572476
v -0.5683268886023316 1.9693838729108724 0.04593727435220411
v -0.5938459226369313 1.9678964366574512 0.049175682357290286
v -0.5889789034242461 1.96946222696954 0.03637589753932919
v 0.10499514360019024 2.0171841107024524 -0.25876604607980747
v 0.1591252187916341 2.041073410012835 -0.24572378944958206
v 0.13561529209471362 2.0210088724553947 -0.2511045700784232
v 0.47988013737881374 0.10581058305234037 -1.9220905840789047
v 0.6148850594554232 0.10830984366475471 -1.7894418499856375
v 0.5326474629868707 0.19042855400561898 -1.773578875583409
v -0.21342448632421673 1.9739365478979156 -0.062130172573697934
v -0.16163745217237188 2.0545436919748292 0.04961375768432061
v -0.15281702115021567 2.0375563973840216 -0.08038713729948448
v -0.2324087804852682 1.9833969099076512 0.06864939516190527
v -0.5813308523591761 1.6223749578012197 0.37913504454777247
v -0.43105128268353254 1.7539916417237549 0.17772809979406795
v -0.4559811188965917 1.6351324703293832 0.216186031850637
v -0.295280789875482 2.0230300197026043 -0.18324482627898814
v -0.18384453918886962 2.027104878938367 -0.24008092210082355
v -0.24142663930145375 2.0030454504354664 -0.21228851514268376
v -0.293146431440027 2.074021144767778 -0.18956449607848555
v -0.18384453918886962 2.027104878938367 -0.24008092210082355
v -0.295280789875482 2.0230300197026043 -0.18324482627898814
v -0.18196360825884095 2.077666123994855 -0.241697897707076
v -0.43105128268353254 1.7539916417237549 0.17772809979406795
v -0.5813308523591761 1.6223749578012197 0.37913504454777247
v -0.5955688678900477 1.8524448343211595 0.2798808870316923
v -0.5889789034242461 1.96946222696954 0.03637589753932919
v -0.5938459226369313 1.9678964366574512 0.049175682357290286
v -0.6193586837476368 1.966541098422121 0.04412396221091231
v 0.47711149610987624 2.0119248132522967 -0.1107621120418979
v 0.508037267454832 2.011746496385528 -0.1106350921801576
v 0.48295036882303477 2.0113336405404114 -0.09846969082572476
v -0.5107540341724279 0.23563454038057818 -1.8698732333870298
v -0.5456716867234953 0.22597518554054563 -2.0687523865979784
v -0.5698295757151057 0.4481677151860355 -1.9872142109874367
v -0.5924570376296024 0.11815811043935831 -1.881120025494842
v 0.042953381558684695 2.036037847620358 -0.27079743319044225
v 0.1591252187916341 2.041073410012835 -0.24572378944958206
v 0.10499514360019024 2.0171841107024524 -0.25876604607980747
v -0.24142663930145375 2.0030454504354664 -0.21228851514268376
v -0.18384453918886962 2.027104878938367 -0.24008092210082355
v -0.2126561879338085 2.008089716825631 -0.22392901844463078
v 0.1513635957299998 2.0916363450405626 -0.25081604735700586
v 0.042953381558684695 2.036037847620358 -0.27079743319044225
v 0.03574849816363146 2.0863483555856486 -0.2722329378959776
v 0.1591252187916341 2.041073410012835 -0.24572378944958206
v -0.06305590379708692 0.43126153667153666 -2.1454908353255813
v -0.10020441810717429 0.2819732227254357 -2.278859448972991
v -0.032427524899886984 0.16080192438977092 -2.0606159344567923
v -0.08743415493912499 0.3796371789625068 -2.013431063978605
v 0.0302899801693223 2.044869430246706 -0.10573630930094077
v 0.0503475832096798 2.0625948673870935 0.019862301716358166
v 0.09826861418372651 1.9865571184414947 -0.10521555230248594
v 0.12957439468012927 1.9983358835847087 0.01838101498139305
v 0.08089905063761418 2.0435063214969804 -0.48689431472190803
v -0.0841240589819345 2.0399212822455097 -0.5010806454382873
v 0.11640455820161077 2.031687164604141 -0.5833242479271209
v 0.28227354935724946 2.031211229702837 -0.37471116958403833
v 0.3006737014668668 2.0247956742317634 -0.46009307438089553
v 0.43893503008415047 2.032828736081561 -0.33530661732774325
v 0.3891325818446246 2.019817338872318 -0.26736906861596627
v 0.508037267454832 2.011746496385528 -0.1106350921801576
v 0.47711149610987624 2.0119248132522967 -0.1107621120418979
v 0.0743277889682896 2.019769278678546 -0.26305594187804715
v 0.042953381558684695 2.036037847620358 -0.27079743319044225
v 0.10499514360019024 2.0171841107024524 -0.25876604607980747
v 0.3919642984872609 2.05671374328622 -0.08375479905159755
v -0.05801337576761789 2.0995061878957744 0.021678803840474742
v 0.3891325818446246 2.019817338872318 -0.26736906861596627
v -0.18196360825884095 2.077666123994855 -0.241697897707076
v -0.07420900201948512 2.083514239184328 -0.2773272019449484
v -0.07130684153037681 2.0296727387800533 -0.27655523377923735
v -0.18384453918886962 2.027104878938367 -0.24008092210082355
v 0.5437639340554244 1.6680669351722903 0.22454938052170118
v 0.4013591545061209 1.669383645733757 0.09937386386012692
v 0.36062877754313594 1.78603299702038 0.06893921273833348
v 0.36062877754313594 1.78603299702038 0.06893921273833348
v 0.5219311018153318 1.8972220422471204 0.1263492445326958
v 0.5437639340554244 1.6680669351722903 0.22454938052170118
v -0.578733040461318 1.9924008396657023 -0.1950811708921047
v -0.45640125365686707 1.994123517663248 -0.3564900555126065
v -0.4294284917206966 2.002772847652029 -0.2767875186562488
v 0.3006737014668668 2.0247956742317634 -0.46009307438089553
v 0.43893503008415047 2.032828736081561 -0.33530661732774325
v 0.28227354935724946 2.031211229702837 -0.37471116958403833
v -0.05801337576761789 2.0995061878957744 0.021678803840474742
v -0.5077616477786364 2.020508725140446 0.039255667107231065
v -0.5204896026616151 1.9835531053056077 -0.14136520128342217
v 0.36139380505626795 2.012919918738606 -0.13887740365956514
v 0.25253537206210364 2.005450031518517 -0.21942677215672984
v 0.45898949537218736 2.0106801266066023 -0.09557103937044337
v -0.09518955404562073 2.0121133251687997 -0.2731892510922718
v -0.12513092604231543 2.0103988750477764 -0.2648043212228064
v -0.07130684153037681 2.0296727387800533 -0.27655523377923735
v -0.07130684153037681 2.0296727387800533 -0.27655523377923735
v -0.15451555837242897 2.0084319978643155 -0.2527626381514523
v -0.18384453918886962 2.027104878938367 -0.24008092210082355
v 0.03574849816363146 2.0863483555856486 -0.2722329378959776
v -0.07130684153037681 2.0296727387800533 -0.27655523377923735
v -0.07420900201948512 2.083514239184328 -0.2773272019449484
v 0.042953381558684695 2.036037847620358 -0.27079743319044225
v -0.591057781018841 1.4588272041790653 0.21960665779934077
v -0.4559811188965917 1.6351324703293832 0.216186031850637
v -0.527071213279404 1.4771117334694452 -0.08513174287191529
v 0.042953381558684695 2.036037847620358 -0.27079743319044225
v 0.014464633976341235 2.015629748641243 -0.2764544344384346
v -0.07130684153037681 2.0296727387800533 -0.27655523377923735
v -0.47895625222709304 1.979284040817509 -0.02323140885317756
v -0.5683268886023316 1.9693838729108724 0.04593727435220411
v -0.38006047731288395 1.980178236961373 -0.13310226949590423
v -0.12513092604231543 2.0103988750477764 -0.2648043212228064
v -0.15451555837242897 2.0084319978643155 -0.2527626381514523
v -0.07130684153037681 2.0296727387800533 -0.27655523377923735
v -0.07130684153037681 2.0296727387800533 -0.27655523377923735
v -0.0162748728310792 2.014739990843173 -0.28007184131725715
v -0.045709646560173914 2.01425427535603 -0.2793263105526396
v 0.014464633976341235 2.015629748641243 -0.2764544344384346
v -0.0162748728310792 2.014739990843173 -0.28007184131725715
v -0.07130684153037681 2.0296727387800533 -0.27655523377923735
v -0.2449208588410968 2.0307704688676447 -0.44215155927864597
v -0.4294284917206966 2.002772847652029 -0.2767875186562488
v -0.45640125365686707 1.994123517663248 -0.3564900555126065
v -0.2893314534088128 2.015238296918382 -0.5277023925071802
v -0.0841240589819345 2.0399212822455097 -0.5010806454382873
v -0.08881665836876348 2.0294667544095892 -0.592199751305799
v 0.6148850594554232 0.10830984366475471 -1.7894418499856375
v 0.6439216940379817 0.21301281023223195 -1.7072167331331158
v 0.5326474629868707 0.19042855400561898 -1.773578875583409
v 0.7284505065613737 0.20998117062726052 -1.7549885704975274
v -0.08881665836876348 2.0294667544095892 -0.592199751305799
v 0.11640455820161077 2.031687164604141 -0.5833242479271209
v -0.0841240589819345 2.0399212822455097 -0.5010806454382873
v 0.3006737014668668 2.0247956742317634 -0.46009307438089553
v 0.08089905063761418 2.0435063214969804 -0.48689431472190803
v 0.4731737456388424 2.007970446548093 -0.10128634805621295
v 0.3802758315669831 2.015823220026866 -0.16641056962911255
v 0.45898949537218736 2.0106801266066023 -0.09557103937044337
v 0.36139380505626795 2.012919918738606 -0.13887740365956514
v 0.48295036882303477 2.0113336405404114 -0.09846969082572476
v 0.45898949537218736 2.0106801266066023 -0.09557103937044337
v -0.5838924998439545 1.965499664550631 0.04389033749392124
v -0.5938459226369313 1.9678964366574512 0.049175682357290286
v -0.5683268886023316 1.9693838729108724 0.04593727435220411
v -0.4996581517047354 1.9804745819559848 -0.04585492725443094
v -0.5683268886023316 1.9693838729108724 0.04593727435220411
v -0.47895625222709304 1.979284040817509 -0.02323140885317756
v 0.3891325818446246 2.019817338872318 -0.26736906861596627
v -0.05801337576761789 2.0995061878957744 0.021678803840474742
v 0.28227354935724946 2.031211229702837 -0.37471116958403833
v 0.08089905063761418 2.0435063214969804 -0.48689431472190803
v -0.0841240589819345 2.0399212822455097 -0.5010806454382873
v 0.5930152867085857 2.7309452573708004 -0.0421410738181901
v 0.5624917204100455 2.6184647834520325 -0.07587739228488999
v 0.32212239976048535 2.7103425774533516 0.08589775406158495
v 0.517435454333458 2.554598225632273 -0.13834210155279136
v -0.0841240589819345 2.0399212822455097 -0.5010806454382873
v -0.05801337576761789 2.0995061878957744 0.021678803840474742
v -0.2449208588410968 2.0307704688676447 -0.44215155927864597
v -0.4294284917206966 2.002772847652029 -0.2767875186562488
v -0.5204896026616151 1.9835531053056077 -0.14136520128342217
v -0.6890666885719693 2.506226240175201 0.02801610110524265
v -0.7323262625574413 2.56689555703131 0.10223370184335759
v -0.48860137330536424 2.6777323368386887 0.1960816600613759
v -0.7710745667385267 2.676378700687956 0.14456190355457216
v -0.45640125365686707 1.994123517663248 -0.3564900555126065
v -0.2893314534088128 2.015238296918382 -0.5277023925071802
v -0.2449208588410968 2.0307704688676447 -0.44215155927864597
v -0.14981259301077113 1.9713512336817511 -0.18286157089982913
v -0.21342448632421673 1.9739365478979156 -0.062130172573697934
v -0.11362899524394007 2.01096265141606 -0.16156425630472016
v -0.15281702115021567 2.0375563973840216 -0.08038713729948448
v -0.9765108456998823 0.7614341893361486 -1.3563225273501742
v -0.7500191057134594 0.5635419024263971 -1.8332233078542193
v -1.1177995440848423 0.39283391742005747 -1.664361878121571
v -1.0136142793938654 0.43634730947998923 -1.8738962515883428
v -0.11137335243921209 2.8815600902949807 -0.1803795709614091
v -0.16765251920741503 2.7377340837423665 -0.16749572478124547
v -0.22900922929602485 2.8815836729864923 -0.1401374107795848
v -0.38006047731288395 1.980178236961373 -0.13310226949590423
v -0.2210739398344652 1.988758320769437 -0.2734360288391561
v -0.3979940064890233 1.986439113374134 -0.17905306100517568
v -0.4996581517047354 1.9804745819559848 -0.04585492725443094
v -0.47895625222709304 1.979284040817509 -0.02323140885317756
v -0.23202210079947605 2.001357301551161 -0.3177338545677078
v -0.07473014577878613 2.006521404783598 -0.3635581512372435
v -0.07609947439247237 2.000929661634049 -0.38436867452094053
v 0.08464982059389003 2.014321433516415 -0.3605430136773448
v 0.08072317917638852 2.00095070127557 -0.3152939966758706
v 0.26416621008646624 2.012846587048319 -0.2708535163213315
v 0.25253537206210364 2.005450031518517 -0.21942677215672984
v 0.3802758315669831 2.015823220026866 -0.16641056962911255
v 0.36139380505626795 2.012919918738606 -0.13887740365956514
v 0.09826861418372651 1.9865571184414947 -0.10521555230248594
v 0.022588259639670066 1.9780586235607411 -0.20593739001785555
v -0.015417173684791008 2.014588082417156 -0.17454455966700705
v 0.0302899801693223 2.044869430246706 -0.10573630930094077
v 0.17017298412524184 2.704196231877538 -0.38292277604259756
v 0.20517954141711964 2.758530802518269 -0.4001144696390138
v 0.22082408382410518 2.7444021873515365 -0.4028981693939729
v 0.12774331197065103 2.7549759084538024 -0.37577907248474224
v -0.03900450300199998 2.742931579612655 -0.18521806865984325
v -0.11137335243921209 2.8815600902949807 -0.1803795709614091
v 0.00849484012062618 2.8911222846521776 -0.17312727475263362
v -0.527071213279404 1.4771117334694452 -0.08513174287191529
v -0.47889892226379904 1.1864398350468557 -0.7697458730746157
v -0.7874854260299508 0.7441697671696887 -0.6127660557116855
v -0.9765108456998823 0.7614341893361486 -1.3563225273501742
v 0.12774331197065103 2.7549759084538024 -0.37577907248474224
v 0.03817107071653414 2.8334659323022677 -0.29776969994498215
v 0.16319671554496384 2.816684947421268 -0.38065832867993316
v 0.00613461453197206 2.7465627901674656 -0.2939802722248669
v -0.08345343624918783 2.7341632863776577 -0.10401937300827307
v 0.03817107071653414 2.8334659323022677 -0.29776969994498215
v -0.042564628993899234 2.849677068083742 -0.10879226342980192
v 0.01642686389064174 2.827053447984084 0.0650046417677489
v -0.021681686359295127 2.7269686102523236 0.06926158523119941
v 0.11484086548826894 2.727118382884131 0.15902642165511616
v 0.01642686389064174 2.827053447984084 0.0650046417677489
v 0.16881616668858135 2.8034875319365526 0.15287412111119836
v 0.2931179296598089 2.731858216935246 0.17788542164456989
v 0.11484086548826894 2.727118382884131 0.15902642165511616
v 0.17267342074189018 2.6422694329319514 0.15018338309846763
v 0.11484086548826894 2.727118382884131 0.15902642165511616
v 0.023588229267394234 2.622457475082391 0.06287598599032129
v -0.021681686359295127 2.7269686102523236 0.06926158523119941
v -0.08345343624918783 2.7341632863776577 -0.10401937300827307
v 0.023588229267394234 2.622457475082391 0.06287598599032129
v -0.034163646981244966 2.620153487801164 -0.11180962961983892
v -0.08345343624918783 2.7341632863776577 -0.10401937300827307
v 0.04568667472429533 2.6673633629560234 -0.3008686419073126
v 0.00613461453197206 2.7465627901674656 -0.2939802722248669
v 0.12774331197065103 2.7549759084538024 -0.37577907248474224
v 0.04568667472429533 2.6673633629560234 -0.3008686419073126
v 0.17017298412524184 2.704196231877538 -0.38292277604259756
v -0.7384613607671886 0.08828680004875133 -1.702408537773238
v -1.1177995440848423 0.39283391742005747 -1.664361878121571
v -1.030314832909606 0.1046889838171452 -1.7957202507632655
v 0.0302899801693223 2.044869430246706 -0.10573630930094077
v -0.16163745217237188 2.0545436919748292 0.04961375768432061
v 0.0503475832096798 2.0625948673870935 0.019862301716358166
v -0.15281702115021567 2.0375563973840216 -0.08038713729948448
v -0.11362899524394007 2.01096265141606 -0.16156425630472016
v -0.015417173684791008 2.014588082417156 -0.17454455966700705
v -0.14981259301077113 1.9713512336817511 -0.18286157089982913
v 0.022588259639670066 1.9780586235607411 -0.20593739001785555
v 0.08072317917638852 2.00095070127557 -0.3152939966758706
v -0.07473014577878613 2.006521404783598 -0.3635581512372435
v -0.04579258706424276 1.8239068455864675 -0.016131889468632865
v -0.40551660964487846 0.2399536151117041 -2.4824915270203904
v -0.35673972107769647 0.38843382148082295 -2.3411321910922975
v -0.3417575236003437 0.34858051922554223 -2.472985610743191
v -0.07473014577878613 2.006521404783598 -0.3635581512372435
v -0.2210739398344652 1.988758320769437 -0.2734360288391561
v -0.04579258706424276 1.8239068455864675 -0.016131889468632865
v 0.20404777564023746 0.48411074289291545 -1.8109519331696204
v 0.22768532562434385 0.20861195021561163 -1.8023550152934624
v 0.17763356283378606 0.43477396448594585 -1.6947037541088927
v 0.19148634068419046 0.3125188008569124 -1.953004696760439
v 0.8094011321418539 0.47945634302058404 -1.1565663863447795
v 0.5972029287053416 0.7370048588227567 -1.2115271876623313
v 0.7240479156914803 0.5092132944358035 -1.5086498879357078
v -0.04579258706424276 1.8239068455864675 -0.016131889468632865
v 0.25253537206210364 2.005450031518517 -0.21942677215672984
v 0.08072317917638852 2.00095070127557 -0.3152939966758706
v 0.17905982178802615 0.5610321374004588 -1.6427857618402975
v 0.20404777564023746 0.48411074289291545 -1.8109519331696204
v 0.17763356283378606 0.43477396448594585 -1.6947037541088927
v 0.45898949537218736 2.0106801266066023 -0.09557103937044337
v 0.25253537206210364 2.005450031518517 -0.21942677215672984
v -0.04579258706424276 1.8239068455864675 -0.016131889468632865
v -0.38006047731288395 1.980178236961373 -0.13310226949590423
v -0.04579258706424276 1.8239068455864675 -0.016131889468632865
v -0.2210739398344652 1.988758320769437 -0.2734360288391561
v -0.3378714963388089 2.7830621088474756 0.22277879434218417
v -0.4523171323320545 2.7021180472919695 0.27996286361718214
v -0.2768302541683968 2.710894839094735 0.21297703751184893
v -0.32797758616003103 2.6219248569683717 0.21937379135218343
v -0.2768302541683968 2.710894839094735 0.21297703751184893
v -0.20315298820063116 2.81808750312671 0.0958101192627861
v -0.15530878019338595 2.7217965275768696 0.0884736977722883
v -0.11401346492947312 2.732811305129678 -0.09930506018942986
v -0.20315298820063116 2.81808750312671 0.0958101192627861
v -0.16548557415889326 2.845110628391983 -0.09185350377214307
v -0.19231779176003438 2.6138000239522747 0.09136073574271147
v -0.2768302541683968 2.710894839094735 0.21297703751184893
v -0.15530878019338595 2.7217965275768696 0.0884736977722883
v -0.11401346492947312 2.732811305129678 -0.09930506018942986
v -0.2658652960651783 2.821650089393192 -0.255724477894535
v -0.22757204653006863 2.737481563224335 -0.26151741901535563
v -0.11401346492947312 2.732811305129678 -0.09930506018942986
v -0.19231779176003438 2.6138000239522747 0.09136073574271147
v -0.15876658676401056 2.614973209411005 -0.09455884110984303
v -0.2658652960651783 2.821650089393192 -0.255724477894535
v -0.35423522745089414 2.7354914940553883 -0.30983285554912815
v -0.3978880155795397 2.794033945529189 -0.303112963477355
v -0.25231303593194776 2.655628367172445 -0.2595376848341354
v -0.11401346492947312 2.732811305129678 -0.09930506018942986
v -0.22757204653006863 2.737481563224335 -0.26151741901535563
v -0.25231303593194776 2.655628367172445 -0.2595376848341354
v -0.35423522745089414 2.7354914940553883 -0.30983285554912815
v -0.3909736640162714 2.6816552717960658 -0.30539127468875327
v -0.4361927939411548 2.7328270364334055 -0.31177318755216
v -0.4463149536368074 2.717651152255677 -0.3113739346969681
v -0.35423522745089414 2.7354914940553883 -0.30983285554912815
v -0.5683268886023316 1.9693838729108724 0.04593727435220411
v -0.04579258706424276 1.8239068455864675 -0.016131889468632865
v -0.38006047731288395 1.980178236961373 -0.13310226949590423
v -0.48860137330536424 2.6777323368386887 0.1960816600613759
v -0.22900922929602485 2.8815836729864923 -0.1401374107795848
v -0.16765251920741503 2.7377340837423665 -0.16749572478124547
v 0.013084680558472367 2.5436707944081025 -0.6040203530611
v -0.015150703772285723 2.458508935337999 -0.5137709939211165
v -0.04560078965569818 2.472949902628102 -0.6029935018409837
v 0.060280874327127726 2.5434635994577275 -0.47079010516575065
v -0.16333502960098312 0.18766790666186184 -1.9808103606331984
v -0.13535732374438625 0.3672759382308748 -2.222225398912619
v -0.144033344219067 0.5020721177743381 -2.020178484745872
v 0.507522951654129 0.33148479952318555 -1.9546483881114987
v 0.5208463033490818 0.3034853363882748 -2.071128762654834
v 0.4525448495756743 0.28865048152935513 -1.9850911640574673
v 0.48050986370451476 0.1731097980142109 -2.02501334222258
v -0.09537622874922114 0.31054908777982826 -2.3959868325317815
v 0.022122137587509028 0.3238517004112693 -2.454370080610443
v -0.06729287585993882 0.2144311968620607 -2.4405530817138117
v -0.03050398436861823 0.35385647228562833 -2.276792365987942
v 0.32212239976048535 2.7103425774533516 0.08589775406158495
v -0.03900450300199998 2.742931579612655 -0.18521806865984325
v 0.00849484012062618 2.8911222846521776 -0.17312727475263362
v -0.5870144689179543 2.580431226432247 -0.21468438505393514
v -0.6086073776023058 2.513436476440089 -0.033179209758501624
v -0.6818241699421898 2.6381958601210584 -0.20097558641271177
v -0.5553462808384237 2.675092358687941 -0.2832724301566648
v -0.7360316235791113 2.5922533375984074 -0.015127254432856667
v -0.7090252703185334 2.5931664944469635 0.1624650931683032
v -0.5968892890127941 2.5222560589063296 0.14742655520142567
v -0.5675351522965116 2.6124326574679246 0.2525925010851663
v 0.47711149610987624 2.0119248132522967 -0.1107621120418979
v 0.3919642984872609 2.05671374328622 -0.08375479905159755
v 0.3891325818446246 2.019817338872318 -0.26736906861596627
v -0.05580491033131951 0.3695674544699672 -2.2520737458230164
v -0.10020441810717429 0.2819732227254357 -2.278859448972991
v -0.06305590379708692 0.43126153667153666 -2.1454908353255813
v 0.5529354543139354 2.6434115914618133 -0.19248249203763268
v 0.5451509514205498 2.643285675014079 -0.009745867795229235
v 0.4335221484809689 2.5552455487890366 -0.17741856788444715
v 0.43920358094501166 2.5639842841297793 0.0039014620527499932
v 0.4695326547111264 2.6840547720182744 -0.358633292259063
v 0.38297926605060517 2.619480902354572 -0.3472910839024335
v 0.3344836839303845 2.7108691867962693 -0.40505548442341993
v 0.5451509514205498 2.643285675014079 -0.009745867795229235
v 0.41223098687837056 2.6517616324323985 0.11696467336548455
v -0.5204896026616151 1.9835531053056077 -0.14136520128342217
v -0.5077616477786364 2.020508725140446 0.039255667107231065
v -0.5889789034242461 1.96946222696954 0.03637589753932919
v 0.508037267454832 2.011746496385528 -0.1106350921801576
v 0.5190284155793505 1.9896536909245974 -0.07554663275642187
v 0.48295036882303477 2.0113336405404114 -0.09846969082572476
v -0.15640340456536184 0.13663347180846142 -2.2096829673167515
v -0.12400987068331804 0.2565976454259138 -2.500813710483125
v -0.15941380920191428 0.3863630485197791 -2.3589879956797395
v -0.13535732374438625 0.3672759382308748 -2.222225398912619
v -0.5938459226369313 1.9678964366574512 0.049175682357290286
v -0.6239905881606281 1.9433890467452153 0.08122341774766083
v -0.6193586837476368 1.966541098422121 0.04412396221091231
v -0.4559811188965917 1.6351324703293832 0.216186031850637
v -0.591057781018841 1.4588272041790653 0.21960665779934077
v -0.5813308523591761 1.6223749578012197 0.37913504454777247
v 0.6252507972667106 2.2891832278066033 0.2773002071383876
v 0.6737323227618534 2.2832721873726207 0.33158496356846034
v 0.6243221185257731 2.318165296025189 0.3811390825128495
v 0.7409475810310002 2.309087577443263 0.41436701596111014
v -0.2761832668036703 2.530012062034091 -0.42376013299032467
v -0.1982577050918236 2.451195902475315 -0.4884218219196599
v -0.218172912119308 2.477153097848107 -0.3854798712907949
v 0.4796004900707097 0.24097606138542282 -1.8872875703891916
v 0.4525448495756743 0.28865048152935513 -1.9850911640574673
v 0.48050986370451476 0.1731097980142109 -2.02501334222258
v -0.8210004988273965 2.246585127433911 0.6291640735873607
v -0.76118781849189 2.225243352724551 0.528985570017184
v -0.710828040585069 2.2645958146978282 0.5652196290494814
v -0.7206052537699754 2.2346391288790386 0.46188811727680745
v 0.7240479156914803 0.5092132944358035 -1.5086498879357078
v 0.7551336773457951 0.3314980845026798 -1.711515874962474
v 0.6186682780104256 0.4699897192644902 -1.7019860131856075
v 0.7165014629585419 0.4061549897287535 -1.7901803187075305
v -0.015150703772285723 2.458508935337999 -0.5137709939211165
v 0.060280874327127726 2.5434635994577275 -0.47079010516575065
v 0.013604086256922554 2.4860606533352634 -0.41768615104290435
v -0.5498922048826674 0.4818294894027073 -1.894031136631516
v -0.5107540341724279 0.23563454038057818 -1.8698732333870298
v -0.5698295757151057 0.4481677151860355 -1.9872142109874367
v -0.2511126152385722 0.4718879460396852 -2.2389197167261172
v -0.2584114764672546 0.38419548049432795 -2.372824296087027
v -0.35673972107769647 0.38843382148082295 -2.3411321910922975
v -1.0136142793938654 0.43634730947998923 -1.8738962515883428
v -0.736865954816919 0.5043776243018785 -2.0915642347318575
v -0.9940650743054773 0.28953594416224604 -2.0115469690090593
v -0.9348547127988983 0.40047201290360257 -2.246207512911823
v -0.2584114764672546 0.38419548049432795 -2.372824296087027
v -0.2511126152385722 0.4718879460396852 -2.2389197167261172
v -0.15941380920191428 0.3863630485197791 -2.3589879956797395
v 0.5437639340554244 1.6680669351722903 0.22454938052170118
v 0.4344317708194374 1.5102680178150607 -0.11370459933461835
v 0.4013591545061209 1.669383645733757 0.09937386386012692
v -0.144033344219067 0.5020721177743381 -2.020178484745872
v -0.14699076871185113 0.5269220731649447 -1.79227093189879
v -0.1268704118126721 0.3839891974786589 -1.8434962852656467
v 0.3635970664842799 0.3270485821333238 -2.237403730695163
v 0.2219944456534121 0.31656111482558846 -2.2235983840778193
v 0.31411735401941787 0.3821084599061204 -2.1007901825423065
v 0.29203453542849067 0.24676417774333426 -2.2780521405701992
v -0.11571365605523659 2.9215382517609148 -0.22424743415274556
v 0.13218238524913617 3.0224018509053403 -0.25844799926703227
v 0.1558294323753946 2.9578759846833833 -0.24426187900488383
v -0.3724517810584247 3.0019300156510242 -0.1887721717959803
v -0.11571365605523659 2.9215382517609148 -0.22424743415274556
v -0.3876406665087791 2.9363478586526477 -0.1689702195239862
v 0.11357876589074756 0.3641330859688099 -2.2789074047093343
v 0.15218504925901566 0.28360516954662063 -2.2734952726398885
v 0.11962597564064803 0.3098601234860312 -2.414316489710528
v 0.13218238524913617 3.0224018509053403 -0.25844799926703227
v -0.11571365605523659 2.9215382517609148 -0.22424743415274556
v -0.1209309145615291 2.9893414178911026 -0.24119338287118552
v -0.11571365605523659 2.9215382517609148 -0.22424743415274556
v -0.3724517810584247 3.0019300156510242 -0.1887721717959803
v -0.1209309145615291 2.9893414178911026 -0.24119338287118552
v -0.5683268886023316 1.9693838729108724 0.04593727435220411
v -0.5077616477786364 2.020508725140446 0.039255667107231065
v -0.04579258706424276 1.8239068455864675 -0.016131889468632865
v 0.3919642984872609 2.05671374328622 -0.08375479905159755
v 0.45898949537218736 2.0106801266066023 -0.09557103937044337
v -0.04579258706424276 1.8239068455864675 -0.016131889468632865
v -0.3736719603755193 0.1426603244000768 -2.22149480658373
v -0.35673972107769647 0.38843382148082295 -2.3411321910922975
v -0.40551660964487846 0.2399536151117041 -2.4824915270203904
v 0.2965543444945666 1.5111953645686438 -0.21912852570871172
v 0.4013591545061209 1.669383645733757 0.09937386386012692
v 0.4344317708194374 1.5102680178150607 -0.11370459933461835
v -0.05801337576761789 2.0995061878957744 0.021678803840474742
v 0.3919642984872609 2.05671374328622 -0.08375479905159755
v -0.04579258706424276 1.8239068455864675 -0.016131889468632865
v -0.5077616477786364 2.020508725140446 0.039255667107231065
v -0.05801337576761789 2.0995061878957744 0.021678803840474742
v -0.04579258706424276 1.8239068455864675 -0.016131889468632865
v 0.12334680777040508 0.18919741368902399 -2.0712202924779004
v 0.15218504925901566 0.28360516954662063 -2.2734952726398885
v 0.10457908633365343 0.4204394797243902 -2.0967149592282337
v -0.40551660964487846 0.2399536151117041 -2.4824915270203904
v -0.3417575236003437 0.34858051922554223 -2.472985610743191
v -0.3505072391916607 0.3162247305540813 -2.5429209244815323
v -0.16765251920741503 2.7377340837423665 -0.16749572478124547
v -0.11137335243921209 2.8815600902949807 -0.1803795709614091
v -0.10465242707350947 2.7413549301575983 -0.19200905474635416
v -0.22900922929602485 2.8815836729864923 -0.1401374107795848
v -0.11571365605523659 2.9215382517609148 -0.22424743415274556
v -0.736865954816919 0.5043776243018785 -2.0915642347318575
v -0.5379134924569368 0.41535466577434876 -2.2784741830146262
v -0.7321553291002639 0.4105522283193648 -2.2486428975324895
v -0.11137335243921209 2.8815600902949807 -0.1803795709614091
v -0.03900450300199998 2.742931579612655 -0.18521806865984325
v -0.10465242707350947 2.7413549301575983 -0.19200905474635416
v -0.11571365605523659 2.9215382517609148 -0.22424743415274556
v 0.00849484012062618 2.8911222846521776 -0.17312727475263362
v 0.11357876589074756 0.3641330859688099 -2.2789074047093343
v 0.10457908633365343 0.4204394797243902 -2.0967149592282337
v 0.15218504925901566 0.28360516954662063 -2.2734952726398885
v 0.39543349756175483 0.509324913879831 -1.59734731831777
v 0.300655279663366 0.5976194245596336 -1.5986595048468488
v 0.3198150082141953 0.7450589679910365 -1.2902261207168415
v 0.3971167339531966 0.462418486191027 -1.7804893451813135
v -0.05580491033131951 0.3695674544699672 -2.2520737458230164
v -0.06305590379708692 0.43126153667153666 -2.1454908353255813
v 0.03161530172622362 0.3908369426127625 -2.247893942255525
v -0.03050398436861823 0.35385647228562833 -2.276792365987942
v -0.05580491033131951 0.3695674544699672 -2.2520737458230164
v 0.3198150082141953 0.7450589679910365 -1.2902261207168415
v 0.5972029287053416 0.7370048588227567 -1.2115271876623313
v 0.48154110143489126 0.5898419119692042 -1.4464019105782722
v -0.9348547127988983 0.40047201290360257 -2.246207512911823
v -0.736865954816919 0.5043776243018785 -2.0915642347318575
v -0.7321553291002639 0.4105522283193648 -2.2486428975324895
v 0.09982090154013656 1.5074016320770383 -0.2690884264646156
v 0.21115636812883531 1.043671240028634 -0.7461276480924968
v -0.09778436886005741 1.5031715138332808 -0.3197822393595388
v 0.2965543444945666 1.5111953645686438 -0.21912852570871172
v -0.1982577050918236 2.451195902475315 -0.4884218219196599
v -0.10845915971220882 2.4382048577538775 -0.5468373388564428
v -0.10506373676354636 2.4465425682144133 -0.4772012451920454
v -0.015150703772285723 2.458508935337999 -0.5137709939211165
v -0.1799758769015337 2.4671213505792835 -0.5844875737414467
v -0.04560078965569818 2.472949902628102 -0.6029935018409837
v -0.11228659955729671 2.4586619537855734 -0.5989707702831678
v 0.21115636812883531 1.043671240028634 -0.7461276480924968
v -0.14859733519024393 1.0593470651358663 -0.82593085808909
v -0.09778436886005741 1.5031715138332808 -0.3197822393595388
v -0.14859733519024393 1.0593470651358663 -0.82593085808909
v -0.47889892226379904 1.1864398350468557 -0.7697458730746157
v -0.09778436886005741 1.5031715138332808 -0.3197822393595388
v 0.45898949537218736 2.0106801266066023 -0.09557103937044337
v 0.3919642984872609 2.05671374328622 -0.08375479905159755
v 0.47711149610987624 2.0119248132522967 -0.1107621120418979
v 0.48154110143489126 0.5898419119692042 -1.4464019105782722
v 0.39543349756175483 0.509324913879831 -1.59734731831777
v 0.3198150082141953 0.7450589679910365 -1.2902261207168415
v -0.5683268886023316 1.9693838729108724 0.04593727435220411
v -0.5889789034242461 1.96946222696954 0.03637589753932919
v -0.5077616477786364 2.020508725140446 0.039255667107231065
v -0.12400987068331804 0.2565976454259138 -2.500813710483125
v -0.17914429952236433 0.3494466713769726 -2.492893766478629
v -0.15941380920191428 0.3863630485197791 -2.3589879956797395
v -0.17241578041371663 0.3119382266061783 -2.559963119927865
v 0.1161795497806345 1.6653875783391778 -0.006421933208375641
v -0.04079355513622543 1.709035874117983 -0.04709580849705142
v 0.11023615556114597 1.7259649279111113 0.007480855315987023
v 0.36062877754313594 1.78603299702038 0.06893921273833348
v 0.4013591545061209 1.669383645733757 0.09937386386012692
v -0.04169389587461941 1.6646544271623955 -0.08809422145341457
v -0.18773298296705843 1.6533516518088895 0.03565101653953916
v -0.18670571985505116 1.7139672178313556 0.047821326792743035
v -0.43105128268353254 1.7539916417237549 0.17772809979406795
v -0.4559811188965917 1.6351324703293832 0.216186031850637
v 0.6516555026344579 0.29243588698085876 -2.040084159329059
v 0.5208463033490818 0.3034853363882748 -2.071128762654834
v 0.6309499816002173 0.3380179230818454 -1.9756945683107214
v 0.09982090154013656 1.5074016320770383 -0.2690884264646156
v -0.04169389587461941 1.6646544271623955 -0.08809422145341457
v 0.1161795497806345 1.6653875783391778 -0.006421933208375641
v 0.6309499816002173 0.3380179230818454 -1.9756945683107214
v 0.6836306169616101 0.36427876658031977 -1.9280446783138752
v 0.6516555026344579 0.29243588698085876 -2.040084159329059
v 0.21115636812883531 1.043671240028634 -0.7461276480924968
v 0.57235409740798 0.9707266434213894 -0.6408544194852727
v 0.5972029287053416 0.7370048588227567 -1.2115271876623313
v 0.2965543444945666 1.5111953645686438 -0.21912852570871172
v -0.31320687136160674 1.489724662491557 -0.20228711284082462
v -0.18773298296705843 1.6533516518088895 0.03565101653953916
v -0.04169389587461941 1.6646544271623955 -0.08809422145341457
v -0.09778436886005741 1.5031715138332808 -0.3197822393595388
v 0.48154110143489126 0.5898419119692042 -1.4464019105782722
v 0.4802067441561588 0.4987553677751806 -1.5803482659970345
v 0.39543349756175483 0.509324913879831 -1.59734731831777
v 0.2965543444945666 1.5111953645686438 -0.21912852570871172
v 0.09982090154013656 1.5074016320770383 -0.2690884264646156
v 0.1161795497806345 1.6653875783391778 -0.006421933208375641
v -0.04169389587461941 1.6646544271623955 -0.08809422145341457
v -0.09778436886005741 1.5031715138332808 -0.3197822393595388
v 0.1161795497806345 1.6653875783391778 -0.006421933208375641
v 0.4013591545061209 1.669383645733757 0.09937386386012692
v 0.2965543444945666 1.5111953645686438 -0.21912852570871172
v -0.218172912119308 2.477153097848107 -0.3854798712907949
v -0.1982577050918236 2.451195902475315 -0.4884218219196599
v -0.10506373676354636 2.4465425682144133 -0.4772012451920454
v -0.10506373676354636 2.4465425682144133 -0.4772012451920454
v -0.015150703772285723 2.458508935337999 -0.5137709939211165
v 0.013604086256922554 2.4860606533352634 -0.41768615104290435
v -0.4559811188965917 1.6351324703293832 0.216186031850637
v -0.18773298296705843 1.6533516518088895 0.03565101653953916
v -0.527071213279404 1.4771117334694452 -0.08513174287191529
v -0.31320687136160674 1.489724662491557 -0.20228711284082462
v -0.46272009466778186 2.563803917323189 -0.23140449091324458
v -0.4411476120492187 2.4878165856478587 -0.05685048575467522
v -0.5870144689179543 2.580431226432247 -0.21468438505393514
v -0.6086073776023058 2.513436476440089 -0.033179209758501624
v -0.4452231026821073 2.501468986015353 0.12557814926065783
v -0.5968892890127941 2.5222560589063296 0.14742655520142567
v -0.4452231026821073 2.501468986015353 0.12557814926065783
v -0.5675351522965116 2.6124326574679246 0.2525925010851663
v -0.4445966869172153 2.577476468124088 0.2349412214231715
v -0.4719565602508321 2.6518932322822915 -0.2940013237347888
v -0.5870144689179543 2.580431226432247 -0.21468438505393514
v -0.5553462808384237 2.675092358687941 -0.2832724301566648
v -0.4719565602508321 2.6518932322822915 -0.2940013237347888
v -0.5027036014367403 2.7153619438073076 -0.3034905331167078
v -0.47565685555066617 2.7065594250095195 -0.3067756286487881
v 0.4335221484809689 2.5552455487890366 -0.17741856788444715
v 0.29013022676163774 2.5311110910530026 0.024686527633917543
v 0.2664474355890685 2.516347792029144 -0.15431644516259657
v 0.43920358094501166 2.5639842841297793 0.0039014620527499932
v 0.38297926605060517 2.619480902354572 -0.3472910839024335
v 0.2609314246270831 2.5926240772462057 -0.3307843994930417
v 0.2535627047128332 2.6809971054718886 -0.3936516696207217
v 0.38297926605060517 2.619480902354572 -0.3472910839024335
v 0.3344836839303845 2.7108691867962693 -0.40505548442341993
v 0.41223098687837056 2.6517616324323985 0.11696467336548455
v 0.29013022676163774 2.5311110910530026 0.024686527633917543
v 0.29374414045238595 2.607029530321534 0.1328025407426084
v 0.27721273162403803 2.746691395799906 -0.41078157097423307
v 0.2535627047128332 2.6809971054718886 -0.3936516696207217
v 0.25085832763603555 2.735510625713546 -0.4074303239798759
v -0.47889892226379904 1.1864398350468557 -0.7697458730746157
v -0.527071213279404 1.4771117334694452 -0.08513174287191529
v -0.31320687136160674 1.489724662491557 -0.20228711284082462
v -0.09778436886005741 1.5031715138332808 -0.3197822393595388
v 0.48050986370451476 0.1731097980142109 -2.02501334222258
v 0.47988013737881374 0.10581058305234037 -1.9220905840789047
v 0.4796004900707097 0.24097606138542282 -1.8872875703891916
v -0.17914429952236433 0.3494466713769726 -2.492893766478629
v -0.17241578041371663 0.3119382266061783 -2.559963119927865
v -0.25547570234249284 0.3421260537448474 -2.548771623360732
v 0.3971167339531966 0.462418486191027 -1.7804893451813135
v 0.423385743720742 0.33240760923624224 -1.9404936985172863
v 0.31731970628964734 0.45222784466400556 -1.9612162946903982
v 0.41088754913192815 0.3860236854143404 -2.0980489163792893
v -0.14859733519024393 1.0593470651358663 -0.82593085808909
v -0.2083918880122595 0.7986236166150901 -1.215443202072548
v -0.45286072445712533 0.695659128683118 -1.4576279243857058
v -0.47889892226379904 1.1864398350468557 -0.7697458730746157
v -0.14859733519024393 1.0593470651358663 -0.82593085808909
v -0.45286072445712533 0.695659128683118 -1.4576279243857058
v 0.48154110143489126 0.5898419119692042 -1.4464019105782722
v 0.5972029287053416 0.7370048588227567 -1.2115271876623313
v 0.4802067441561588 0.4987553677751806 -1.5803482659970345
v 0.6309499816002173 0.3380179230818454 -1.9756945683107214
v 0.507522951654129 0.33148479952318555 -1.9546483881114987
v 0.5852774337335824 0.37951415014982315 -1.9067156236237968
v 0.0298108233774127 0.7490851870833459 -1.3189463022113879
v -0.2083918880122595 0.7986236166150901 -1.215443202072548
v -0.14859733519024393 1.0593470651358663 -0.82593085808909
v -0.4715056266463157 0.4566514856534891 -1.8771737060678602
v -0.45286072445712533 0.695659128683118 -1.4576279243857058
v -0.3734071175867687 0.5903780330525049 -1.671672686139654
v 0.09506642764735129 2.5417303817200327 -0.13014588610035338
v 0.04568667472429533 2.6673633629560234 -0.3008686419073126
v 0.13657513335990085 2.6093614281658697 -0.31407815748246626
v 0.17017298412524184 2.704196231877538 -0.38292277604259756
v -0.034163646981244966 2.620153487801164 -0.11180962961983892
v 0.023588229267394234 2.622457475082391 0.06287598599032129
v 0.13753029596817734 2.551571820002434 0.0457871575869323
v 0.17267342074189018 2.6422694329319514 0.15018338309846763
v 0.023588229267394234 2.622457475082391 0.06287598599032129
v -0.45286072445712533 0.695659128683118 -1.4576279243857058
v -0.9765108456998823 0.7614341893361486 -1.3563225273501742
v -0.47889892226379904 1.1864398350468557 -0.7697458730746157
v -0.7500191057134594 0.5635419024263971 -1.8332233078542193
v -0.5498922048826674 0.4818294894027073 -1.894031136631516
v -0.45286072445712533 0.695659128683118 -1.4576279243857058
v -0.4715056266463157 0.4566514856534891 -1.8771737060678602
v -0.5107540341724279 0.23563454038057818 -1.8698732333870298
v -0.25231303593194776 2.655628367172445 -0.2595376848341354
v -0.2750688173803545 2.5268670148933223 -0.07894825903137087
v -0.3406103362272502 2.590550700620949 -0.24789731147390243
v -0.3909736640162714 2.6816552717960658 -0.30539127468875327
v -0.15876658676401056 2.614973209411005 -0.09455884110984303
v -0.19231779176003438 2.6138000239522747 0.09136073574271147
v -0.2960878314817237 2.534232137281524 0.10480694752822417
v -0.32797758616003103 2.6219248569683717 0.21937379135218343
v -0.5553662087270287 0.4076168021940374 -2.441176289193941
v -0.5379134924569368 0.41535466577434876 -2.2784741830146262
v -0.47198560261140166 0.2238270597032761 -2.4404946778736023
v -0.5720139149518456 0.3447901896315433 -2.5466126736690016
v 0.21326253665230366 0.3709787623104672 -2.0750508140643853
v 0.2219944456534121 0.31656111482558846 -2.2235983840778193
v 0.16997348901324216 0.22973756926264244 -2.2055736174050105
v 0.2664474355890685 2.516347792029144 -0.15431644516259657
v 0.13753029596817734 2.551571820002434 0.0457871575869323
v 0.09506642764735129 2.5417303817200327 -0.13014588610035338
v 0.29013022676163774 2.5311110910530026 0.024686527633917543
v 0.13657513335990085 2.6093614281658697 -0.31407815748246626
v 0.2609314246270831 2.5926240772462057 -0.3307843994930417
v 0.29013022676163774 2.5311110910530026 0.024686527633917543
v 0.17267342074189018 2.6422694329319514 0.15018338309846763
v 0.29374414045238595 2.607029530321534 0.1328025407426084
v 0.2535627047128332 2.6809971054718886 -0.3936516696207217
v 0.13657513335990085 2.6093614281658697 -0.31407815748246626
v 0.17017298412524184 2.704196231877538 -0.38292277604259756
v 0.22082408382410518 2.7444021873515365 -0.4028981693939729
v 0.2535627047128332 2.6809971054718886 -0.3936516696207217
v 0.25085832763603555 2.735510625713546 -0.4074303239798759
v 0.184260026684969 0.6313472498218028 -1.5117447117485212
v 0.17905982178802615 0.5610321374004588 -1.6427857618402975
v 0.11535091424525745 0.5553335620213493 -1.6793153209153773
v -0.4719565602508321 2.6518932322822915 -0.2940013237347888
v -0.3406103362272502 2.590550700620949 -0.24789731147390243
v -0.46272009466778186 2.563803917323189 -0.23140449091324458
v -0.3909736640162714 2.6816552717960658 -0.30539127468875327
v -0.4719565602508321 2.6518932322822915 -0.2940013237347888
v -0.4463149536368074 2.717651152255677 -0.3113739346969681
v -0.47565685555066617 2.7065594250095195 -0.3067756286487881
v -0.3406103362272502 2.590550700620949 -0.24789731147390243
v -0.4411476120492187 2.4878165856478587 -0.05685048575467522
v -0.2750688173803545 2.5268670148933223 -0.07894825903137087
v -0.2960878314817237 2.534232137281524 0.10480694752822417
v -0.4452231026821073 2.501468986015353 0.12557814926065783
v -0.32797758616003103 2.6219248569683717 0.21937379135218343
v -0.4452231026821073 2.501468986015353 0.12557814926065783
v -0.4445966869172153 2.577476468124088 0.2349412214231715
v 0.0109608181980827 0.5277196256182561 -1.907123241087834
v 0.11535091424525745 0.5553335620213493 -1.6793153209153773
v 0.1478386602695505 0.40290761033189004 -1.919315330844901
v 0.10457908633365343 0.4204394797243902 -2.0967149592282337
v -0.25547570234249284 0.3421260537448474 -2.548771623360732
v -0.3505072391916607 0.3162247305540813 -2.5429209244815323
v -0.3417575236003437 0.34858051922554223 -2.472985610743191
v 0.0298108233774127 0.7490851870833459 -1.3189463022113879
v -0.14859733519024393 1.0593470651358663 -0.82593085808909
v 0.3198150082141953 0.7450589679910365 -1.2902261207168415
v 0.21115636812883531 1.043671240028634 -0.7461276480924968
v -0.08743415493912499 0.3796371789625068 -2.013431063978605
v -0.08680383124172786 0.5375492313006666 -1.7718856974795707
v 0.0109608181980827 0.5277196256182561 -1.907123241087834
v -0.06305590379708692 0.43126153667153666 -2.1454908353255813
v -0.4016767449157411 0.500791210409083 -1.8992027434339755
v -0.4715056266463157 0.4566514856534891 -1.8771737060678602
v -0.3734071175867687 0.5903780330525049 -1.671672686139654
v 0.6836306169616101 0.36427876658031977 -1.9280446783138752
v 0.6309499816002173 0.3380179230818454 -1.9756945683107214
v 0.5852774337335824 0.37951415014982315 -1.9067156236237968
v 0.3198150082141953 0.7450589679910365 -1.2902261207168415
v 0.184260026684969 0.6313472498218028 -1.5117447117485212
v 0.0298108233774127 0.7490851870833459 -1.3189463022113879
v 0.3198150082141953 0.7450589679910365 -1.2902261207168415
v 0.21115636812883531 1.043671240028634 -0.7461276480924968
v 0.5972029287053416 0.7370048588227567 -1.2115271876623313
v -0.45286072445712533 0.695659128683118 -1.4576279243857058
v -0.2083918880122595 0.7986236166150901 -1.215443202072548
v -0.24814431637213663 0.6731860838420107 -1.44581098785275
v -0.7507662170197307 2.870723814990402 0.06833767527239876
v -0.6469102720726759 2.924854509329459 -0.07523806124913884
v -0.48860137330536424 2.6777323368386887 0.1960816600613759
v -0.13535732374438625 0.3672759382308748 -2.222225398912619
v -0.2511126152385722 0.4718879460396852 -2.2389197167261172
v -0.144033344219067 0.5020721177743381 -2.020178484745872
v -0.15941380920191428 0.3863630485197791 -2.3589879956797395
v 0.42104787313024683 2.967600808878796 -0.22264650813650155
v 0.544799759359501 2.9229495107844885 -0.109067234414297
v 0.32212239976048535 2.7103425774533516 0.08589775406158495
v -0.5498922048826674 0.4818294894027073 -1.894031136631516
v -0.45286072445712533 0.695659128683118 -1.4576279243857058
v -0.4715056266463157 0.4566514856534891 -1.8771737060678602
v 0.6954538498389247 2.541703533527789 0.35038283948386484
v 0.6734411370710108 2.781046302099876 0.2814765769684202
v 0.6806407077301687 2.541190714874572 0.35311388388716314
v 0.7003775326971807 2.5206693874589323 0.3464870485604574
v 0.6618827128052308 2.7180216006013365 0.5427846896395767
v 0.668005592572412 2.6778639256657026 0.5295496617919567
v 0.6470079104227183 2.717249849142216 0.5437358809124991
v 0.5661132175703233 2.4354785097731386 0.6051167449522122
v 0.6855027303146687 2.5198976359998118 0.34743823983338007
v 0.5504901650328132 2.4344192635571633 0.6071277410652249
v 0.6753534029382807 2.7487404449019825 0.26906479668854033
v 0.7043819549608459 2.5463679048646988 0.06472184977767614
v 0.686396077361711 2.545536305250484 0.06512638312531194
v 0.6605402608295248 2.748227626248765 0.2717958410918386
v 0.6593762451172528 2.780820978203513 0.283147816531628
v 0.6539407006186536 2.6776386017693397 0.5312209013551642
v 0.552478802053472 2.408672227083603 0.5998812579675994
v 0.561564873121807 2.4085539895582917 0.5979337977852405
v 0.4559440526399048 2.6347581939197586 0.7946513121539397
v 0.4410692502573924 2.633986442460638 0.795602503426862
v 0.4457415595562467 2.6095706194510173 0.782281492443564
v 0.43584557805915713 2.6091424294135708 0.7835089043356374
v 0.36032821559896744 2.354869357259862 0.8261563900965732
v 0.365583620245745 2.3889923745952006 0.829126973756777
v 0.35151872829198694 2.3887670506988377 0.8307982133199847
v 0.3504322341018783 2.354441167222416 0.8273838019886467
v 0.17755979410317402 2.5313106222359365 0.9898940454861954
v 0.18313603112540855 2.525228703464556 1.0005115565371967
v 0.18343153732370776 2.547510044160611 1.0200931087527225
v 0.17742162443915277 2.554731230222745 1.0111445400422263
v -0.017021185263130234 2.320071992247959 0.9701499626828244
v -0.01634688448642385 2.319467383546218 0.9821245717336448
v -0.014725017103447535 2.296726543653446 0.9771007130820037
v -0.016271145325918224 2.2968947666030353 0.9643921918921639
v -0.23226237280081474 2.530743028248013 1.076928512216003
v -0.22742796735225157 2.515149249307032 1.044456096066046
v -0.23168605155334998 2.5088980733041097 1.0580808721394965
v -0.22831438717127084 2.538282362536987 1.0667663954621673
v -0.4146422979000819 2.358213131655634 0.9363486923706331
v -0.4058328105931015 2.324315438216658 0.9317068691472213
v -0.39593682909601213 2.324743628254104 0.9304794572551477
v -0.40057740594632407 2.358438455551997 0.9346774528074252
v -0.5126122822804423 2.571452930453931 0.9133626143963857
v -0.5225082637775316 2.571024740416485 0.9145900262884591
v -0.5180328417342942 2.595581258706698 0.9277434302197739
v -0.5336558942718043 2.5945220124907227 0.9297544263327867
v -0.6251453067894412 2.3610383841761116 0.7618371766591272
v -0.6255138662093382 2.3875093011586777 0.7687577670556818
v -0.6350412882865308 2.3606101941386655 0.763064588551201
v -0.7604392274859132 2.6207536419530166 0.7251068791796507
v -0.641198835763858 2.3865600967533087 0.7707548993199608
v -0.7566661257560044 2.661339506926097 0.7371144951351974
v -0.775252369594669 2.6202408232997993 0.727837923582949
v -0.7722891782935146 2.6602802607101217 0.7391254912482101
v -0.7923051989281797 2.4822830423963307 0.5550843813543762
v -0.7931085871103443 2.4606178401489447 0.5519721746519081
v -0.8129005501045229 2.4597614600740525 0.5544269984360549
v -0.8079901684826996 2.481333837990962 0.5570815136186551
v -0.8181327168692446 2.6886888975919945 0.47454992277999086
v -0.8040678249154866 2.6889142214883575 0.47287868321678295
v -0.8044219301990042 2.722054001005864 0.4849507069468578
v -0.8192967325815165 2.721282249546743 0.48590189821978036
v -0.8310509158966616 2.4848312440066866 0.2735101606720437
v -0.8476701434004613 2.4842936448927926 0.27829149551185334
v -0.2083918880122595 0.7986236166150901 -1.215443202072548
v 0.0298108233774127 0.7490851870833459 -1.3189463022113879
v -0.24814431637213663 0.6731860838420107 -1.44581098785275
v 0.7240479156914803 0.5092132944358035 -1.5086498879357078
v 0.4802067441561588 0.4987553677751806 -1.5803482659970345
v 0.5972029287053416 0.7370048588227567 -1.2115271876623313
v 0.6186682780104256 0.4699897192644902 -1.7019860131856075
v 0.184260026684969 0.6313472498218028 -1.5117447117485212
v 0.11535091424525745 0.5553335620213493 -1.6793153209153773
v 0.0298108233774127 0.7490851870833459 -1.3189463022113879
v 0.31411735401941787 0.3821084599061204 -2.1007901825423065
v 0.31731970628964734 0.45222784466400556 -1.9612162946903982
v 0.41088754913192815 0.3860236854143404 -2.0980489163792893
v 0.22120112212990584 0.16557565412258102 -1.948561656867546
v 0.21326253665230366 0.3709787623104672 -2.0750508140643853
v 0.16997348901324216 0.22973756926264244 -2.2055736174050105
v -0.05580491033131951 0.3695674544699672 -2.2520737458230164
v -0.03050398436861823 0.35385647228562833 -2.276792365987942
v -0.09537622874922114 0.31054908777982826 -2.3959868325317815
v -0.15238942110400244 0.6110383456236844 -1.579999101808974
v -0.24814431637213663 0.6731860838420107 -1.44581098785275
v 0.0298108233774127 0.7490851870833459 -1.3189463022113879
v 0.4525448495756743 0.28865048152935513 -1.9850911640574673
v 0.49498805509006794 0.35687459935839816 -1.9066284801334588
v 0.507522951654129 0.33148479952318555 -1.9546483881114987
v 0.19148634068419046 0.3125188008569124 -1.953004696760439
v 0.20404777564023746 0.48411074289291545 -1.8109519331696204
v 0.31731970628964734 0.45222784466400556 -1.9612162946903982
v 0.21326253665230366 0.3709787623104672 -2.0750508140643853
v -0.6469102720726759 2.924854509329459 -0.07523806124913884
v -0.3876406665087791 2.9363478586526477 -0.1689702195239862
v -0.48860137330536424 2.6777323368386887 0.1960816600613759
v 0.1558294323753946 2.9578759846833833 -0.24426187900488383
v 0.42104787313024683 2.967600808878796 -0.22264650813650155
v 0.32212239976048535 2.7103425774533516 0.08589775406158495
v -0.3876406665087791 2.9363478586526477 -0.1689702195239862
v -0.22900922929602485 2.8815836729864923 -0.1401374107795848
v -0.48860137330536424 2.6777323368386887 0.1960816600613759
v 0.507522951654129 0.33148479952318555 -1.9546483881114987
v 0.49498805509006794 0.35687459935839816 -1.9066284801334588
v 0.5852774337335824 0.37951415014982315 -1.9067156236237968
v 0.00849484012062618 2.8911222846521776 -0.17312727475263362
v 0.1558294323753946 2.9578759846833833 -0.24426187900488383
v 0.32212239976048535 2.7103425774533516 0.08589775406158495
v -0.11571365605523659 2.9215382517609148 -0.22424743415274556
v -0.22900922929602485 2.8815836729864923 -0.1401374107795848
v -0.3876406665087791 2.9363478586526477 -0.1689702195239862
v 0.1558294323753946 2.9578759846833833 -0.24426187900488383
v 0.00849484012062618 2.8911222846521776 -0.17312727475263362
v -0.11571365605523659 2.9215382517609148 -0.22424743415274556
v 0.544799759359501 2.9229495107844885 -0.109067234414297
v 0.5930152867085857 2.7309452573708004 -0.0421410738181901
v 0.32212239976048535 2.7103425774533516 0.08589775406158495
v 0.31731970628964734 0.45222784466400556 -1.9612162946903982
v 0.31411735401941787 0.3821084599061204 -2.1007901825423065
v 0.21326253665230366 0.3709787623104672 -2.0750508140643853
v -0.7710745667385267 2.676378700687956 0.14456190355457216
v -0.7507662170197307 2.870723814990402 0.06833767527239876
v -0.48860137330536424 2.6777323368386887 0.1960816600613759
v -0.10020441810717429 0.2819732227254357 -2.278859448972991
v -0.05580491033131951 0.3695674544699672 -2.2520737458230164
v -0.09537622874922114 0.31054908777982826 -2.3959868325317815
v 0.17905982178802615 0.5610321374004588 -1.6427857618402975
v 0.300655279663366 0.5976194245596336 -1.5986595048468488
v 0.20404777564023746 0.48411074289291545 -1.8109519331696204
v 0.0298108233774127 0.7490851870833459 -1.3189463022113879
v -0.08680383124172786 0.5375492313006666 -1.7718856974795707
v -0.15238942110400244 0.6110383456236844 -1.579999101808974
v 0.20404777564023746 0.48411074289291545 -1.8109519331696204
v 0.300655279663366 0.5976194245596336 -1.5986595048468488
v 0.3971167339531966 0.462418486191027 -1.7804893451813135
v 0.31731970628964734 0.45222784466400556 -1.9612162946903982
v 0.17905982178802615 0.5610321374004588 -1.6427857618402975
v 0.184260026684969 0.6313472498218028 -1.5117447117485212
v 0.3198150082141953 0.7450589679910365 -1.2902261207168415
v -0.45286072445712533 0.695659128683118 -1.4576279243857058
v -0.24814431637213663 0.6731860838420107 -1.44581098785275
v -0.3734071175867687 0.5903780330525049 -1.671672686139654
v 0.10457908633365343 0.4204394797243902 -2.0967149592282337
v -0.06305590379708692 0.43126153667153666 -2.1454908353255813
v 0.0109608181980827 0.5277196256182561 -1.907123241087834
v 0.03161530172622362 0.3908369426127625 -2.247893942255525
v 0.4796004900707097 0.24097606138542282 -1.8872875703891916
v 0.47988013737881374 0.10581058305234037 -1.9220905840789047
v 0.5326474629868707 0.19042855400561898 -1.773578875583409
v 0.11357876589074756 0.3641330859688099 -2.2789074047093343
v 0.11962597564064803 0.3098601234860312 -2.414316489710528
v 0.08679351021620796 0.3500328623915956 -2.293313097472534
v -0.55107303495671 0.0971390290378189 -2.1408370127721956
v -0.5379134924569368 0.41535466577434876 -2.2784741830146262
v -0.5456716867234953 0.22597518554054563 -2.0687523865979784
v -0.47198560261140166 0.2238270597032761 -2.4404946778736023
v 0.5326940841858795 0.4029320178025313 -1.8141984635429202
v 0.4796004900707097 0.24097606138542282 -1.8872875703891916
v 0.5055921780109672 0.32771113485115944 -1.7920935024906282
v 0.5326474629868707 0.19042855400561898 -1.773578875583409
v 0.7165014629585419 0.4061549897287535 -1.7901803187075305
v 0.5326940841858795 0.4029320178025313 -1.8141984635429202
v 0.6186682780104256 0.4699897192644902 -1.7019860131856075
v 0.5852774337335824 0.37951415014982315 -1.9067156236237968
v 0.41088754913192815 0.3860236854143404 -2.0980489163792893
v 0.3635970664842799 0.3270485821333238 -2.237403730695163
v 0.31411735401941787 0.3821084599061204 -2.1007901825423065
v -0.08680383124172786 0.5375492313006666 -1.7718856974795707
v -0.14699076871185113 0.5269220731649447 -1.79227093189879
v -0.15238942110400244 0.6110383456236844 -1.579999101808974
v 0.11535091424525745 0.5553335620213493 -1.6793153209153773
v -0.08680383124172786 0.5375492313006666 -1.7718856974795707
v 0.0298108233774127 0.7490851870833459 -1.3189463022113879
v 0.0109608181980827 0.5277196256182561 -1.907123241087834
v 0.5055921780109672 0.32771113485115944 -1.7920935024906282
v 0.4802067441561588 0.4987553677751806 -1.5803482659970345
v 0.6186682780104256 0.4699897192644902 -1.7019860131856075
v 0.5326940841858795 0.4029320178025313 -1.8141984635429202
v -0.5498922048826674 0.4818294894027073 -1.894031136631516
v -0.5698295757151057 0.4481677151860355 -1.9872142109874367
v -0.7500191057134594 0.5635419024263971 -1.8332233078542193
v -0.26751827958439633 0.5656591969838276 -1.8252063004299965
v -0.3734071175867687 0.5903780330525049 -1.671672686139654
v -0.24814431637213663 0.6731860838420107 -1.44581098785275
v -0.4016767449157411 0.500791210409083 -1.8992027434339755
v -0.26751827958439633 0.5656591969838276 -1.8252063004299965
v -0.15238942110400244 0.6110383456236844 -1.579999101808974
v -0.14699076871185113 0.5269220731649447 -1.79227093189879
v -0.24814431637213663 0.6731860838420107 -1.44581098785275
v -0.2584114764672546 0.38419548049432795 -2.372824296087027
v -0.3417575236003437 0.34858051922554223 -2.472985610743191
v -0.35673972107769647 0.38843382148082295 -2.3411321910922975
v 0.10457908633365343 0.4204394797243902 -2.0967149592282337
v 0.11357876589074756 0.3641330859688099 -2.2789074047093343
v 0.03161530172622362 0.3908369426127625 -2.247893942255525
v 0.31411735401941787 0.3821084599061204 -2.1007901825423065
v 0.2219944456534121 0.31656111482558846 -2.2235983840778193
v 0.21326253665230366 0.3709787623104672 -2.0750508140643853
v -0.4016767449157411 0.500791210409083 -1.8992027434339755
v -0.26751827958439633 0.5656591969838276 -1.8252063004299965
v -0.38602035032694515 0.4722277087239435 -2.060839127662915
v -0.8927836413298711 0.3970874964651583 -2.4423429182253993
v -0.7237998051628315 0.42253944653820263 -2.5760397009947433
v -0.8495999027496118 0.391767103910323 -2.5482496717718237
v 0.7165014629585419 0.4061549897287535 -1.7901803187075305
v 0.6836306169616101 0.36427876658031977 -1.9280446783138752
v 0.5852774337335824 0.37951415014982315 -1.9067156236237968
v 0.11962597564064803 0.3098601234860312 -2.414316489710528
v 0.022122137587509028 0.3238517004112693 -2.454370080610443
v 0.08679351021620796 0.3500328623915956 -2.293313097472534
v -0.15941380920191428 0.3863630485197791 -2.3589879956797395
v -0.17914429952236433 0.3494466713769726 -2.492893766478629
v -0.2584114764672546 0.38419548049432795 -2.372824296087027
v -0.7500191057134594 0.5635419024263971 -1.8332233078542193
v -0.5698295757151057 0.4481677151860355 -1.9872142109874367
v -0.736865954816919 0.5043776243018785 -2.0915642347318575
v -1.0136142793938654 0.43634730947998923 -1.8738962515883428
v 0.5852774337335824 0.37951415014982315 -1.9067156236237968
v 0.49498805509006794 0.35687459935839816 -1.9066284801334588
v 0.5326940841858795 0.4029320178025313 -1.8141984635429202
v -0.38602035032694515 0.4722277087239435 -2.060839127662915
v -0.26751827958439633 0.5656591969838276 -1.8252063004299965
v -0.144033344219067 0.5020721177743381 -2.020178484745872
v -0.2511126152385722 0.4718879460396852 -2.2389197167261172
v -0.41564876753586166 0.32406898461388667 -2.176929381101562
v -0.2511126152385722 0.4718879460396852 -2.2389197167261172
v -0.35673972107769647 0.38843382148082295 -2.3411321910922975
v 0.5326940841858795 0.4029320178025313 -1.8141984635429202
v 0.49498805509006794 0.35687459935839816 -1.9066284801334588
v 0.4796004900707097 0.24097606138542282 -1.8872875703891916
v -0.3417575236003437 0.34858051922554223 -2.472985610743191
v -0.2584114764672546 0.38419548049432795 -2.372824296087027
v -0.17914429952236433 0.3494466713769726 -2.492893766478629
v -0.25547570234249284 0.3421260537448474 -2.548771623360732
v 0.49498805509006794 0.35687459935839816 -1.9066284801334588
v 0.4525448495756743 0.28865048152935513 -1.9850911640574673
v 0.4796004900707097 0.24097606138542282 -1.8872875703891916
v 0.21991178232391573 3.348149800573096 0.8215290565940535
v 0.22318366997398154 3.35887656587938 0.8117542557608907
v 0.2298576484767325 3.347465803530734 0.8333637862903578
v -0.14699076871185113 0.5269220731649447 -1.79227093189879
v -0.144033344219067 0.5020721177743381 -2.020178484745872
v -0.26751827958439633 0.5656591969838276 -1.8252063004299965
v 0.507522951654129 0.33148479952318555 -1.9546483881114987
v 0.6309499816002173 0.3380179230818454 -1.9756945683107214
v 0.5208463033490818 0.3034853363882748 -2.071128762654834
v -0.5456716867234953 0.22597518554054563 -2.0687523865979784
v -0.736865954816919 0.5043776243018785 -2.0915642347318575
v -0.5698295757151057 0.4481677151860355 -1.9872142109874367
v -0.5379134924569368 0.41535466577434876 -2.2784741830146262
v -0.38545130595015875 3.334258285256045 0.8951801069664348
v -0.3738483912177125 3.3243032714088825 0.9040037165266751
v -0.3828843208870665 3.3229403472378762 0.9172473290157704
v 0.08679351021620796 0.3500328623915956 -2.293313097472534
v 0.022122137587509028 0.3238517004112693 -2.454370080610443
v -0.03050398436861823 0.35385647228562833 -2.276792365987942
v -0.5553662087270287 0.4076168021940374 -2.441176289193941
v -0.5825610335491561 0.39919808228702625 -2.5576267726143747
v -0.7237998051628315 0.42253944653820263 -2.5760397009947433
v 0.26099277410224886 3.4527354401434254 0.5057028785143833
v 0.24562890850755292 3.4529761211872465 0.4982530308459708
v 0.25400946725770224 3.464327436928593 0.48225803945960455
v -0.5553662087270287 0.4076168021940374 -2.441176289193941
v -0.8927836413298711 0.3970874964651583 -2.4423429182253993
v -0.7321553291002639 0.4105522283193648 -2.2486428975324895
v -0.5379134924569368 0.41535466577434876 -2.2784741830146262
v -0.5553662087270287 0.4076168021940374 -2.441176289193941
v -0.7321553291002639 0.4105522283193648 -2.2486428975324895
v -0.9348547127988983 0.40047201290360257 -2.246207512911823
v -0.7321553291002639 0.4105522283193648 -2.2486428975324895
v -0.8927836413298711 0.3970874964651583 -2.4423429182253993
v 0.017043940950065117 3.6870146309937155 0.6452674829403361
v -0.08218580218810179 3.6994676830939173 0.6635568179530082
v 0.015419395048738127 3.7044577282372586 0.6338576198004543
v -0.0882326860515239 3.716683766469859 0.6572934766775057
v -0.07675488906936245 3.708793709326458 0.674919304948488
v 0.021980031419233215 3.6964830424780866 0.6529870805826612
v -0.12623505329806228 3.707021733755737 0.6828223536904977
v 0.14524946808779016 3.657683191970393 0.5928748428935233
v 0.14707000019865635 3.6434949368798 0.6036399448114557
v 0.15734566501028957 3.649799640570458 0.6159372774967701
v -0.13172762669055893 3.697436774717293 0.6696800135646416
v -0.13777451055398104 3.7146528580932343 0.663416672289139
v 0.2060034001135027 3.6115351422108652 0.5616051772907996
v 0.21298670695804944 3.599943145425698 0.5850500163455785
v 0.2027727024201731 3.593897374540944 0.5745325367906402
v 0.26099277410224886 3.4527354401434254 0.5057028785143833
v 0.25400946725770224 3.464327436928593 0.48225803945960455
v 0.24562890850755292 3.4529761211872465 0.4982530308459708
v -0.2295889299511762 3.686719106916038 0.6876481841189175
v -0.2295459427916684 3.6772252822368316 0.6784388178141015
v -0.23614956632167128 3.6946937926752104 0.6685187233367106
v -0.35649814965637294 3.6292971518461563 0.6857668481710709
v -0.3636155256934489 3.6375242646677663 0.6629806341869756
v -0.35762608312591426 3.623133143436091 0.6733019084337736
v -0.41463032153151513 3.5750149122902286 0.6716507396255552
v -0.42155171135905223 3.58649686726479 0.6482197644195101
v -0.41003118396063587 3.5694819600586922 0.6584022156673185
v -0.4556883446043736 3.424322471287452 0.6051162981046635
v -0.46260973443191067 3.4358044262620124 0.5816853228986185
v -0.44715299702197864 3.424957733459178 0.5929879458505937
v -0.25608193084630426 3.5664226933926044 0.9928512016318404
v -0.15650052393021607 3.5752708929267403 0.9989154322716086
v -0.2499731299658725 3.549096568206057 0.9991284067560767
v -0.16285673613543372 3.5926682107392036 0.9908167824707946
v -0.24971702394209572 3.55482419086397 1.0108594343543544
v -0.155986771423143 3.584512290543509 1.0117815517783129
v -0.009437679307164104 3.598696673489549 0.9691498461455585
v -0.3132464681988433 3.5068995958625324 0.9979895130187871
v -0.008060544730622787 3.5813247688719207 0.978738264608863
v -0.003377881766880808 3.5903633003476068 0.9911605564444335
v -0.32422342635079227 3.515148340388704 0.9774824352311374
v 0.08455112074116167 3.579671364675157 0.9453774017852795
v 0.08642909414791566 3.562658147440299 0.9520845707319169
v 0.09172593807412566 3.5686192897092814 0.96410568279808
v 0.1507847124825097 3.5342255637200743 0.9115027072850398
v 0.15216184705905134 3.5168536591024466 0.9210911257483444
v 0.1617616706344589 3.525976819193904 0.9320097850726895
v 0.20213171880275904 3.46575499333395 0.8975254515366479
v 0.1962676507287624 3.4777121832453544 0.8766359692974661
v 0.19266596441988082 3.4599967172060513 0.8859481671416195
v 0.2298576484767325 3.347465803530734 0.8333637862903578
v 0.21991178232391573 3.348149800573096 0.8215290565940535
v 0.22318366997398154 3.35887656587938 0.8117542557608907
v -0.31369830368890683 3.4975481564351574 0.9851372573608164
v -0.3620772505379237 3.4554123057554977 0.952878820051286
v -0.35621318246392675 3.443455115844094 0.9737683022904681
v -0.35161404489304726 3.4379221636125576 0.9605197783322316
v -0.38545130595015875 3.334258285256045 0.8951801069664348
v -0.3828843208870665 3.3229403472378762 0.9172473290157704
v -0.3738483912177125 3.3243032714088825 0.9040037165266751
v -0.8927836413298711 0.3970874964651583 -2.4423429182253993
v -0.5553662087270287 0.4076168021940374 -2.441176289193941
v -0.7237998051628315 0.42253944653820263 -2.5760397009947433
vt 0.47688702334812305 0.4344259116303255
vt 0.46875 0.43024275273084633
vt 0.47678971286695293 0.4248046875
vt 0.46875 0.43024275273084633
vt 0.476887109375 0.4344259558558463
vt 0.47008359375 0.4368728308558464
vt 0.3515625 0.4880190375166892
vt 0.3515625 0.466796875
vt 0.3601061814306931 0.4807663589082841
vt 0.4296875 0.49533872031399784
vt 0.4296875 0.4765625
vt 0.4399786864157774 0.4951221873750983
vt 0.1254356615120262 0.4464275478795029
vt 0.1310256351216368 0.45273014072778683
vt 0.1231734375 0.4501078125
vt 0.1231734375 0.4501078125
vt 0.1171875 0.443359375
vt 0.125435546875 0.44642773437500005
vt 0.03424235552261367 0.5893641968506744
vt 0.02734375 0.5865477220025405
vt 0.033415133037207966 0.58203125
vt 0.027343750000000003 0.5865477220025405
vt 0.0342421875 0.5893641282525405
vt 0.028546484375 0.5931078782525405
vt 0.05859375 0.40178619069183086
vt 0.06465035436672738 0.396484375
vt 0.06465035436672738 0.4061042266076077
vt 0.6040459249045976 0.6481065791589096
vt 0.59375 0.6481065791589096
vt 0.599069597367484 0.642578125
vt 0.6015625 0.4370164889603102
vt 0.6123199184707364 0.4370164889603102
vt 0.6068850430688482 0.44140625
vt 0.6034395938135982 0.49171973954132986
vt 0.59765625 0.4952586111095755
vt 0.59765625 0.486328125
vt 0.25390625 0.9101308304649998
vt 0.25390625 0.9033505027604918
vt 0.2596653057896633 0.9033203125
vt 0.35546875 0.40946985177833384
vt 0.35546875 0.3994140625
vt 0.36169418274618353 0.4049860974147115
vt 0.380655078125 0.913886328125
vt 0.381061328125 0.8955078125
vt 0.400390625 0.9034296875
vt 0.38106132299541223 0.8955080445595909
vt 0.380655078125 0.913886328125
vt 0.3713016873126142 0.9086566658673968
vt 0.298796132919593 0.4486220365797461
vt 0.2914110840823396 0.4435338772277261
vt 0.29874921875 0.43816992187500003
vt 0.2890625 0.4365234375
vt 0.29874921875 0.43816992187500003
vt 0.2914109375 0.443533984375
vt 0.046875 0.8671875
vt 0.05563477611133709 0.8671875
vt 0.054507117727424725 0.8707542198105385
vt 0.4921875 0.4096350102418046
vt 0.49495468611999 0.4033203125
vt 0.5020176184835502 0.4096350102418046
vt 0.3598606545831445 0.44140625
vt 0.3515625 0.4352285484739191
vt 0.3598606545831445 0.4284479506292104
vt 0.5157080229576566 0.9096429641264185
vt 0.5282373046875 0.90581796875
vt 0.5212974223281618 0.9136785388707802
vt 0.5282373046875 0.90581796875
vt 0.5157080078125 0.9096429687500001
vt 0.5178583984375 0.8994140625
vt 0.29715083937628395 0.41796875
vt 0.29715083937628395 0.42915515925881553
vt 0.2890625 0.4241754813997958
vt 0.109375 0.8515625
vt 0.116550038541311 0.8595758427683937
vt 0.109375 0.8627489252386158
vt 0.028196714098098888 0.3828125
vt 0.0281967140980989 0.39049811065531026
vt 0.0234375 0.3872549888437349
vt 0.5911306350701956 0.9835688989981084
vt 0.578125 0.9835688989981084
vt 0.5859033546024661 0.9775390625
vt 0.578589995583932 0.8956790949144697
vt 0.584495941916068 0.888671875
vt 0.584495941916068 0.901677550089502
vt 0.08003347889747209 0.3977527206390098
vt 0.0703125 0.3977527206390098
vt 0.07339368296304266 0.392578125
vt 0.59765625 0.912109375
vt 0.6078032589042717 0.912109375
vt 0.6053103463760596 0.9175912943425253
vt 0.58984375 0.9663752054210502
vt 0.6001392679258536 0.9663752054210502
vt 0.593871067473778 0.97265625
vt 0.2845849353965059 0.42578125
vt 0.2845849353965059 0.44065732902139476
vt 0.27734375 0.4326962579673622
vt 0.24609375 0.42893875390674185
vt 0.24609375 0.4140625
vt 0.2521375905794152 0.42237040985767194
vt 0.3168359468243453 0.39399279719540525
vt 0.3125 0.3896484375
vt 0.3219987009625952 0.3896484375
vt 0.6031632046176448 0.560546875
vt 0.607421875 0.5657806153340503
vt 0.5977016545368597 0.5657806153340503
vt 0.004682165308741507 0.9921875
vt 0.009523614785701157 0.9997783137359709
vt 0 0.9997783137359709
vt 0.4157566095158915 0.5070343068436853
vt 0.4103171875 0.4951171875
vt 0.4246085357003437 0.49531121760959307
vt 0.4103171875 0.4951171875
vt 0.415756640625 0.5070343749999999
vt 0.40625 0.5045515625
vt 0.5013734375 0.6943973711958875
vt 0.500883203125 0.6816407305708876
vt 0.5107421875 0.6875208086958875
vt 0.5008831990679383 0.681640625
vt 0.5013734375 0.6943973711958875
vt 0.49314257610676077 0.6886957542844984
vt 0.616688004890493 0.8232421875
vt 0.6128526753962827 0.8272406585085778
vt 0.60546875 0.8232421875
vt 0.13886792937698822 0.8713688667558428
vt 0.12890625 0.8823133184872911
vt 0.12890625 0.87109375
vt 0.03515625 0.8741739842916896
vt 0.03515625 0.859375
vt 0.04220276677376955 0.8671227848618606
vt 0.5981681442953986 0.506360546875
vt 0.5898439255453986 0.5014902343750001
vt 0.5958697067953985 0.5
vt 0.58984375 0.5014901316673497
vt 0.5981681442953986 0.506360546875
vt 0.5917671644189186 0.5070656548330262
vt 0.5169556537880603 0.3937905286782287
vt 0.51171875 0.3937905286782287
vt 0.5171648218013677 0.38671875
vt 0.6093956461204059 0.7529553148818056
vt 0.60546875 0.7470703125
vt 0.6128623573631271 0.7470703125
vt 0.5059535148763934 0.5781191786437403
vt 0.5003656242513934 0.5664066786437403
vt 0.5145871086263933 0.5692746473937403
vt 0.5003654197507028 0.56640625
vt 0.5059535148763934 0.5781191786437403
vt 0.4961550788736066 0.5753020919896463
vt 0.484375 0.6278340248253771
vt 0.5002078125 0.6255762123253771
vt 0.49364140625 0.6319687904503771
vt 0.5002077121757 0.6255762266319609
vt 0.484375 0.6278340248253771
vt 0.4928815309234786 0.6162109375
vt 0.4895635613893525 0.8201407482320637
vt 0.4853393426393525 0.8056641857320638
vt 0.4987006707643525 0.8111762951070638
vt 0.48533930668059544 0.8056640625
vt 0.4895635613893525 0.8201407482320637
vt 0.4807915167356475 0.8154117034305717
vt 0.13959609375 0.7963765625
vt 0.1431625 0.763671875
vt 0.1650390625 0.78730859375
vt 0.14316248296855222 0.7636720311819204
vt 0.13959609375 0.7963765625
vt 0.11729165591653745 0.7640791773502759
vt 0.193359375 0.6357421875
vt 0.193359375 0.6709235967353637
vt 0.1727512137547384 0.6532029246762541
vt 0.34764923012521226 0.953125
vt 0.33284451987478775 0.9803859947781045
vt 0.3279585880107336 0.9643332789199893
vt 0.33284451987478775 0.9803859947781045
vt 0.32031951987478774 0.9715160729031045
vt 0.3279585823747877 0.9643332604031045
vt 0.5091943770648707 0.462144140625
vt 0.5055412520648708 0.47168164062499995
vt 0.5005615645648707 0.4609375
vt 0.5055411963573551 0.4716817860649811
vt 0.5091943770648707 0.462144140625
vt 0.5146484375 0.4708742983974641
vt 0.21875 0.42629285636248193
vt 0.2277085797618703 0.43146524368596073
vt 0.21875 0.4375
vt 0.5263671875 0.7027744877487743
vt 0.5161556489433159 0.6961070027422342
vt 0.5263671875 0.685546875
vt 0.3897603099597322 0.7924482597733395
vt 0.38699613838013935 0.78515625
vt 0.40234375 0.78515625
vt 0.5649475647421496 0.5546875
vt 0.5632985119968213 0.5664023346863153
vt 0.5551696227578504 0.5577023254479511
vt 0.5551696227578504 0.5577023254479511
vt 0.5632981383828505 0.566401934822951
vt 0.5568614196328504 0.565425372322951
vt 0.5043941073534559 0.4449091591662482
vt 0.5043941073534559 0.4326171875
vt 0.513671875 0.43807028281133675
vt 0.16891827884843758 0.4402065239287858
vt 0.177734375 0.431640625
vt 0.177734375 0.44485908379416605
vt 0.428122265625 0.755859375
vt 0.44921875 0.7658125
vt 0.428751953125 0.76910859375
vt 0.428122265625 0.755859375
vt 0.42875193995172994 0.7691083165719769
vt 0.4183885846293281 0.7641719395697435
vt 0.404130078125 0.968411328125
vt 0.3994640625 0.95549921875
vt 0.419921875 0.9521484375
vt 0.39946389154968676 0.9554987456849013
vt 0.404130078125 0.968411328125
vt 0.39080268786795963 0.9632477159279611
vt 0.3505859375 0.53125
vt 0.3505859375 0.5539068265450618
vt 0.33605208706468837 0.5446575647174334
vt 0.5055867835061221 0.9306640625
vt 0.4995026696188779 0.9440448392799692
vt 0.4927254158984792 0.9321164821122565
vt 0.4995026696188779 0.9440448392799692
vt 0.48855384149387787 0.9449299955299691
vt 0.4927253258688779 0.9321163236549692
vt 0.3204134541111776 0.5234375
vt 0.31069741459338485 0.5384762059274634
vt 0.30078125 0.5234375
vt 0.4201837472082719 0.4877400323483603
vt 0.41015625 0.47830448794952685
vt 0.4201837472082719 0.4697265625
vt 0.487628515625 0.5188918683819412
vt 0.485028515625 0.5068360090069413
vt 0.501953125 0.5094793683819412
vt 0.48502850020361515 0.5068359375
vt 0.487628515625 0.5188918683819412
vt 0.4810867178925774 0.5142019092860755
vt 0.1765326260813283 0.5319400555606486
vt 0.170502871630074 0.5467257197365016
vt 0.1581341707936717 0.53125
vt 0.1581341707936717 0.53125
vt 0.1705029207936717 0.5467257812499999
vt 0.1564751864186717 0.5430238281249999
vt 0.5235346968341767 0.7180033799896297
vt 0.5292256605691781 0.70703125
vt 0.5379887406658233 0.7180033799896297
vt 0.27716703147317706 0.5545296875
vt 0.279296875 0.5735888235756188
vt 0.26235481571561103 0.5636702285757763
vt 0.27716703147317706 0.5545296875
vt 0.2623553127231771 0.563669921875
vt 0.26311507834817704 0.55078125
vt 0.3518429583100678 0.6142578125
vt 0.3693359375 0.6197671126688191
vt 0.35324314407178903 0.6282299110964658
vt 0.3693359375 0.6197671126688191
vt 0.373046875 0.6405553939188191
vt 0.35324296875 0.6282300032938191
vt 0.5467414510783851 0.3896484375
vt 0.5519118263614725 0.3938616541632829
vt 0.54296875 0.3938616541632829
vt 0.3953486958976244 0.453125
vt 0.4052734375 0.4622076914346799
vt 0.3953486958976244 0.4678244529829946
vt 0.5798598260599652 0.5305160781006346
vt 0.56640625 0.5305160781006346
vt 0.5719134335234147 0.5234375
vt 0.6123201584970481 0.6875
vt 0.6015625 0.6875
vt 0.6073347523457747 0.6831468236890296
vt 0.5156966764387152 0.6090413385092093
vt 0.5213878703959652 0.599609375
vt 0.5341080110612848 0.6090413385092093
vt 0.5699795175233175 0.9997255393657297
vt 0.5472079824766825 0.9997255393657297
vt 0.5567031891157082 0.994140625
vt 0.5863644536567693 0.39008920408166226
vt 0.58203125 0.3937224240226399
vt 0.58203125 0.3857421875
vt 0.09037421875 0.953125
vt 0.08984375 0.951733203125
vt 0.0926796875 0.95101875
vt 0.09267952306472918 0.9510187914259105
vt 0.08984375 0.951733203125
vt 0.09222095242263773 0.9496916587603628
vt 0.084506640625 0.47789257812499997
vt 0.08826591214082564 0.4679368036120981
vt 0.0909062009571322 0.4774058333945741
vt 0.084506640625 0.47789257812499997
vt 0.09090585937500001 0.477405859375
vt 0.08203125 0.48828125
vt 0.60546875 0.6986400814054956
vt 0.6074924488165172 0.693359375
vt 0.6135985398479107 0.6986400814054956
vt 0.13338186318081424 0.911437148824262
vt 0.12622277883979344 0.91796875
vt 0.12540719931918576 0.916745778845302
vt 0.13338186318081424 0.911437148824262
vt 0.12540725380581424 0.916745742574262
vt 0.13248381630581424 0.9102121488242619
vt 0.3515625 0.7219243293409876
vt 0.3210657077037183 0.7219243293409876
vt 0.3362810421206822 0.697265625
vt 0.07245452846282352 0.9002393485612169
vt 0.04422345481470993 0.8790763031787447
vt 0.08265374028026864 0.87109375
vt 0.04422345481470993 0.8790763031787447
vt 0.07245442728104606 0.9002392727116557
vt 0.028055853043644156 0.9045556373187652
vt 0.007378142314709929 0.8858575531787447
vt 0.04422345481470993 0.8790763031787447
vt 0.02805587668970993 0.9045556000537447
vt 0.02805618765332378 0.904555881245684
vt 0.00035407221973135505 0.9100831365368061
vt 0.007378142314709929 0.8858575531787447
vt 0.3330078125 0.9518784816756696
vt 0.30630105121019713 0.9568043965181843
vt 0.30049449810937134 0.9375
vt 0.30049449810937134 0.9375
vt 0.30630113873437137 0.9568046875
vt 0.28961676373437134 0.949189453125
vt 0.007327389242666238 0.5403336670923091
vt 6.938893903907228e-18 0.54296875
vt 0 0.5280364812662766
vt 0.4606147393127483 0.6724677993091346
vt 0.4576733187712839 0.6796875
vt 0.4453125 0.6724677993091346
vt 0.12109374999999997 0.6399619053160618
vt 0.10548511521371508 0.6257393236209047
vt 0.12109375 0.603515625
vt 0.3322713277702389 0.3989734729923682
vt 0.328125 0.40234375
vt 0.328125 0.38913124939946486
vt 0.19935567314189467 0.656230026397906
vt 0.19935567314189467 0.6240234375
vt 0.21861307685810533 0.6382164832882669
vt 0.6100370394004831 0.8933788563297284
vt 0.61440446614423 0.8984375
vt 0.60546875 0.8984375
vt 0.2838761210242068 0.8060890625
vt 0.31220112102420683 0.8046875
vt 0.30120815227420683 0.82738984375
vt 0.30120815227420683 0.82738984375
vt 0.2659238789757932 0.823042097025158
vt 0.2838761210242068 0.8060890625
vt 0.42727278445045436 0.6204586878127732
vt 0.41828407401571 0.607421875
vt 0.4482421875 0.607421875
vt 0.3248788812295847 0.91015625
vt 0.3486328125 0.9245851348245109
vt 0.3248788812295847 0.9411774759903535
vt 0.48120703125 0.92578125
vt 0.47265625 0.912136328125
vt 0.48873203125 0.921853515625
vt 0.4887322932920415 0.9218536740192709
vt 0.47265625 0.912136328125
vt 0.479643681498113 0.9086994967841956
vt 0.4764852867159135 0.9453122078430487
vt 0.470134615879631 0.928508203125
vt 0.48236108724536897 0.9392176992240343
vt 0.470134615879631 0.928508203125
vt 0.476485397129631 0.9453125
vt 0.46490453775463103 0.9342890625
vt 0.018402005812717604 0.40195209035232926
vt 0.01171875 0.3976629857013434
vt 0.018402005812717608 0.3935546875
vt 0.45305261645877093 0.4276059081583625
vt 0.4518078125 0.44078828125
vt 0.4461706924371305 0.4299034949876579
vt 0.4518078125 0.44078828125
vt 0.4453125 0.44140625
vt 0.446170703125 0.42990351562499995
vt 0.3425381886060917 0.42256807878676816
vt 0.3425381886060917 0.4375
vt 0.3359375 0.4255789464844738
vt 0.5858761179911509 0.69921875
vt 0.57421875 0.6929387109300139
vt 0.5878450482119211 0.6929387109300139
vt 0.5132244522511414 0.71484375
vt 0.5 0.7071454993383678
vt 0.5062910055652686 0.703111186357359
vt 0.5132244522511414 0.71484375
vt 0.5062908585011414 0.7031109375
vt 0.5179471085011415 0.71008046875
vt 0.5194674011518379 0.48828125
vt 0.5078125 0.4813094754345767
vt 0.5141041120608437 0.47727615578582816
vt 0.5194674011518379 0.48828125
vt 0.5141041199018379 0.47727617187500004
vt 0.5241162292768379 0.48352382812500005
vt 0.240234375 0.634765625
vt 0.24023437499999997 0.6675474296553447
vt 0.2192442040133379 0.6527580310340073
vt 0.056640624999999986 0.5673828125
vt 0.056640625 0.5930597273100506
vt 0.03985132089280351 0.5826134295501125
vt 0.05977812499999999 0.523360546875
vt 0.060302734375 0.509765625
vt 0.0751953125 0.515033984375
vt 0.06030272533239686 0.5097658593333707
vt 0.05977812499999999 0.523360546875
vt 0.05564981818046688 0.5181874563175702
vt 0.022350711918317414 0.5457340082565358
vt 0.011718786960454749 0.5310877574385489
vt 0.01817857907406561 0.5301707365499577
vt 0.01171875 0.531087706522831
vt 0.022350711918317414 0.5457340082565358
vt 0.015192919306057949 0.546875
vt 0.01817857907406561 0.5301707365499577
vt 0.029396698746417305 0.5446037432236136
vt 0.022350747998222117 0.5457341428450979
vt 0.029396698746417305 0.5446037432236136
vt 0.018178729996417304 0.5301709307236135
vt 0.024688886246417307 0.5292041338486135
vt 0.193262109375 0.9647618431029551
vt 0.195594921875 0.928711061852955
vt 0.22265625 0.9368141868529551
vt 0.19559492992176397 0.9287109375
vt 0.193262109375 0.9647618431029551
vt 0.16830492382208198 0.9528684409682312
vt 0.2663646543156888 0.5768475669150359
vt 0.2798111970045364 0.5861456133010721
vt 0.27537864778014964 0.5918833892600709
vt 0.27537864778014964 0.5918833892600709
vt 0.26236458528014966 0.5821619048850709
vt 0.26636458528014967 0.5768474517600709
vt 0.2623646597493782 0.5821619605134684
vt 0.27537864778014964 0.5918833892600709
vt 0.27094710962602736 0.5976559963988468
vt 0.2709472501006721 0.59765625
vt 0.2582747404954636 0.5874782074324276
vt 0.2623646597493782 0.5821619605134684
vt 0.03296093431155095 0.3964803504646396
vt 0.0269025839636384 0.40234375
vt 0.0234375 0.3964803504646397
vt 0.516283984375 0.9638930802488904
vt 0.518909375 0.9527356583738904
vt 0.5205078125 0.9601321427488904
vt 0.5189093474276936 0.952735775551065
vt 0.516283984375 0.9638930802488904
vt 0.5044834308248144 0.951171875
vt 0.08338950098029474 0.5226218635401652
vt 0.08338950098029474 0.53125
vt 0.08203125 0.5226501185930706
vt 0.596283203125 0.4116980076614136
vt 0.593271875 0.41613628891141363
vt 0.58984375 0.41174917953641366
vt 0.596283203125 0.4116980076614136
vt 0.5991607080038824 0.41796875
vt 0.593271969666688 0.416136149385806
vt 0.08884929061783453 0.7453637029053797
vt 0.05859375 0.7230313623117124
vt 0.08884929061783454 0.705078125
vt 0.14949915903267297 0.390625
vt 0.14949915903267297 0.40182886063250123
vt 0.14453125 0.39228222408982816
vt 0.1054690484188237 0.5911816035555788
vt 0.11196377249181105 0.5712890625
vt 0.123235546875 0.5815372342993074
vt 0.123235546875 0.5815372342993074
vt 0.112195703125 0.5967251249243073
vt 0.10546875 0.5911817655493073
vt 0.109375 0.5390625
vt 0.109375 0.5304343615506121
vt 0.1109527960588407 0.539028957677042
vt 0 0.96484375
vt 0 0.9475488243532966
vt 0.007995398171653234 0.9615982765406407
vt 0.5477236430524094 0.5575635625414002
vt 0.5477236430524094 0.56640625
vt 0.5313779194475906 0.56613472002693
vt 0.18370055684047779 0.96875
vt 0.19239392439929504 0.9722797229372736
vt 0.18359375 0.9722797229372736
vt 0.22709694372323183 0.9452412693388463
vt 0.22709694372323183 0.9375
vt 0.23046875 0.9385504340773196
vt 0.5431702539582045 0.78125
vt 0.52734375 0.78125
vt 0.5433146117368467 0.7715311429364715
vt 0.027384323494095024 0.724609375
vt 0.050847007944898236 0.7355172983195526
vt 0.03152427025590498 0.7533388881536365
vt 0.03152427025590498 0.7533388881536365
vt 0.05084731713090498 0.7355170131536366
vt 0.056600051505904976 0.7725369350286365
vt 0.3813477076843113 0.47265625
vt 0.3637694798156887 0.47265625
vt 0.377078999748472 0.46387653370600546
vt 0.4112870248259134 0.392578125
vt 0.406495370397067 0.3979332088450116
vt 0.40234375 0.392578125
vt 0.5616645518644491 0.765625
vt 0.54296875 0.765625
vt 0.5476076908190737 0.7585160873183643
vt 0.542968813383475 0.8166387090855424
vt 0.5605468116165249 0.8166387090855424
vt 0.5467384020527324 0.82421875
vt 0.296875 0.5555708888481323
vt 0.30913087492938013 0.567886451145417
vt 0.30195725381852273 0.5703125
vt 0.30913087492938013 0.567886451145417
vt 0.29687520571096937 0.5555710955609352
vt 0.30372016400220003 0.5531873068006081
vt 0.30372016400220003 0.5531873068006081
vt 0.31637806385421424 0.5655030167911743
vt 0.3091309788779812 0.5678867335400065
vt 0.31637806385421424 0.5655030167911743
vt 0.30372025135421427 0.5531873917911743
vt 0.3104546263542143 0.5508268449161743
vt 0.17042245968680136 0.59375
vt 0.16026524571578246 0.580201541416312
vt 0.17457109375000002 0.5873215772343706
vt 0.16026540169308862 0.5802017494706149
vt 0.17042245968680136 0.59375
vt 0.15631754215374455 0.5863153845191025
vt 0.1642246560055161 0.5741271054507342
vt 0.17457109375000002 0.5873215772343706
vt 0.1602651744549813 0.5802015059497352
vt 0.17457109375 0.5873215772343706
vt 0.164224609375 0.5741270459843706
vt 0.1787109375 0.5808469678593706
vt 0.598433203125 0.5967421875000001
vt 0.6044921875 0.590212109375
vt 0.599438671875 0.59765625
vt 0.6044921220688074 0.5902121798935511
vt 0.598433203125 0.5967421875000001
vt 0.6033751822928963 0.588929717381868
vt 0.5078125 0.7862659124878184
vt 0.525891703039682 0.7862659124878184
vt 0.5197257502430878 0.796875
vt 0.45294453125 0.53515625
vt 0.442530859375 0.5212089843750001
vt 0.458984375 0.52423203125
vt 0.44253105613293997 0.5212092478973469
vt 0.45294453125 0.53515625
vt 0.4382353346918488 0.5289382830027409
vt 0.068359375 0.620706640625
vt 0.0474109375 0.616797265625
vt 0.05858749999999999 0.6064453125
vt 0.04741108845541839 0.6167972937961388
vt 0.068359375 0.620706640625
vt 0.06165823325944439 0.6320745033748294
vt 0.5610479283780795 0.97265625
vt 0.54296875 0.97265625
vt 0.5473431242814062 0.9652185405380775
vt 0.1015625 0.3916015625
vt 0.10979944223648722 0.3916015625
vt 0.10165216717901117 0.3976721752349648
vt 0.5117868428928333 0.4251990770141618
vt 0.50390625 0.4201896609219983
vt 0.5117868428928333 0.4150390625
vt 0.2000848450787443 0.7804851546733209
vt 0.234375 0.751953125
vt 0.23437499999999997 0.796848412337356
vt 0.2705078125 0.882124627182062
vt 0.22660672376414284 0.882124627182062
vt 0.2508528616896514 0.849609375
vt 0.023718896860140098 0.76171875
vt 0.023820849985140103 0.79644921875
vt 0.00008491248514010119 0.781591796875
vt 0.023820850788374825 0.7964494923729841
vt 0.023718896860140098 0.76171875
vt 0.0458984375 0.7774286985480691
vt 0.06784205863468744 0.5859374371441584
vt 0.063197265625 0.5836718750000001
vt 0.06815364013244157 0.5845761320165572
vt 0.063197265625 0.5836718750000001
vt 0.0678421875 0.5859375
vt 0.0625 0.58504765625
vt 0.534211328125 0.6247476562500001
vt 0.532534375 0.61328125
vt 0.541015625 0.6180292968750001
vt 0.5325344051252741 0.6132814559858595
vt 0.534211328125 0.6247476562500001
vt 0.5275915115898286 0.6199913089136213
vt 0.5453447408235965 0.51953125
vt 0.5274421713774843 0.5126600622567663
vt 0.5487297036225157 0.5126600622567663
vt 0.34162270868964384 0.6189117298713795
vt 0.31658041631035616 0.61625625
vt 0.321868265402694 0.608100241575635
vt 0.31658041631035616 0.61625625
vt 0.34162260381035614 0.61891171875
vt 0.33388354131035614 0.62890625
vt 0.4511135533407257 0.953125
vt 0.45671941271572575 0.93347109375
vt 0.4626127720907257 0.951719140625
vt 0.4567194410987172 0.9334709942404305
vt 0.4511135533407257 0.953125
vt 0.4453125 0.9379935849164953
vt 0.4219898783177005 0.8663860092268085
vt 0.443359375 0.8709506539867488
vt 0.43924917795440493 0.8828125
vt 0.43924917795440493 0.8828125
vt 0.4180183185794049 0.875304296875
vt 0.4219898029544049 0.8663859375
vt 0.4498385678184657 0.5507222040663252
vt 0.470703125 0.5435409182515362
vt 0.4690305328479972 0.5546875
vt 0.470703125 0.5435409182515362
vt 0.449838671875 0.5507221682515362
vt 0.45481953125 0.5392764651265362
vt 0.5313483479690061 0.94921875
vt 0.5336562230933491 0.9420059647096244
vt 0.5526360270309939 0.94921875
vt 0.06271345732845737 0.9652615142907159
vt 0.0703125 0.9652615142907159
vt 0.06406424154487908 0.96875
vt 0.5282213500228893 0.4921875
vt 0.5464344812630573 0.4849530823101321
vt 0.548828125 0.4921875
vt 0.4835359375 0.863847265625
vt 0.50390625 0.867646875
vt 0.50207578125 0.875
vt 0.5020756965822526 0.8749999490676993
vt 0.48060888755869524 0.870915964753146
vt 0.4835359375 0.863847265625
vt 0.43363737152037574 0.73828125
vt 0.42193515625 0.7216883479908687
vt 0.4403694166551245 0.7344886590439186
vt 0.42193515625 0.7216883479908687
vt 0.427962109375 0.7170110042408687
vt 0.44036953125 0.7344887386158687
vt 0.548828125 0.75
vt 0.5281064153579776 0.75
vt 0.5296456323763071 0.7424710509891463
vt 0.25745 0.4914308846274509
vt 0.2570421875 0.4785160408774508
vt 0.26171875 0.4861238533774508
vt 0.2570421743678223 0.478515625
vt 0.25745 0.4914308846274509
vt 0.24706528230979563 0.48434284533573835
vt 0.6114845369533126 0.5339596927983594
vt 0.609375 0.53515625
vt 0.609375 0.5204748265717976
vt 0.18030729444955734 0.929507914757608
vt 0.18030729444955734 0.91796875
vt 0.1865234375 0.9201532956110204
vt 0.2384604940817044 0.404296875
vt 0.25 0.404296875
vt 0.2408279889653986 0.4097685832278758
vt 0.06461007129675937 0.37625107440458394
vt 0.0625 0.39054458913098766
vt 0.0625 0.375
vt 0.0419921875 0.7101730554482851
vt 0.023658104550837306 0.6892847628030918
vt 0.0419921875 0.662109375
vt 0.21190468750000002 0.44498007812499996
vt 0.20368906250000002 0.43464765625
vt 0.2138671875 0.43359375
vt 0.21190468750000002 0.44498007812499996
vt 0.20442227089080534 0.44438727969493774
vt 0.203689055626074 0.43464764760497254
vt 0.171875 0.7258328654528102
vt 0.171875 0.685546875
vt 0.199588676759063 0.7140256535994439
vt 0.2890625 0.39453125
vt 0.2890625 0.37710359342622146
vt 0.2914874161525307 0.3771335139813865
vt 0.08736335850217566 0.866125463105802
vt 0.10399150955985108 0.8617426927535867
vt 0.10304116552249372 0.87109375
vt 0.10399150955985108 0.8617426927535867
vt 0.08736343344770588 0.8661254433520094
vt 0.09179286698400989 0.8577479654187457
vt 0.28270362789640846 0.5138631105453763
vt 0.2709739403964085 0.5226095949203763
vt 0.2695712060214085 0.5133154542953763
vt 0.08736343344770588 0.8661254433520094
vt 0.07538944377937556 0.8544202391517199
vt 0.09179286180966802 0.857747975205084
vt 0.07538944377937556 0.8544202391517199
vt 0.08736345140653634 0.8661254609077099
vt 0.0709367025387023 0.8629612679461159
vt 0.05255663127937556 0.8612784422767199
vt 0.07538944377937556 0.8544202391517199
vt 0.07093670940437556 0.8629612547767198
vt 0.0753894454252279 0.8544202386573616
vt 0.05255663127937556 0.8612784422767199
vt 0.05675735278554306 0.852494004487374
vt 0.042535729711759764 0.8550450579223962
vt 0.05675729863697383 0.8524941177214308
vt 0.05255663127937556 0.8612784422767199
vt 0.09179268905580515 0.8577479401587749
vt 0.07538944377937556 0.8544202391517199
vt 0.07808947528991184 0.8488091337967987
vt 0.28515625 0.53125
vt 0.2709739936301573 0.5226095552255291
vt 0.28270362789640846 0.5138631105453763
vt 0.09179268905580515 0.8577479401587749
vt 0.0780898305038998 0.848809365508068
vt 0.0949312436279285 0.8508963522965213
vt 0.08187377554478634 0.8384710260551571
vt 0.09493124493072318 0.8508963524579636
vt 0.0780898305038998 0.848809365508068
vt 0.08187377554478634 0.8384710260551571
vt 0.07808983507964343 0.8488093530064089
vt 0.060081632705664856 0.8372682903050847
vt 0.07808983507964343 0.8488093530064089
vt 0.05789952566626935 0.8476403919156449
vt 0.06008167073763165 0.8372683146789397
vt 0.045817693706548965 0.8383533625581816
vt 0.06008158213173162 0.8372687358366577
vt 0.05789952566626935 0.8476403919156449
vt 0.057899291708016165 0.8476402120772584
vt 0.042358722802619514 0.8472862540671945
vt 0.045817693706548965 0.8383533625581816
vt 0.03669547561319431 0.838810192470345
vt 0.045817739332918425 0.8383532447267746
vt 0.042358722802619514 0.8472862540671945
vt 0.042358649502664984 0.8472861443607118
vt 0.0349756866792584 0.8484458106053816
vt 0.03669547561319431 0.838810192470345
vt 0.027569062705914457 0.8392586576607722
vt 0.03669553072278603 0.838809883702815
vt 0.0349756866792584 0.8484458106053816
vt 0.027569062705914457 0.8392586576607722
vt 0.034975512509255104 0.8484455945654604
vt 0.027594606373163057 0.8496178452998475
vt 0.11502021901836477 0.9276443403082724
vt 0.11735204033643291 0.916107973378927
vt 0.12192156310111796 0.9254051289863727
vt 0.11735204033643291 0.916107973378927
vt 0.11502021097755737 0.9276443800890668
vt 0.1093165520467438 0.9197340469628084
vt 0.1081235810475531 0.9298985229046193
vt 0.1093165520467438 0.9197340469628084
vt 0.11501997116070499 0.9276440474900782
vt 0.1093165520467438 0.9197340469628084
vt 0.10812360989012675 0.9298982771571148
vt 0.10127304338167588 0.9233502738198229
vt 0.09521303134558282 0.9368878422828162
vt 0.10127304338167588 0.9233502738198229
vt 0.10812348580498962 0.9298981585523408
vt 0.10127304338167588 0.9233502738198229
vt 0.09521288713167587 0.9368881644448229
vt 0.08899023088167587 0.9283604300698229
vt 0.07897192009891019 0.9461767717932857
vt 0.0889902319935379 0.9283604315935554
vt 0.09521288713167587 0.9368881644448229
vt 0.07137394065967755 0.938366412898803
vt 0.08899030317110292 0.9283603050129772
vt 0.07897192009891019 0.9461767717932857
vt 0.16968566134354884 0.8459998344201929
vt 0.18032277071854885 0.8374478812951929
vt 0.17873448946854886 0.8488724906701929
vt 0.17873443890851087 0.8488724746193179
vt 0.16015637156550944 0.8607565062181615
vt 0.16968566134354884 0.8459998344201929
vt 0.16015625 0.8607565839812747
vt 0.17873443890851087 0.8488724746193179
vt 0.1691685771749394 0.86328125
vt 0.27225643603773486 0.9924896336353783
vt 0.2890625 0.9910481510778408
vt 0.2863306186992317 1
vt 0.0709332578503355 0.9599970313767624
vt 0.07897185988611627 0.9461769908013553
vt 0.08344709169343856 0.9502125526315871
vt 0.2890625 0.9910481510778408
vt 0.27225648391050467 0.9924896295292556
vt 0.2749940900409326 0.9836728505071
vt 0.27225648391050467 0.9924896295292556
vt 0.2631449421525677 0.9792860536320394
vt 0.27499417152381656 0.9836725880819928
vt 0.2631449421525677 0.9792860536320394
vt 0.2722565346462145 0.9924897030505996
vt 0.2571148243865042 0.9867169618566832
vt 0.07897185988611627 0.9461769908013553
vt 0.07093310057161495 0.9599973017718249
vt 0.0655037947376088 0.9550193754837184
vt 0.0655037947376088 0.9550193754837184
vt 0.07137394065967755 0.938366412898803
vt 0.07897202664450012 0.9461768813170484
vt 0.2571148243865042 0.9867169618566832
vt 0.2504933400115042 0.9742587587316832
vt 0.2631449025115042 0.9792861024816832
vt 0.07137397365344411 0.9383663192990922
vt 0.0655037947376088 0.9550193754837184
vt 0.05803833889175964 0.947416242525039
vt 0.05803807398493964 0.9474164222979876
vt 0.054903723121572545 0.920015994129135
vt 0.07137397365344411 0.9383663192990922
vt 0.3310546875 0.46077702738124304
vt 0.3204432366312467 0.45435742187499994
vt 0.3255275670640931 0.45166738769701387
vt 0.054903702233171876 0.9200158115231833
vt 0.05803807398493964 0.9474164222979876
vt 0.04595897384675395 0.9254827128278037
vt 0.045959159192997395 0.9254825995465976
vt 0.04296875 0.912109375
vt 0.054903702233171876 0.9200158115231833
vt 0.4404296875 0.4296875
vt 0.4345171290757585 0.4215776761858574
vt 0.4404296875 0.4159836570059645
vt 0.3204432366312467 0.45435742187499994
vt 0.33105456475624667 0.460776953125
vt 0.32292761163124667 0.46484375
vt 0.4221519132496437 0.8984375
vt 0.4083648057273464 0.887496607342565
vt 0.4267108042719511 0.8886728581957314
vt 0.4083648057273464 0.887496607342565
vt 0.42215186580811026 0.8984374623523118
vt 0.406388671875 0.8959472259948011
vt 0.10907778195451374 0.4273115379532436
vt 0.10185971804548626 0.4296875
vt 0.10185971804548628 0.4167295504075066
vt 0.24390077506986096 0.38671875
vt 0.24600821698793304 0.38116830658686074
vt 0.2470703125 0.38228689460955145
vt 0.24600821698793304 0.38116830658686074
vt 0.24390079511293303 0.3867186972118608
vt 0.24289142011293302 0.38570424408686077
vt 0.5131281249999999 0.89415625
vt 0.514023828125 0.8818359375
vt 0.517578125 0.888555859375
vt 0.5140238083016628 0.8818362101681438
vt 0.5131281249999999 0.89415625
vt 0.5004217202772514 0.8868904459468814
vt 0.6206939040142401 0.9252655792579311
vt 0.6019623459857599 0.9252655792579311
vt 0.6024002244734329 0.9228515625
vt 0.10914531250000001 0.5232572193746565
vt 0.11368867187500001 0.5100482349996566
vt 0.1142578125 0.5197372974996566
vt 0.11368876856387936 0.5100479538944674
vt 0.10914531250000001 0.5232572193746565
vt 0.09811197486749718 0.5068359375
vt 0.0006191653944576103 0.51171875
vt 0.0006191653944576103 0.48918018460795165
vt 0.0107421875 0.4985130423515306
vt 0.5948471197477733 0.654296875
vt 0.5992448549971882 0.6595228770392259
vt 0.5863020200028118 0.6595228770392259
vt 0.3063634210719222 0.734375
vt 0.3327066037239394 0.7570889891588222
vt 0.29296875 0.7570889891588222
vt 0.01525048310777951 0.5738474156578317
vt 0.007600000000000003 0.59375
vt 0.00018276976974172104 0.5835181736846745
vt 0.007600000000000003 0.59375
vt 0.015250390625000006 0.57384765625
vt 0.0224609375 0.5930734375
vt 0.08336171875 0.4517819429977884
vt 0.080645703125 0.4586182711227884
vt 0.07421875 0.4517819429977884
vt 0.08064575626956981 0.45861813735562085
vt 0.08336171875 0.4517819429977884
vt 0.08909293188195329 0.4609375
vt 0.58984375 0.990234375
vt 0.5967090253091816 0.9939337111329635
vt 0.58984375 0.9997086952871533
vt 0.60546875 0.8348096482368669
vt 0.6144048776535984 0.8348096482368669
vt 0.610411772300459 0.83984375
vt 0.047437385017952485 0.4306640625
vt 0.047437385017952485 0.4450023992425658
vt 0.039476677482047515 0.43823334713492257
vt 0.586185083802959 0.6202344630137846
vt 0.57421875 0.6202344630137846
vt 0.5783850661504678 0.61328125
vt 0.546875 0.4023546102155723
vt 0.5520560656620335 0.400390625
vt 0.5520560656620335 0.413116548078291
vt 0.2867219687564613 0.8006790336220964
vt 0.23828125 0.8006790336220964
vt 0.24882623373692206 0.7724609375
vt 0.6129299611472232 0.42468588509833793
vt 0.6085541895789331 0.4296875
vt 0.60546875 0.42468588509833793
vt 0.6005859375 0.6204988924244765
vt 0.5946408902284209 0.6247969026054034
vt 0.5946408902284209 0.615234375
vt 0.5588465044472113 0.48910258449343136
vt 0.564453125 0.5056039289092964
vt 0.5588465044472113 0.5078125
vt 0.11233064326851624 0.5032263037292997
vt 0.11441067659657281 0.4912109375
vt 0.1279296875 0.49682137608115384
vt 0.11441067659657281 0.4912109375
vt 0.11233059847157281 0.5032265625
vt 0.10985677034657282 0.49701796875000004
vt 0.0002258615753621268 0.4528411501662054
vt 0.0002258615753621268 0.4326171875
vt 0.005859375 0.4352697386998293
vt 0.1953125 0.419921875
vt 0.20235141349255667 0.423339501046186
vt 0.1953125 0.4332653343151154
vt 0.2901882022283209 0.93359375
vt 0.24609375 0.93359375
vt 0.27070460359525783 0.905160386378412
vt 0.56640625 0.697265625
vt 0.5735532930593971 0.7076663583479585
vt 0.56640625 0.710851303559655
vt 0.41083230416221017 0.46484375
vt 0.41083230416221017 0.4477271739968308
vt 0.4189453125 0.456523165463924
vt 0.357007421875 0.935546875
vt 0.359555859375 0.964747265625
vt 0.34765625 0.94058046875
vt 0.359555847567359 0.9647471303312251
vt 0.357007421875 0.935546875
vt 0.36929624235452874 0.9604118474333758
vt 0.32744140625 0.7840032086999044
vt 0.329674609375 0.8124996930749044
vt 0.3125 0.7922289899499044
vt 0.32967463342800507 0.8125
vt 0.32744140625 0.7840032086999044
vt 0.33931175545257874 0.8081843970953759
vt 0.09943463168981559 0.5498046875
vt 0.0981490630918731 0.5694643947006226
vt 0.08984375 0.5544610764132327
vt 0.0981490630918731 0.5694643947006226
vt 0.09943460996687312 0.5498050197006226
vt 0.1085408599668731 0.5646456447006226
vt 0.28945328415255006 0.62109375
vt 0.29810891466792017 0.6465973563145136
vt 0.27734375 0.6259462537636956
vt 0.27734375 0.6259462537636956
vt 0.298108984375 0.6465974256386956
vt 0.288243359375 0.6514509412636956
vt 0.458904842963707 0.8307852670013497
vt 0.441486092963707 0.8299813607513498
vt 0.451575546088707 0.8202743295013497
vt 0.441485782036293 0.8299813464014973
vt 0.458904842963707 0.8307852670013497
vt 0.4493925688547155 0.83984375
vt 0.390625 0.54546640625
vt 0.40018671875 0.5400390625
vt 0.406951953125 0.555730078125
vt 0.390625 0.54546640625
vt 0.40695190178008406 0.5557300458478589
vt 0.3965849681553932 0.5618269936437918
vt 0 0.6025229807192141
vt 0.017282083808258148 0.6242761718750001
vt 0.007062961075626281 0.6285128577170567
vt 0.015069193183258148 0.59765625
vt 0.017282083808258148 0.6242761718750001
vt 5.2558258147560044e-8 0.602523046875
vt 0.21494595911138376 0.5293421506525698
vt 0.220703125 0.5405294687611775
vt 0.20822250748122673 0.546875
vt 0.21494595911138376 0.5293421506525698
vt 0.20822252161138377 0.5468749631525698
vt 0.20321549036138375 0.5353628537775699
vt 0.298828125 0.8332792905438033
vt 0.2677045168815629 0.859375
vt 0.2547335783751256 0.8332792905438033
vt 0.08071132812500001 0.6298828125
vt 0.08717578125 0.656044921875
vt 0.0703125 0.636030078125
vt 0.08717573411907667 0.6560447311327443
vt 0.08071132812500001 0.6298828125
vt 0.09495129603558086 0.6518904633137002
vt 0.2578125 0.8984375
vt 0.3012042725133389 0.876904819037765
vt 0.30944526285915724 0.8984375
vt 0.16796875 0.6044361111071435
vt 0.18538046875 0.6243079861071434
vt 0.177462890625 0.6288693142321433
vt 0.18538044790259514 0.6243079623141434
vt 0.16796875 0.6044361111071435
vt 0.1791664534174057 0.5986328125
vt 0.5608961354135541 0.5241092728603285
vt 0.551773497777287 0.53125
vt 0.54296875 0.5241092728603285
vt 0.234375 0.9404650128116631
vt 0.2860076061122866 0.9404650128116631
vt 0.2540726504656815 0.96875
vt 0.564453125 0.9533834997272583
vt 0.5562117156700863 0.9609375
vt 0.5478463730307551 0.9533834997272583
vt 0.5357685561605863 0.8523106980977149
vt 0.5478515625 0.8534750946160374
vt 0.5366783249175963 0.859375
vt 0.5478515625 0.8534750946160374
vt 0.53576796875 0.8523106414910375
vt 0.5434984375 0.8475329071160375
vt 0.146484375 0.9751696671010944
vt 0.11726981706439914 0.999162890625
vt 0.10851906526600147 0.9531251549449824
vt 0.11726981706439914 0.999162890625
vt 0.06702137956439913 0.977374609375
vt 0.10851903581439913 0.953125
vt 0.5634765625 0.5810829858532046
vt 0.55098828125 0.5781150171032046
vt 0.563028125 0.5739865014782046
vt 0.55098828125 0.5781150171032046
vt 0.5541828861636484 0.5712890625
vt 0.5630280152097206 0.5739865391257766
vt 0.45090703444060387 0.7099609375
vt 0.44877187277806396 0.7297879408855719
vt 0.44140625 0.7145690422587404
vt 0.44877187277806396 0.7297879408855719
vt 0.45090702902806395 0.7099609877605719
vt 0.45917460715306396 0.7249848158855718
vt 0.14799627118273892 0.60893365030933
vt 0.13671875 0.5922453843531632
vt 0.14685757618257578 0.5869140625
vt 0.14685757618257578 0.5869140625
vt 0.15826577930757577 0.602571484375
vt 0.14799624805757577 0.608933203125
vt 0.18359375 0.550321484375
vt 0.19324921875 0.544921875
vt 0.200607421875 0.560051171875
vt 0.18359375 0.550321484375
vt 0.2006073696467367 0.5600511420069807
vt 0.19026778357265564 0.5660517439163661
vt 0.09167227473559322 0.5832265624999999
vt 0.07421875911059322 0.570821875
vt 0.08442071223559322 0.564453125
vt 0.07421875 0.5708218685248541
vt 0.09167227473559322 0.5832265624999999
vt 0.08053081875797621 0.589137420492468
vt 0.28515625 0.559683803909613
vt 0.29893507531005237 0.5859589977897275
vt 0.28515625 0.58984375
vt 0.350092578125 0.7451171875
vt 0.35946015625 0.7692152343750001
vt 0.33984375 0.751342578125
vt 0.35946009012520036 0.7692150642692906
vt 0.350092578125 0.7451171875
vt 0.36717611858858823 0.7649440275274861
vt 0.15625 0.4707259414203213
vt 0.16651154014067943 0.462890625
vt 0.16651154014067943 0.4800096433876839
vt 0.29296875 0.47236639038951267
vt 0.29296875 0.455078125
vt 0.30181813346981434 0.4577121856747026
vt 0.359375 0.5792793263208085
vt 0.3739265625 0.6001461231958085
vt 0.366084765625 0.6048293263208084
vt 0.37392657114591454 0.6001461355939646
vt 0.359375 0.5792793263208085
vt 0.37044524081828356 0.5732421875
vt 0.027258786468419807 0.9289917565842107
vt 0 0.9150390625
vt 0.0322937687133475 0.9150390625
vt 0.29236525657904067 0.6168055671304191
vt 0.28125 0.5989936054253753
vt 0.2914379088719549 0.59375
vt 0.2914379088719549 0.59375
vt 0.30258204949695494 0.610527734375
vt 0.29236525262195495 0.61680546875
vt 0.3363698666830643 0.6875
vt 0.3784738833169357 0.6875
vt 0.3677955116253556 0.7024103641259778
vt 0.18359375 0.5784690875819243
vt 0.20181647985081744 0.591601953125
vt 0.19058856703069976 0.5973401969353126
vt 0.20181647985081744 0.591601953125
vt 0.18359382360081744 0.578469140625
vt 0.19381335485081744 0.572265625
vt 0.513671875 0.4099451033990855
vt 0.5078350442846282 0.40413316552426815
vt 0.513671875 0.3994140625
vt 0.24121093749999997 0.6012197110249559
vt 0.22679744010306102 0.5869654503495405
vt 0.2412109375 0.5693359375
vt 0.39112852424021455 0.5102857940832669
vt 0.40136250861521455 0.5013225128332669
vt 0.39914571174021457 0.511481106583267
vt 0.4013627506187533 0.5013223008781083
vt 0.39112852424021455 0.5102857940832669
vt 0.38671875 0.4951171875
vt 0.5670101718276707 0.86328125
vt 0.5797394325345376 0.8568818178729285
vt 0.58203125 0.86328125
vt 0.39971525308306993 0.6799543824670109
vt 0.41460995767923037 0.6820098344099298
vt 0.4083115670228789 0.6875
vt 0.21875 0.421875
vt 0.21875 0.4110625755497921
vt 0.22575577750635606 0.41732229436938617
vt 0.41460995767923037 0.6820098344099298
vt 0.3997149346880822 0.6799543385288722
vt 0.4066290908332213 0.6739374300638532
vt 0.3997149346880822 0.6799543385288722
vt 0.3961701204457696 0.6674355780162686
vt 0.40662901629235804 0.6739374949315742
vt 0.3961701204457696 0.6674355780162686
vt 0.3997150423207696 0.6799547186412687
vt 0.39105410482076963 0.6719117498912686
vt 0.6112225187089 0.760466324397631
vt 0.6067955035156827 0.765625
vt 0.6015625 0.760466324397631
vt 0.13863830172624728 0.8261720244473616
vt 0.14416328125 0.866496484375
vt 0.1095041200699892 0.8383609384587909
vt 0.1669921875 0.826742578125
vt 0.14416328125 0.866496484375
vt 0.13863828125 0.826171875
vt 0.19540444327564133 0.4873596363710986
vt 0.19540444327564133 0.4638671875
vt 0.20303305672435867 0.4731322035092185
vt 0.3124664620937064 0.4268183801480421
vt 0.3046875 0.4365378854566041
vt 0.3046875 0.423828125
vt 0.5775903508496734 0.6416015625
vt 0.5866679063932487 0.648415194656357
vt 0.57421875 0.648415194656357
vt 0.4052734375 0.47867321178753963
vt 0.3949082602346847 0.4913188306337337
vt 0.3949082602346847 0.4736328125
vt 0.4404296875 0.47265625
vt 0.4260220145428892 0.47265625
vt 0.4263286973658949 0.4619807641141376
vt 0.49609375 0.39312238129777677
vt 0.5049557564881821 0.39312238129777677
vt 0.5003939772183877 0.3984375
vt 0.44490517880208297 0.5709655064576399
vt 0.4580078125 0.5677242256348699
vt 0.4558728435282739 0.57421875
vt 0.4580078125 0.5677242256348699
vt 0.44490532649693926 0.5709654699214353
vt 0.4477657430984927 0.5622181228388629
vt 0.44490532649693926 0.5709654699214353
vt 0.436628305546189 0.5592790460324554
vt 0.4477656260466156 0.5622184807914057
vt 0.436628305546189 0.5592790460324554
vt 0.44490525867118896 0.5709653741574554
vt 0.433966196171189 0.5672743585324553
vt 0.29296875 0.7187764767525675
vt 0.29975795114471343 0.7237685130204959
vt 0.29296875 0.73046875
vt 0.34778506036994383 0.45014760790849595
vt 0.3359375 0.44417421874999996
vt 0.3436528996690649 0.44226839794795625
vt 0.3359375 0.44417421874999996
vt 0.34778515625 0.45014765625
vt 0.338791796875 0.453125
vt 0.59375 0.69921875
vt 0.59375 0.6900559280597786
vt 0.5999728349529967 0.6942756142711537
vt 0.4283998231682795 0.9957665825725671
vt 0.41777351332660956 1
vt 0.4148557341247213 0.9909874552159045
vt 0.4250678255170976 0.9855039804460637
vt 0.4283998231682795 0.9957665825725671
vt 0.41485606717762946 0.9909875727359725
vt 0.4250678255170976 0.9855039804460637
vt 0.4384765625 0.9895898425616333
vt 0.4283999019134542 0.9957668251088716
vt 0.4384765625 0.9895898425616333
vt 0.425067578125 0.9855039050616333
vt 0.436078515625 0.9821187488116333
vt 0.588895703125 0.9208211771034581
vt 0.5932078125 0.9296871927284581
vt 0.5859375 0.9267356302284581
vt 0.593207961945766 0.9296875
vt 0.588895703125 0.9208211771034581
vt 0.5939960453735078 0.9223818472743042
vt 0.45447401718465347 0.38671875
vt 0.44921876002780453 0.38580580955029675
vt 0.452334375 0.38303238097675263
vt 0.452334375 0.38303238097675263
vt 0.44921875 0.38580581847675266
vt 0.450490234375 0.38263120910175263
vt 0.4129189919858634 0.6640683594800493
vt 0.427734375 0.6610940749550429
vt 0.42383264561078254 0.66796875
vt 0.427734375 0.6610940749550429
vt 0.4129188336021091 0.6640683912766183
vt 0.41828593450043755 0.6546445959214735
vt 0.41828593450043755 0.6546445959214735
vt 0.41291892115322354 0.6640682375504632
vt 0.40317684372467966 0.6581089838762356
vt 0.41828593450043755 0.6546445959214735
vt 0.4031765595004375 0.6581090490464736
vt 0.4078203095004375 0.6497703771714736
vt 0.5292242328361856 0.4765625
vt 0.52864921875 0.46392000279530554
vt 0.5360706195696646 0.4699122813656169
vt 0.52864921875 0.46392000279530554
vt 0.52922421875 0.47656219029530555
vt 0.5234375 0.46975008092030557
vt 0.5981636554651661 0.609375
vt 0.59375 0.6032630034132168
vt 0.6030417336180688 0.6032630034132168
vt 0.5703125 0.43149453125000004
vt 0.57953828125 0.43232773437500005
vt 0.575452734375 0.4375
vt 0.5795382553046916 0.43232773203181507
vt 0.5703125 0.43149453125000004
vt 0.5763055573582978 0.42786961767524145
vt 0.22298203125 0.38249090644701966
vt 0.222590234375 0.3867186408220197
vt 0.21875 0.38277137519701965
vt 0.2225902242571478 0.38671875
vt 0.22298203125 0.38249090644701966
vt 0.22437091839693674 0.38379780375006267
vt 0.3337296481142113 0.8373885729929158
vt 0.3288632418642113 0.8632811511179158
vt 0.3207671481142113 0.8440151354929158
vt 0.32886322327972 0.86328125
vt 0.3337296481142113 0.8373885729929158
vt 0.3501312893857887 0.8582901860612242
vt 0.42889687042222424 0.8588538051949732
vt 0.39453125 0.8588538051949732
vt 0.42548807167905195 0.845703125
vt 0.0625 0.766448828125
vt 0.09896367187499999 0.775452734375
vt 0.080812109375 0.78515625
vt 0.09896398817795449 0.7754528124790966
vt 0.0625 0.766448828125
vt 0.07072641083597796 0.7434757549696022
vt 0.2640939348563669 0.623046875
vt 0.2683353411063669 0.6435257812499999
vt 0.2481259661063669 0.6254199218750001
vt 0.2683353411063669 0.6435257812499999
vt 0.2463130963936331 0.652070132716031
vt 0.2481260457519267 0.6254199932305617
vt 0.15524375 0.9609375
vt 0.14920117187499998 0.911837890625
vt 0.1748046875 0.9231777343750001
vt 0.14920112524301535 0.9118375117118633
vt 0.15524375 0.9609375
vt 0.11764307116863407 0.9437696907447095
vt 0.15642168550119864 0.65234375
vt 0.15642168550119862 0.6164387933842844
vt 0.1728515625 0.6344804890896393
vt 0.3754051268602274 0.7734375
vt 0.3828125 0.7923072926947279
vt 0.3521367586805263 0.7923072926947279
vt 0.522251818788848 0.8125
vt 0.5043513901933648 0.8121602963192935
vt 0.5094060316816351 0.8050761233397421
vt 0.5094060316816351 0.8050761233397421
vt 0.5249454848066352 0.8030679202147422
vt 0.5222517348066351 0.8124999514647422
vt 0.35621814715195754 0.50390625
vt 0.3650701002769575 0.49119921874999994
vt 0.36877947527695754 0.49454023437500005
vt 0.3650702801164763 0.49119896058930346
vt 0.35621814715195754 0.50390625
vt 0.35192364972304246 0.49902008832429
vt 0.3768568171259384 0.9677734375
vt 0.4089335141960594 0.9801045269516705
vt 0.36328125 0.9801045269516704
vt 0.2233854988636082 0.6328125
vt 0.2233854988636082 0.6031438130127262
vt 0.2412109375 0.614237622421659
vt 0.47575624916339 0.8076171875
vt 0.46962402179807894 0.8193798129828316
vt 0.44921875 0.8076171875
vt 0.3016006702289491 0.7621171875
vt 0.2924284046039491 0.79296875
vt 0.2781936389789491 0.772834765625
vt 0.29242843336156654 0.7929686532717248
vt 0.3016006702289491 0.7621171875
vt 0.310546875 0.7839043628374247
vt 0.129994126410652 0.6386717625932222
vt 0.1327109375 0.66015625
vt 0.1259670800489529 0.6598284592602468
vt 0.1327109375 0.66015625
vt 0.129994140625 0.638671875
vt 0.1513671875 0.63415078125
vt 0.2892291845979558 0.861980840037347
vt 0.31640625 0.8506108711894133
vt 0.29426830260609316 0.87109375
vt 0.31640625 0.8506108711894133
vt 0.289229296875 0.8619807930644132
vt 0.307909765625 0.8359929024394133
vt 0.35968869408105625 0.9189453125
vt 0.39031130591894375 0.9189453125
vt 0.36959622869626574 0.9373782322859494
vt 0.4646649401716329 0.9111328125
vt 0.4646649401716329 0.9254378340114097
vt 0.44140625 0.9114744361878919
vt 0.3481642578125 0.65625
vt 0.3468603515625 0.680760546875
vt 0.3207810546875 0.66061328125
vt 0.3468603515625 0.680760546875
vt 0.3252019132893016 0.6834505006212788
vt 0.3207810905610604 0.6606133089637131
vt 0.3775653360242658 0.8155708673432602
vt 0.3454018514757342 0.81267265625
vt 0.3764898281526239 0.8055011520241909
vt 0.3454018514757342 0.81267265625
vt 0.3441143514757342 0.7958984375
vt 0.3764897421007342 0.805501171875
vt 0.3450710194082957 0.780423046875
vt 0.3126108631582957 0.771109765625
vt 0.3342858631582957 0.76171875
vt 0.33428601439931915 0.7617190122917031
vt 0.3504750743417043 0.7763984077644329
vt 0.3450710194082957 0.780423046875
vt 0.581468359375 0.421875
vt 0.57421875 0.418834765625
vt 0.577323828125 0.41302070312499994
vt 0.581468359375 0.421875
vt 0.5773239659552156 0.4130209975828225
vt 0.5826233924748867 0.4147569655602662
vt 0.6166239071363111 0.6330292920965872
vt 0.6187584171394283 0.63671875
vt 0.61328125 0.6356711514179465
vt 0.61328125 0.6356711514179465
vt 0.614891796875 0.6326531826679465
vt 0.616623828125 0.6330293545429465
vt 0.4306640625 0.6334339314971461
vt 0.4173796875 0.6309440877471462
vt 0.427897265625 0.6260757283721461
vt 0.4173796076278943 0.6309440727769978
vt 0.4306640625 0.6334339314971461
vt 0.42118496932524324 0.6411116416245437
vt 0.4173796076278943 0.6309440727769978
vt 0.42118499374147383 0.6411117068624173
vt 0.4102655631788809 0.644531104326457
vt 0.4173796076278943 0.6309440727769978
vt 0.4102654869055568 0.64453125
vt 0.4068043716203999 0.6352555202070885
vt 0.22265625 0.44394570312500004
vt 0.234378125 0.44996367187499997
vt 0.22499609375000001 0.453125
vt 0.23437816694967925 0.4499636934118154
vt 0.22265625 0.44394570312500004
vt 0.23014211049363734 0.44209293252094384
vt 0.6037737295568207 0.9367105515614828
vt 0.59765625 0.94140625
vt 0.59765625 0.9323045031369263
vt 0.03371995692019655 0.4139705311396774
vt 0.0274659983917344 0.408203125
vt 0.0400390625 0.408203125
vt 0.41108353454601765 0.9230603338468721
vt 0.40547611267101763 0.9324099432218721
vt 0.4000479876710176 0.9191322088468721
vt 0.40547611267101763 0.9324099432218721
vt 0.39490163498865866 0.9276628741035076
vt 0.40004789341234465 0.9191319782807701
vt 0.419921875 0.9307107097173083
vt 0.40547595131468844 0.9324102122614917
vt 0.41108353454601765 0.9230603338468721
vt 0.4158097770116497 0.9375
vt 0.4054759550653481 0.9324102118202422
vt 0.419921875 0.9307107097173083
vt 0.57934296875 1
vt 0.57421875 0.9939375
vt 0.5833484375 0.994737890625
vt 0.57421875 0.9939375
vt 0.5801257517638757 0.9902787128205232
vt 0.5833482975885839 0.9947378783591052
vt 0.5290988321812158 0.89453125
vt 0.5287171875 0.8817717393887072
vt 0.5363601110540771 0.8877100088266725
vt 0.5287171875 0.8817717393887072
vt 0.529098828125 0.8945311143887072
vt 0.5234375 0.8876674425137072
vt 0.41065835559223 0.625
vt 0.40625 0.6189092713893903
vt 0.4157120330655027 0.6189092713893903
vt 0.617297265625 0.714389453125
vt 0.61711796875 0.71875
vt 0.61328125 0.714806640625
vt 0.6171179736510846 0.7187498808043431
vt 0.617297265625 0.714389453125
vt 0.6185760206087639 0.7156568894679354
vt 0.03515625 0.9227118904928657
vt 0.03866524917519816 0.9316184028527422
vt 0.03515625 0.93359375
vt 0.2464598024368052 0.6640278031519284
vt 0.25036492797777743 0.6584640671556707
vt 0.2521665770167584 0.6674851153162985
vt 0.25036492797777743 0.6584640671556707
vt 0.25785456381191113 0.6710022636490829
vt 0.2521665861370551 0.6674851609825934
vt 0.25036492797777743 0.6584640671556707
vt 0.26531297485277744 0.6726945359056709
vt 0.2578543811027774 0.6710019577806707
vt 0.25785465193611384 0.6710020192408597
vt 0.26531297485277744 0.6726945359056709
vt 0.2720948850631948 0.6875
vt 0.13671875 0.6647672564824499
vt 0.1511658434421323 0.6714861983504465
vt 0.15355137847786918 0.6794693041978875
vt 0.1511658434421323 0.6714861983504465
vt 0.16628071871906894 0.6870487685092871
vt 0.1535514299548126 0.6794694764635981
vt 0.1535514299548126 0.6794694764635981
vt 0.1662807268298126 0.6870487733385982
vt 0.1575522112048126 0.6854612733385981
vt 0.1614506492429418 0.69140625
vt 0.15755217493302914 0.6854612667416624
vt 0.1662807268298126 0.6870487733385982
vt 0.484375 0.5731674109807915
vt 0.4963429055824931 0.5872185047210362
vt 0.484375 0.59375
vt 0.4375140625 0.956451171875
vt 0.429242578125 0.9765625
vt 0.41796875 0.968680859375
vt 0.4292426693855534 0.9765622781086379
vt 0.4375140625 0.956451171875
vt 0.43852187648475505 0.9713973389340668
vt 0.5905545865223175 0.51953125
vt 0.5748097070991692 0.5146961152591178
vt 0.591796875 0.5146961152591178
vt 0.58203125 0.6338080322216744
vt 0.590496690081314 0.6323658096763276
vt 0.5904011497978047 0.63671875
vt 0.590496690081314 0.6323658096763276
vt 0.582031455706314 0.6338079971763275
vt 0.5827767682063141 0.6280306534263276
vt 0.49599369838452734 0.9609375
vt 0.4860798317593947 0.9510529308253928
vt 0.4970703125 0.9552128268585752
vt 0.4860798317593947 0.9510529308253928
vt 0.49599350363439465 0.9609373058253927
vt 0.4845903786343947 0.9586587902003928
vt 0.4845904043650864 0.9586586588071859
vt 0.47341408471012547 0.9558711064811517
vt 0.4860798317593947 0.9510529308253928
vt 0.4860796474881199 0.9510530009240112
vt 0.47341408471012547 0.9558711064811517
vt 0.47465845472350743 0.9493549613012064
vt 0.38040570976936067 0.42713782632865505
vt 0.3909466844591284 0.4248046875
vt 0.390523046875 0.43142538972909894
vt 0.390523046875 0.43142538972909894
vt 0.37890625 0.432751561604099
vt 0.380405859375 0.42713788972909894
vt 0.13363613770021915 0.39399985554100636
vt 0.12890625 0.401998117821885
vt 0.12890625 0.390625
vt 0.59375 0.9362558916725459
vt 0.5799818613220249 0.94140625
vt 0.5787290336907532 0.9362558916725459
vt 0.3476853376982409 0.5205723239370801
vt 0.3515380720732409 0.5113766208120801
vt 0.36132791582324086 0.5223422458120801
vt 0.36041826438601443 0.53125
vt 0.3476853376982409 0.5205723239370801
vt 0.361328125 0.5223422729496576
vt 0.130859375 0.800949609375
vt 0.10034689416863683 0.8352466468692239
vt 0.09386020892684013 0.7954250661917664
vt 0.130859375 0.800949609375
vt 0.09385976562500001 0.795425
vt 0.111528515625 0.779296875
vt 0.27752669896579796 0.6708984375
vt 0.29864517603420204 0.7113725467747842
vt 0.277526698965798 0.7181457585248439
vt 0.03548386713004031 0.44546142331468075
vt 0.01953125 0.453125
vt 0.01953125 0.44503506291360884
vt 0.5748023251462544 0.8508511848970973
vt 0.5905348217044725 0.845703125
vt 0.591796875 0.8508511848970973
vt 0.5508003950699448 0.9140625
vt 0.5640774156795807 0.9070344968103421
vt 0.568359375 0.9140625
vt 0.203125 0.451171875
vt 0.21762119853733009 0.451171875
vt 0.20703524342434154 0.4608062085772575
vt 0.09765625000000001 0.49544972934289133
vt 0.09765625 0.4765625
vt 0.10783807498511493 0.48538939320433316
vt 0.531591015625 0.82735546875
vt 0.5320113281250001 0.814453125
vt 0.5361328125 0.823625390625
vt 0.532011318694464 0.8144534144894073
vt 0.531591015625 0.82735546875
vt 0.5236125412580852 0.8228124723474219
vt 0.05508046875 0.4337105007213833
vt 0.06503671875 0.4362233913463832
vt 0.056248828125 0.44084253197138323
vt 0.06503648417754976 0.43622333214187237
vt 0.05508046875 0.4337105007213833
vt 0.06483730421408068 0.4296875
vt 0.5800705891327623 0.4452600077564568
vt 0.5703125 0.45049804687499995
vt 0.5708744232527285 0.4439830774687412
vt 0.5703125 0.45049804687499995
vt 0.5800703125 0.44526015625000004
vt 0.57536875 0.453125
vt 0.5514731027225865 0.7070311147235242
vt 0.555476953125 0.6973328125
vt 0.5601549645359528 0.7005865091016242
vt 0.555476953125 0.6973328125
vt 0.551473046875 0.70703125
vt 0.546875 0.7022890625
vt 0.2643825743608298 0.49906261045908096
vt 0.275390625 0.5013784721918191
vt 0.27389428586983555 0.5078125
vt 0.27389428586983555 0.5078125
vt 0.2626167827724623 0.5065185410821922
vt 0.26438253725835265 0.49906257632825424
vt 0.25050982526839494 0.5042637691014222
vt 0.26438253725835265 0.49906257632825424
vt 0.2626167584013189 0.5065186439902625
vt 0.25180441225835265 0.4987199982032542
vt 0.26438253725835265 0.49906257632825424
vt 0.25050988100835264 0.5042637482032543
vt 0.5787645977601712 0.875
vt 0.5735411602601712 0.867405078125
vt 0.5823563946351712 0.870583203125
vt 0.573540951224844 0.8674047741858835
vt 0.5787645977601712 0.875
vt 0.5703125 0.8703223164640947
vt 0.5564116474656723 0.55078125
vt 0.5390625 0.55078125
vt 0.5502001023057042 0.5432412850058744
vt 0.0678763786177364 0.44760107731533916
vt 0.0546875 0.45703125
vt 0.0546875 0.44719527305750306
vt 0.6056940168323064 0.48313083233283416
vt 0.6101262956676936 0.47583942095583787
vt 0.6101262956676936 0.484375
vt 0.5757925337195359 0.94921875
vt 0.5594125153594641 0.9454550481375049
vt 0.5859375 0.9454550481375049
vt 0.5794421875 0.67880859375
vt 0.585687109375 0.6875
vt 0.578215234375 0.6799667968750001
vt 0.585687109375 0.6875
vt 0.5794421875 0.67880859375
vt 0.5869140625 0.6863417968750001
vt 0.16809388378068502 0.5048828125
vt 0.17956236621931498 0.5117036989799573
vt 0.16809388378068504 0.5270608332970826
vt 0.5698581655478149 0.731021326491371
vt 0.5686804055597322 0.73828125
vt 0.5625 0.7343403749442077
vt 0.5686804055597322 0.73828125
vt 0.5698581399347322 0.731021484375
vt 0.5761698586847323 0.7344953125
vt 0.5203192678392625 0.4215411794626954
vt 0.5263671875 0.4253034943157006
vt 0.5203192678392625 0.4375
vt 0.18359375 0.5078125
vt 0.18359375 0.4893551351385971
vt 0.19573056987925588 0.49582887149863064
vt 0.09827083911726225 0.765625
vt 0.09827083911726227 0.7230993080639492
vt 0.1298828125 0.7486009311129105
vt 0.03125 0.8655693632626381
vt 0.0007115553696782975 0.8784848771811975
vt 0.0007115553696783131 0.8330078125
vt 0.1543482486448549 0.41349765625
vt 0.15505020176985493 0.421875
vt 0.14903106114485493 0.418628125
vt 0.14903115378331874 0.41862803561463535
vt 0.14866073573014507 0.4099806449295098
vt 0.1543482486448549 0.41349765625
vt 0.3789142298526742 0.5576171875
vt 0.3916015625 0.5706546806601079
vt 0.37891422985267426 0.589500774487691
vt 0.5400390625 0.5332058329220329
vt 0.5321708673629357 0.54296875
vt 0.5238785301231982 0.533205832922033
vt 0.5719284824990831 0.796875
vt 0.58203125 0.8007046109700964
vt 0.5555262830991291 0.8007046109700964
vt 0.58203125 0.4853515625
vt 0.5704144466201857 0.49150059863410545
vt 0.5668438330984623 0.4853515625
vt 0.5390625 0.7302695733146628
vt 0.5564118074790096 0.7302695733146628
vt 0.5464109164264147 0.73828125
vt 0.53515625 0.4564185024753794
vt 0.5513700252975491 0.4564185024753794
vt 0.5445003874971096 0.46484375
vt 0.012324682721484471 0.4443359375
vt 0.017578125 0.4672333405284709
vt 0.012324682721484475 0.47224355242869465
vt 0.3212890625 0.6969900669729747
vt 0.30108019156818383 0.7021554660841849
vt 0.3010801915681839 0.65625
vt 0.5859375 0.53515625
vt 0.6013980922873355 0.5310749627354991
vt 0.6022225232223893 0.53515625
vt 0.5859375 0.47245509920223816
vt 0.6020148682981022 0.47245509920223816
vt 0.5866201089701476 0.4765625
vt 0.05175781249999999 0.5625
vt 0.03533332664785479 0.5509995890551194
vt 0.0517578125 0.54096347175262
vt 0.0641671875 0.91720703125
vt 0.0689546875 0.9072265625
vt 0.0703125 0.9082359375
vt 0.0689546875 0.9072265625
vt 0.0641671875 0.91720703125
vt 0.062808984375 0.91619765625
vt 0.10988041134551278 0.4560546875
vt 0.11604528249513983 0.4560546875
vt 0.1162109375 0.4839619594513662
vt 0.44528457939976007 0.845703125
vt 0.4560546875 0.8623334483158356
vt 0.43420147565970485 0.8623334483158356
vt 0.2022226835827064 0.87890625
vt 0.18448927124578635 0.8484298338845062
vt 0.2392578125 0.8484298338845062
vt 0.4673688704997376 0.83984375
vt 0.4837232920987341 0.8267815410084591
vt 0.4873046875 0.8361568512141242
vt 0.4837232920987341 0.8267815410084591
vt 0.4673689952237341 0.8398436503834591
vt 0.4649271983487341 0.8315694316334591
vt 0.4156984375 0.7519308329307206
vt 0.399403515625 0.7408402079307206
vt 0.4189453125 0.7354405985557205
vt 0.3994035658266172 0.7408402420988691
vt 0.4156984375 0.7519308329307206
vt 0.39870066663947606 0.7578125
vt 0.3248693276821515 0.4702970739373479
vt 0.3349609375 0.48828125
vt 0.3251518255127447 0.48828125
vt 0.140625 0.48828125
vt 0.140625 0.4726097694271656
vt 0.1523223312546795 0.47961471207190165
vt 0.4330004548975904 0.43357015223158457
vt 0.43219032246293143 0.44140625
vt 0.42578125 0.43784921915270814
vt 0.43219032246293143 0.44140625
vt 0.43300047871293146 0.433569921875
vt 0.4394371974629314 0.43658789062500003
vt 0.38671875 0.4830966983572238
vt 0.37579053681980673 0.49564555412246647
vt 0.3757905368198067 0.478515625
vt 0.4978504226257453 0.416015625
vt 0.4978504226257453 0.4326562128263962
vt 0.4923839523742547 0.4196943479883172
vt 0.5905629662825291 0.6794394001942701
vt 0.5905629662825291 0.671875
vt 0.5986328125 0.6796481338230571
vt 0.21285541425252166 0.6177878089937374
vt 0.21767031250000002 0.625
vt 0.2117482057628833 0.6188841745210621
vt 0.21767031250000002 0.625
vt 0.21285546875 0.6177878906250001
vt 0.21875 0.623890625
vt 0.55859375 0.79296875
vt 0.5320685636593445 0.79296875
vt 0.5565263917204246 0.7876008296657533
vt 0.5459364680535848 0.7129752122085886
vt 0.556640625 0.7174288595416178
vt 0.554658151874059 0.72265625
vt 0.554658151874059 0.72265625
vt 0.543102292499059 0.717094921875
vt 0.545936276874059 0.712975
vt 0.5604484156386608 0.78125
vt 0.5512148218886608 0.781226171875
vt 0.5606925562636608 0.77718984375
vt 0.5606927547319178 0.777189759227373
vt 0.5512148218886608 0.781226171875
vt 0.5520355857299608 0.7756959621243884
vt 0.5540018740937582 0.7703097063712716
vt 0.5606927547319178 0.777189759227373
vt 0.5520359495211854 0.7756960248966731
vt 0.5606926725539338 0.7771896747259592
vt 0.5540018740937582 0.7703097063712716
vt 0.5625 0.7733212407217992
vt 0.5395670259290241 0.9021650324243833
vt 0.545366925323792 0.892578125
vt 0.5537109375 0.9021650324243833
vt 0.590339413173043 0.7109375
vt 0.578781210048043 0.7100265625
vt 0.5917968350480429 0.705391796875
vt 0.591796875 0.7053917826484102
vt 0.578781210048043 0.7100265625
vt 0.578867982342799 0.705082826063248
vt 0.1277391155808869 0.4093156928058733
vt 0.1279296875 0.41796875
vt 0.1218825321762835 0.41463282835602755
vt 0.1218825321762835 0.41463282835602755
vt 0.12214268842628351 0.40568282835602754
vt 0.1277391728012835 0.40931564085602745
vt 0.45562227375583997 0.6865234674359119
vt 0.46000078125 0.702644140625
vt 0.4461173296058178 0.6957099279371813
vt 0.46000078125 0.702644140625
vt 0.45562226562499997 0.6865234375
vt 0.466796875 0.68765390625
vt 0.064453125 0.6653137143732962
vt 0.047064806942673953 0.6710103763143858
vt 0.04706480694267397 0.62890625
vt 0.15627264393047752 0.702068272011708
vt 0.1669921875 0.7134994925590779
vt 0.1562726439304775 0.7265625
vt 0.2097547989775679 0.9250071207948648
vt 0.19232452444374837 0.9150390625
vt 0.2099609375 0.9150390625
vt 0.41796875 0.5843391051922119
vt 0.417055078125 0.6013090270672119
vt 0.401066796875 0.5938656676922119
vt 0.41796875 0.5843391051922119
vt 0.4010668423263886 0.5938656420741374
vt 0.39901332095052316 0.5771484375
vt 0.469709054146084 0.652094738753218
vt 0.4548049468110453 0.6376953125
vt 0.47265625 0.644053278876871
vt 0.4548049468110453 0.6376953125
vt 0.4697092436860453 0.6520949218750001
vt 0.45015572806104526 0.64673828125
vt 0.5241386985650942 0.9912109375
vt 0.5439453125 0.9912109375
vt 0.5266216734497867 0.9995997192348344
vt 0.19224816645511641 0.882113371187312
vt 0.19447178412788158 0.88671875
vt 0.1875 0.88671875
vt 0.451171875 0.471817240398282
vt 0.4457978631054951 0.4696617451789912
vt 0.451171875 0.4453125
vt 0.609375 0.46029899055698453
vt 0.6033572365801698 0.46484375
vt 0.598231589885082 0.46029899055698453
vt 0.5631262349727586 0.4111328125
vt 0.5703125 0.41568610814922846
vt 0.5631262349727586 0.42148906276521014
vt 0.13733717768319825 0.5486912705652921
vt 0.15234374999999997 0.5321490708900739
vt 0.15234375 0.5546875
vt 0.04392299674029704 0.9977313974424967
vt 0.03908481575970296 1
vt 0.03908481575970297 0.9931982113553957
vt 0.1162109375 0.40107122501262904
vt 0.11621093749999999 0.4296875
vt 0.11336555698418813 0.4173925226347649
vt 0.12564443644385087 0.6325857445004496
vt 0.12564443644385087 0.5947265625
vt 0.1396484375 0.6237329387497368
vt 0.5302063601958983 0.4990234375
vt 0.5322265625 0.5074632509033614
vt 0.5122414074677923 0.5074632509033614
vt 0.48873868692802147 0.9021967011857741
vt 0.5087890625 0.9021967011857741
vt 0.49741073992735296 0.9140625
vt 0.578125 0.671875
vt 0.578125 0.6607826046367884
vt 0.5849193633176032 0.6673831339038607
vt 0.07126311633156199 0.6039059417459403
vt 0.08463890589015785 0.6088219312879924
vt 0.0778229838643783 0.61328125
vt 0.07910866863273086 0.5986727066948212
vt 0.08463890589015785 0.6088219312879924
vt 0.07126305398020638 0.6039059188300137
vt 0.07126305398020638 0.6039059188300137
vt 0.06856500035984216 0.5912683872351066
vt 0.07910848245009294 0.5986728308830822
vt 0.06856500035984216 0.5912683872351066
vt 0.07126304723484216 0.6039058872351066
vt 0.06282203160984215 0.5950996372351065
vt 0.23828125 0.39319055478193077
vt 0.247715323033891 0.39319055478193077
vt 0.24322847435616587 0.3984375
vt 0.36100850555182484 0.86328125
vt 0.3837890625 0.8818868376143482
vt 0.35157956297123055 0.8818868376143482
vt 0.50390625 0.6148288530627175
vt 0.5230733019255467 0.6148288530627175
vt 0.5149039695827248 0.625
vt 0.5273469539040553 0.44847990536458227
vt 0.5390625 0.4422787752541154
vt 0.5390130010913023 0.44921875
vt 0.42242977541370974 0.3984375
vt 0.41796875 0.39312139304721205
vt 0.42690382453498854 0.39312139304721205
vt 0.5390625 0.4422787752541154
vt 0.527346875 0.44847994712911543
vt 0.52746796875 0.43881900962911535
vt 0.476538194696673 0.6716408858371052
vt 0.48807894847983063 0.6752152207154892
vt 0.4832679725561572 0.68359375
vt 0.4832679725561572 0.68359375
vt 0.47254623501111004 0.6788763304154333
vt 0.47653828125 0.6716410395658287
vt 0.46484375 0.6730168208158287
vt 0.47653828125 0.6716410395658287
vt 0.47254609375 0.6788765864408287
vt 0.3171206675555527 0.5110240658979912
vt 0.3171206675555527 0.4912109375
vt 0.3291015625 0.49986482819238576
vt 0.2689217232660282 0.5326119173642172
vt 0.2841796875 0.546875
vt 0.2625717493021047 0.546875
vt 0.3291015625 0.6419729850073481
vt 0.3091984768039318 0.65625
vt 0.3091984768039318 0.6249678419246869
vt 0.0888671875 0.4112197299189504
vt 0.08217030397586646 0.4138512149090101
vt 0.08217030397586647 0.4033203125
vt 0.533459169981878 0.4257670449001989
vt 0.536367934202344 0.4210667386488245
vt 0.5390625 0.4259604113502108
vt 0.3515625 0.837890625
vt 0.3515625 0.8434182728632107
vt 0.3485986386672741 0.8416822184523098
vt 0.533459169981878 0.4257670449001989
vt 0.5390622949818781 0.4259604042751989
vt 0.5369087793568781 0.4335932167751989
vt 0.5369090143909793 0.43359375
vt 0.5314624332672233 0.4284341500255042
vt 0.533459169981878 0.4257670449001989
vt 0.4208984375 0.5283203125
vt 0.4208984375 0.5498789778349735
vt 0.4068834046518452 0.5344496474429825
vt 0.614948577880664 0.8122176219169011
vt 0.6176503726287567 0.81640625
vt 0.609375 0.81640625
vt 0.24155664494194598 0.7724335565373349
vt 0.23828125 0.7734375
vt 0.23828125 0.7665549532609304
vt 0.18823710034169822 0.3867921932087349
vt 0.18383321215830178 0.3899754955308604
vt 0.18383321215830178 0.3818359375
vt 0.5726175717894824 0.7723789062499999
vt 0.5712777582982691 0.7806975411434721
vt 0.5671383741541309 0.7738050522945332
vt 0.5712777328497063 0.7806976991485253
vt 0.5726175717894824 0.7723789062499999
vt 0.5751953125 0.7745351376719636
vt 0.5726175717894824 0.7723789062499999
vt 0.5671382749144824 0.773805078125
vt 0.5681878842894824 0.7685546875
vt 0.5726175717894824 0.7723789062499999
vt 0.5681880870289767 0.7685548625281878
vt 0.5730455667852411 0.7691752329353967
vt 0.04373828125 0.793183203125
vt 0.0625 0.7909738281250001
vt 0.0450890625 0.796875
vt 0.06249991115547329 0.7909738385873077
vt 0.04373828125 0.793183203125
vt 0.05996341012817548 0.7804546781488497
vt 0.0633403922542092 0.6484375
vt 0.0633403922542092 0.6379844569717223
vt 0.0654296875 0.6435192236671654
vt 0.23844546847453715 0.4761995609274038
vt 0.23844546847453715 0.4580078125
vt 0.2470703125 0.4615870898436881
vt 0.016940028041004127 0.4375
vt 0.012017823765136562 0.4292348457751931
vt 0.0244140625 0.4292348457751931
vt 0.3701171875 0.6520804476027711
vt 0.3364827270905855 0.6520804476027711
vt 0.3369696978360984 0.6337890625
vt 0.12575884707976026 0.7118752360991357
vt 0.12890625 0.7178187948807478
vt 0.12575884707976026 0.71875
vt 0.42581500896546765 0.41796875
vt 0.42581500896546765 0.40288404862792704
vt 0.4306640625 0.41090626398016106
vt 0.3486328125 0.58203125
vt 0.3328896944448888 0.5641291270942461
vt 0.3466728435763457 0.561225164531233
vt 0.3328896944448888 0.5641291270942461
vt 0.34863266319488884 0.5820310802192462
vt 0.32901117881988884 0.5793275645942462
vt 0.18503785669221512 0.4099457196792835
vt 0.18503785669221512 0.42578125
vt 0.1796875 0.41485228273925523
vt 0.00021061444879959257 0.8008889244150428
vt 0.0615234375 0.8008889244150427
vt 0.014380618769164813 0.8359375
vt 0.43117679104747436 0.5341796875
vt 0.4423825880574111 0.5508409443877138
vt 0.42590703125 0.5436117459943629
vt 0.439990234375 0.5540273709943628
vt 0.42590703125 0.5436117459943629
vt 0.4423828125 0.5508410428693629
vt 0.34199734740620025 0.7881888754586164
vt 0.33647830867736955 0.7861328125
vt 0.3466796875 0.7861328125
vt 0.43359375 0.66796875
vt 0.44296774457554683 0.6572351484246238
vt 0.4667837017181036 0.66796875
vt 0.3675843896111461 0.52734375
vt 0.3675843896111461 0.5064579582470006
vt 0.3798828125 0.5123447654544597
vt 0.1494140625 0.5785399780415741
vt 0.12976868513216733 0.5813717626436368
vt 0.1454748369250707 0.563402734375
vt 0.1454748369250707 0.563402734375
vt 0.1297685869250707 0.581371875
vt 0.13169046192507072 0.560546875
vt 0.5706048326457123 0.5661319374016145
vt 0.5706048326457123 0.5537109375
vt 0.5778326673542877 0.5602112546262012
vt 0.4862954240401502 0.41796875
vt 0.48046875 0.4113454892050393
vt 0.4862954240401502 0.40554815658635546
vt 0.2421875 0.4204841888629359
vt 0.2348220722232331 0.42952302144337373
vt 0.2348220722232331 0.4169921875
vt 0.5248337141981232 0.4140625
vt 0.51953125 0.4063325340663061
vt 0.5248337141981232 0.4015318091553892
vt 0.406388671875 0.8959472259948011
vt 0.390625 0.8857191009948011
vt 0.40836484375 0.8874964447448012
vt 0.2504933435290898 0.9742587653499569
vt 0.2571148243865042 0.9867169618566832
vt 0.23922708324609332 0.9879074022973292
vt 0.1853972255668385 0.7518117293540513
vt 0.18985604169424525 0.770066137073444
vt 0.17952665796090983 0.7579015820223491
vt 0.1624846137096918 0.76895
vt 0.17331781683469183 0.763087890625
vt 0.1686920355846918 0.7734375
vt 0.18539710802403567 0.7518118908258482
vt 0.1855281933182743 0.741975321278536
vt 0.18894007960179213 0.7484627732033385
vt 0.1855281933182743 0.741975321278536
vt 0.18539710832434975 0.7518118682904419
vt 0.1803762577110063 0.7460836230322822
vt 0.17952665796090983 0.7579015820223491
vt 0.1803762577110063 0.7460836230322822
vt 0.1853971003755145 0.7518118592216841
vt 0.18038826080173953 0.7460959632756019
vt 0.1821623289165955 0.7355026887996352
vt 0.18555152153684762 0.7420020359817918
vt 0.1821623289165955 0.7355026887996352
vt 0.18038821350786466 0.7460962456756934
vt 0.17533921663972685 0.7402939457368232
vt 0.17952665796090983 0.7579015820223491
vt 0.17446500746966892 0.7518799192574698
vt 0.1803762400702659 0.7460838684155306
vt 0.17331789020360971 0.7630876720702848
vt 0.17446500746966892 0.7518799192574698
vt 0.17952665649436705 0.7579015802776562
vt 0.1744650560245739 0.7518799782067715
vt 0.17533921663972685 0.7402939457368232
vt 0.180388097825119 0.7460961127332484
vt 0.17331787082465497 0.7630878614097194
vt 0.1624846137096918 0.76895
vt 0.16815904488672595 0.7581012742621666
vt 0.17446500746966892 0.7518799192574698
vt 0.17331787082465497 0.7630878614097194
vt 0.16815895483872406 0.7581011872206159
vt 0.15625 0.7643851282649374
vt 0.16815914899114087 0.7581010752289578
vt 0.1624846137096918 0.76895
vt 0.1681588929619494 0.7581012103268576
vt 0.15625 0.7643851282649374
vt 0.16300034364502047 0.7531170400522867
vt 0.16943485789478552 0.745772530283785
vt 0.16815881683435588 0.75810132336952
vt 0.1629969777329676 0.7531200629169723
vt 0.16815881683435588 0.75810132336952
vt 0.1694348202370434 0.7457728941235744
vt 0.17446500746966892 0.7518799192574698
vt 0.1744650560245739 0.7518799782067715
vt 0.1694348202370434 0.7457728941235744
vt 0.17533923485117545 0.7402937043642066
vt 0.1694348202370434 0.7457728941235744
vt 0.16606963028972005 0.7295772440528561
vt 0.17533894472025108 0.7402939736004466
vt 0.16058524730960982 0.735644721006097
vt 0.16606967036234388 0.7295774369103775
vt 0.1694348202370434 0.7457728941235744
vt 0.25767502038031026 0.757020965091364
vt 0.27308220057779187 0.759484554961229
vt 0.2676793645268765 0.765625
vt 0.27308220057779187 0.759484554961229
vt 0.25767504607703895 0.7570209692002404
vt 0.26262806279633455 0.7505470222167814
vt 0.25767504607703895 0.7570209692002404
vt 0.2518934896164571 0.7523241389834879
vt 0.26262817572661395 0.750546874608832
vt 0.2518934896164571 0.7523241389834879
vt 0.2570195339534312 0.7458402554702199
vt 0.2626284393399175 0.750546830964283
vt 0.26262819490343264 0.7505466258513973
vt 0.2570195339534312 0.7458402554702199
vt 0.26682217500649236 0.7431832340535454
vt 0.25701917397075635 0.7458402345019887
vt 0.2606621143035746 0.7402203071303552
vt 0.26682298971358104 0.7431890401151346
vt 0.2518934896164571 0.7523241389834879
vt 0.24603550156357393 0.747637921223773
vt 0.2570195664231112 0.7458402143996382
vt 0.25701917397075635 0.7458402345019887
vt 0.2514114250487345 0.7411328500798156
vt 0.26066185830523037 0.7402207020564234
vt 0.24603550156357393 0.747637921223773
vt 0.2514114250487345 0.7411328500798156
vt 0.25701921796239885 0.745840271430456
vt 0.2514114250487345 0.7411328500798156
vt 0.25442702991631516 0.7372494439506588
vt 0.26066194522250374 0.7402206934858606
vt 0.234375 0.738166749570895
vt 0.2514114250487345 0.7411328500798156
vt 0.24603547653412927 0.7476379515103495
vt 0.2514114250487345 0.7411328500798156
vt 0.2343754875487345 0.7381668344548155
vt 0.23852861254873448 0.7305648813298155
vt 0.3679890619224496 0.5426768902282962
vt 0.3847656244224496 0.5426522808532963
vt 0.3810269525474496 0.5504663433532963
vt 0.384765625 0.542652280852449
vt 0.3679890619224496 0.5426768902282962
vt 0.370690477122781 0.5322265625
vt 0.09493136206445417 0.8508965637150911
vt 0.10426687479408554 0.8423023305333798
vt 0.10391436038845801 0.853090389423277
vt 0.10426687479408554 0.8423023305333798
vt 0.09493141536805647 0.8508965146440223
vt 0.09868539309157032 0.8407606820400462
vt 0.09493141536805647 0.8508965146440223
vt 0.08187377554478634 0.8384710260551571
vt 0.09868545808837019 0.8407605065470807
vt 0.02078743299147394 0.6352642147454672
vt 0.033408589280700576 0.6599283186906744
vt 0.01644939718519727 0.6594226950114659
vt 0.033408589280700576 0.6599283186906744
vt 0.020787354975979562 0.635264062288575
vt 0.03199906347544272 0.6350328125
vt 0.027566250975442717 0.6220703125
vt 0.03199906347544272 0.6350328125
vt 0.02078734472544272 0.6352640625
vt 0.03199901584773781 0.6350326732263165
vt 0.027566250975442717 0.6220703125
vt 0.03515625 0.6253672777933197
vt 0.2518934896164571 0.7523241389834879
vt 0.24149548027738954 0.754501617133212
vt 0.24603555000778243 0.7476379599777118
vt 0.2414955394626445 0.7545016047390511
vt 0.2518934896164571 0.7523241389834879
vt 0.24630170323229011 0.7594545135529709
vt 0.25767504607703895 0.7570209692002404
vt 0.24629906913392058 0.7594524628578554
vt 0.25189359748592915 0.7523242266146646
vt 0.24629910383145595 0.7594524554416275
vt 0.25767504607703895 0.7570209692002404
vt 0.25117799557750375 0.7644058408644219
vt 0.46251015625 0.90625
vt 0.471301953125 0.894894140625
vt 0.474609375 0.901009765625
vt 0.471301938555336 0.8948941594437987
vt 0.46251015625 0.90625
vt 0.45996086357104127 0.8991142676648208
vt 0.45996110352754116 0.8991141783750136
vt 0.4680649550241147 0.8887989892069424
vt 0.471301938555336 0.8948941594437987
vt 0.468065068189807 0.8887988451611731
vt 0.45996110352754116 0.8991141783750136
vt 0.45734119754756297 0.8919587850098639
vt 0.5078125 0.6314341091832462
vt 0.5410020086809177 0.6314341091832462
vt 0.5091211585907104 0.63671875
vt 0.093294140625 0.43615543308740046
vt 0.099609375 0.4351776987124004
vt 0.0907921875 0.4436812143374004
vt 0.099609375 0.4351776987124004
vt 0.09526733219980849 0.44921875
vt 0.09079191412588535 0.4436814779862176
vt 0.580078125 0.47926739508430105
vt 0.573762890625 0.48024434820930106
vt 0.570721484375 0.47555841070930105
vt 0.5707214312852279 0.4755583896644471
vt 0.5782918548248925 0.470703125
vt 0.580078125 0.47926739508430105
vt 0.6142578125 0.5400390625
vt 0.6131774087739674 0.5428414943716465
vt 0.5978182583195975 0.5400390625
vt 0.01069812040567706 0.69430234375
vt 0.01146882353067706 0.73734609375
vt 0.00043522978067706 0.73828125
vt 0.01146882364324154 0.7373461000367232
vt 0.01069812040567706 0.69430234375
vt 0.0283203125 0.7109908731457653
vt 0.1024326171875 0.3835954911698466
vt 0.0977626953125 0.38428924116984664
vt 0.1007619140625 0.38122322554484667
vt 0.0977629178865447 0.3842892081048944
vt 0.1024326171875 0.3835954911698466
vt 0.10102492893381372 0.38671875
vt 0.5324860598061824 0.3825889929899534
vt 0.5339997571589945 0.38671875
vt 0.53125 0.3857933530457921
vt 0.5339997571589945 0.38671875
vt 0.5324860852839945 0.3825890625
vt 0.5361349134089946 0.38337929687500005
vt 0.1914063334633525 0.6945701620956957
vt 0.19481874999999998 0.6917120288769858
vt 0.19506527404485924 0.6953125
vt 0.19481874999999998 0.6917120288769858
vt 0.19140625 0.6945702320019858
vt 0.193344921875 0.6905257007519857
vt 0.064123828125 0.671875
vt 0.063784765625 0.67504453125
vt 0.0625 0.67365546875
vt 0.06378477007013644 0.6750444896971923
vt 0.064123828125 0.671875
vt 0.06738460100504759 0.6747671068037078
vt 0.38811836117592025 0.7399277840258478
vt 0.3935546875 0.75271953125
vt 0.3633833590731602 0.7462140118991547
vt 0.3935546875 0.75271953125
vt 0.39085078125 0.7578125
vt 0.36338359375 0.7462140625
vt 0.5703921932699635 0.82421875
vt 0.56640625 0.8195073187779605
vt 0.5867000062632926 0.8195073187779605
vt 0.042217881818314804 0.72265625
vt 0.0390625 0.7202572948063121
vt 0.042217881818314804 0.715773920632734
vt 0.023437500000000007 0.5520021271588741
vt 0.03887746023377278 0.5661321165159812
vt 0.0234375 0.578125
vt 0.40463020037858394 0.38671875
vt 0.40234375 0.3850257852029021
vt 0.40637513303645095 0.38376063166593233
vt 0.40234375 0.3850257852029021
vt 0.403604296875 0.38123867582790205
vt 0.406375390625 0.38376055082790206
vt 0.2124352929312649 0.3840238565447627
vt 0.20909904891764203 0.38671875
vt 0.2106307226937351 0.38182372217846916
vt 0.2106307226937351 0.38182372217846916
vt 0.2090990820687351 0.38671864405346923
vt 0.2074865820687351 0.3827651284284692
vt 0.6162078125 0.5658400644556225
vt 0.616139453125 0.5703123300806224
vt 0.61328125 0.5678892832056224
vt 0.6161394505277521 0.5703125
vt 0.6162078125 0.5658400644556225
vt 0.6181116647675642 0.5662841616366878
vt 0.3777886695122223 0.9608502605045492
vt 0.37594218749999997 0.9602078125
vt 0.37892054295083183 0.9587229319820814
vt 0.37594218749999997 0.9602078125
vt 0.375 0.95703125
vt 0.3789203125 0.958723046875
vt 0.1357421875 0.46874703202627976
vt 0.12166500048105139 0.46874703202627976
vt 0.1270231929692913 0.4580078125
vt 0.03181651120793216 0.4369650707141435
vt 0.03181651120793216 0.4189453125
vt 0.037109375 0.4216895171947955
vt 0.4921875 0.4819800578913629
vt 0.4921875 0.5
vt 0.48089837203573527 0.4948779257982976
vt 0.04296875 0.62109375
vt 0.04296874999999997 0.6553264363766027
vt 0.03941215386055193 0.6502907253757688
vt 0.4111229541353206 0.5680406738828156
vt 0.4267578125 0.556510058910817
vt 0.4267578125 0.58203125
vt 0.030205767805166598 0.5148683835784915
vt 0.0240776959464839 0.5029296875
vt 0.044921875 0.5029296875
vt 0.5338528565898263 0.6735245880543899
vt 0.5234375 0.672697265625
vt 0.5236530590596175 0.6641708556296096
vt 0.5234375 0.672697265625
vt 0.533853125 0.673524609375
vt 0.533525 0.6796875
vt 0.5863990794255656 0.9609375
vt 0.5708272631048286 0.9561075882744663
vt 0.58984375 0.9561075882744663
vt 0.1369002104612972 0.7548165198720156
vt 0.1395376029648397 0.7578125
vt 0.1328125 0.7578125
vt 0.03916323761252183 0.4021152713545598
vt 0.039163237612521815 0.3857421875
vt 0.0419921875 0.40077466377164683
vt 0.5235269986002248 0.8348655093801514
vt 0.529233203125 0.8332437500000001
vt 0.531154683214131 0.8437499765658193
vt 0.529233203125 0.8332437500000001
vt 0.5390625 0.841680078125
vt 0.5311546875 0.84375
vt 0.15265078125 0.4331581158140482
vt 0.162109375 0.43336085018904824
vt 0.157830078125 0.43657881893904826
vt 0.16210910330147657 0.4333608443654944
vt 0.15265078125 0.4331581158140482
vt 0.15722190280884266 0.42578125
vt 0.458495703125 0.4140625
vt 0.4638671875 0.41717265625
vt 0.46381953125 0.4252125
vt 0.45778617539259603 0.42882478226027265
vt 0.458495703125 0.4140625
vt 0.46381938151433355 0.42521218639996605
vt 0.0005325262207118986 0.39658225843433026
vt 0.005598420581028968 0.38964847206999653
vt 0.0017164062500000105 0.39758046874999997
vt 0.0017164062500000105 0.39758046874999997
vt 0.0055984374999999975 0.3896484375
vt 0.0068359375 0.39063593750000003
vt 0.2685546875 0.6541537903767591
vt 0.2685546875 0.6640625
vt 0.2617788086863538 0.6541841290461581
vt 0.0771484375 0.4706618224536149
vt 0.06723433603190394 0.47641966767243915
vt 0.06723433603190394 0.4599609375
vt 0.2705078125 0.3934252298416596
vt 0.2705078125 0.40625
vt 0.2660334963600322 0.3965270422910945
vt 0.5633373826322471 0.62109375
vt 0.546875 0.6155713110017264
vt 0.5692243824440382 0.6155713110017264
vt 0.5724353430984878 0.94140625
vt 0.5549615149734878 0.93483828125
vt 0.5726689368484877 0.937481640625
vt 0.5549613890324098 0.9348382339119434
vt 0.5724353430984878 0.94140625
vt 0.5546875 0.9397056704583482
vt 0.5771484375 0.630062890625
vt 0.575428515625 0.63671875
vt 0.568655078125 0.627634375
vt 0.575428515625 0.63671875
vt 0.5665068197859974 0.6354170186922478
vt 0.5686549901129228 0.6276342569602729
vt 0.54296875 0.44364299830862963
vt 0.5647622994809981 0.44364299830862963
vt 0.5492600229668344 0.44921875
vt 0.21138726255589088 0.40175949540207123
vt 0.220703125 0.40625
vt 0.20777018018630986 0.40625
vt 0.0536701171875 0.49013238764481915
vt 0.0670033203125 0.5000503563948191
vt 0.051160742187500004 0.4932277001448191
vt 0.06395229771942809 0.50390625
vt 0.05116077775741016 0.49322771546311306
vt 0.0670033203125 0.5000503563948191
vt 0.07401022365620634 0.42968748297688075
vt 0.07914263636866632 0.420151953125
vt 0.0810546875 0.4285642597665211
vt 0.07914263636866632 0.420151953125
vt 0.07401021449366632 0.4296875
vt 0.07112349574366632 0.42252148437500003
vt 0.44612965263066684 0.58984375
vt 0.4765625 0.58984375
vt 0.45478146930611346 0.6006368530408249
vt 0.19596773755001998 0.724609375
vt 0.224609375 0.7355940284430532
vt 0.19596773755002 0.7727530624498191
vt 0.14725274217470605 0.511718766529393
vt 0.154584765625 0.52725703125
vt 0.14512270081836143 0.5228669359987621
vt 0.154584765625 0.52725703125
vt 0.147252734375 0.51171875
vt 0.1630859375 0.51881796875
vt 0.60546875 0.5024659600583607
vt 0.6096611603161388 0.5066022393486593
vt 0.60546875 0.51171875
vt 0.4927510473786679 0.46036683134990775
vt 0.49051510987866787 0.4501957375999077
vt 0.4976541723786678 0.4525199563499077
vt 0.4927510473786679 0.46036683134990775
vt 0.484375 0.4546746012394305
vt 0.4905150164278701 0.4501953125
vt 0.227059765625 0.56640625
vt 0.230749609375 0.54785703125
vt 0.2392578125 0.555450390625
vt 0.23074961061693836 0.5478570250066499
vt 0.227059765625 0.56640625
vt 0.2197248485418643 0.557024413829263
vt 0.5642081753689211 0.7534361256819366
vt 0.558129296875 0.7451556947402749
vt 0.565919545391084 0.7431640625
vt 0.558129296875 0.7451556947402749
vt 0.564208203125 0.7534361634902749
vt 0.5546875 0.7522924134902749
vt 0.35967656973297596 0.39453125
vt 0.35546875 0.39037186571712823
vt 0.36505813957204797 0.39037186571712823
vt 0.2060546875 1
vt 0.1447418650535484 1
vt 0.16510045123678113 0.9640265320274554
vt 0.07974768929036524 0.4345706246136535
vt 0.080881640625 0.445282421875
vt 0.07502444790687485 0.4417150298066901
vt 0.080881640625 0.445282421875
vt 0.07974765624999999 0.4345703125
vt 0.0859375 0.439630859375
vt 0.4404296875 0.6737044582431241
vt 0.4404296875 0.6953125
vt 0.4224663429995402 0.6846970884131103
vt 0.3090345376317564 0.9999618599734393
vt 0.3109020742597046 0.9857912756247831
vt 0.3228742509471065 0.9999997987771567
vt 0.3228742509471065 0.9999997987771567
vt 0.31090211732708894 0.9857913267369528
vt 0.3252153172113955 0.9861502804500915
vt 0.3418183915721065 0.9868177675271568
vt 0.3228742509471065 0.9999997987771567
vt 0.3252152665721065 0.9861505800271567
vt 0.32287396176604116 1
vt 0.3418183915721065 0.9868177675271568
vt 0.3431287398517207 0.9987418807962546
vt 0.3431287393876458 0.998741876573193
vt 0.3418183915721065 0.9868177675271568
vt 0.3628404623682436 0.9913276022171121
vt 0.36284044719935155 0.9913275989629515
vt 0.3418183915721065 0.9868177675271568
vt 0.3604495063329941 0.9846214345394129
vt 0.6116189455367559 0.9388648363903912
vt 0.6236255281584723 0.94140625
vt 0.609375 0.94140625
vt 0.5976729448014003 0.806640625
vt 0.603515625 0.8122938887785677
vt 0.5976729448014003 0.8159835095263106
vt 0.328125 0.42578125
vt 0.328125 0.40869511100870404
vt 0.33285996182622424 0.4137280189597936
vt 0.015625 0.6754663887264498
vt 0.00028731202547609136 0.6875
vt 0.00028731202547610177 0.6329900998517484
vt 0.25 0.524788671875
vt 0.25328768003297875 0.5121751986215055
vt 0.2648051194745756 0.5194843601854598
vt 0.25 0.524788671875
vt 0.264805078125 0.519484375
vt 0.256689453125 0.53125
vt 0.62364883221162 0.93359375
vt 0.60974960528838 0.93359375
vt 0.6211899641580216 0.931096963338405
vt 0.35627205927180305 0.5694100611132447
vt 0.35627205927180305 0.5478515625
vt 0.373046875 0.5592530423005226
vt 0.21875 0.8071811434175957
vt 0.21224377953134796 0.8203125
vt 0.20190506277441794 0.8125086347132354
vt 0.20190506277441794 0.8125086347132354
vt 0.20783153845007155 0.7993322969500488
vt 0.21874993779488916 0.8071811630909957
vt 0.20190506277441794 0.8125086347132354
vt 0.1949172017104204 0.7909200541651917
vt 0.20783164694148681 0.7993320557410049
vt 0.1949172017104204 0.7909200541651917
vt 0.2019050923354204 0.8125087260401918
vt 0.1873562642104204 0.8002630229151918
vt 0.18735641261534391 0.8002628395328317
vt 0.17590787686494994 0.7835200474691635
vt 0.1949172017104204 0.7909200541651917
vt 0.17590787686494994 0.7835200474691635
vt 0.18139447698974792 0.7791214240983672
vt 0.19491724180909795 0.7909200697749246
vt 0.12109375 0.521353515625
vt 0.12636484375 0.507679296875
vt 0.12949609374999999 0.5234375
vt 0.12949605312304796 0.5234372955424311
vt 0.12636484375 0.507679296875
vt 0.1378802896776148 0.5134565824871606
vt 0.450835546875 0.9800718260421171
vt 0.46240234375 0.993022216667117
vt 0.4453125 0.993377685417117
vt 0.44531258384785843 0.9933776836730815
vt 0.46240234375 0.993022216667117
vt 0.4578390182386301 1
vt 0.61657464641621 0.792966796875
vt 0.6160949589162099 0.7880859375
vt 0.6186609745412099 0.79036953125
vt 0.61657464641621 0.792966796875
vt 0.6137609004587901 0.7895368132635169
vt 0.6160949643161593 0.788085992444924
vt 0.5511158503347686 0.6552735431437766
vt 0.538509375 0.663330859375
vt 0.5360774975836831 0.6578059894336155
vt 0.538509375 0.663330859375
vt 0.551116015625 0.6552734375
vt 0.5537109375 0.658871875
vt 0.5435877976072407 0.4328013624179117
vt 0.564453125 0.4328013624179117
vt 0.5521337291280418 0.4375
vt 0.4724538071799539 0.8007810656652892
vt 0.46421250000000003 0.785446875
vt 0.48035529931889354 0.7887349336351841
vt 0.46421250000000003 0.785446875
vt 0.47245390625 0.80078125
vt 0.4609375 0.7932625
vt 0.48299649739844297 0.7539060297026245
vt 0.48385546475187136 0.7427890625
vt 0.4970703125 0.7533208362409585
vt 0.48385546475187136 0.7427890625
vt 0.4829964803768714 0.75390625
vt 0.47283398037687135 0.74385703125
vt 0.352049353821489 0.7074626129844603
vt 0.365234375 0.7074626129844603
vt 0.35762883073276863 0.7109375
vt 0.30577265625 0.491435546875
vt 0.29681328125 0.4794921875
vt 0.3095703125 0.486896875
vt 0.29681349556997555 0.47949247320078703
vt 0.30577265625 0.491435546875
vt 0.2935623325747488 0.4822712042405618
vt 0.24609375 0.5930708143203236
vt 0.25023320312499997 0.5902852674453236
vt 0.250369140625 0.5929630018203236
vt 0.2502331858590136 0.59028527906406
vt 0.24609375 0.5930708143203236
vt 0.2470312039186247 0.58984375
vt 0.5732421875 0.671875
vt 0.5552055073734752 0.671875
vt 0.5642387619979897 0.6657632040112962
vt 0.270234547913356 0.44068046510579706
vt 0.27734375 0.4487601920531056
vt 0.270234547913356 0.45703125
vt 0.39859734531514845 0.4326962196705625
vt 0.39859734531514845 0.4130859375
vt 0.4033203125 0.4212104440979463
vt 0.30946599546779163 0.8701213202421678
vt 0.3447265625 0.8701213202421678
vt 0.32514276000757203 0.89453125
vt 0.5395552174756783 0.5773537684978924
vt 0.5478515625 0.5876366323216684
vt 0.5395552174756783 0.59375
vt 0.5202438170735768 0.6446372755358026
vt 0.53125 0.6510255736141346
vt 0.5202438170735768 0.66015625
vt 0.5514506291973099 0.8123845657913719
vt 0.5640737829905835 0.8056640625
vt 0.5693359375 0.8123845657913719
vt 0.5392236736546157 0.6740471750143247
vt 0.5536466845460805 0.6822893419511907
vt 0.5391267529539195 0.68359375
vt 0.5536466845460805 0.6822893419511907
vt 0.5392236376710804 0.6740471544511908
vt 0.5516216845460804 0.6766022325761907
vt 0.13621128888811718 0.478381640625
vt 0.12134996076311719 0.48326171875
vt 0.12146441388811718 0.4755859375
vt 0.1213500365483443 0.4832616938640796
vt 0.13621128888811718 0.478381640625
vt 0.1364625392368828 0.48792534590264514
vt 0.0985371494348597 0.714273210237964
vt 0.1201171875 0.673828125
vt 0.1201171875 0.7219716860719312
vt 0.10058593749999999 0.5822104321416071
vt 0.1005859375 0.6328125
vt 0.09015578529917137 0.6298309726772688
vt 0.3629539839902552 0.6597079169258733
vt 0.35574509199517723 0.65625
vt 0.3681640625 0.65625
vt 0.5 0.5317739189752675
vt 0.516114453125 0.5305680596002675
vt 0.51628984375 0.5382426689752675
vt 0.5161141300774342 0.5305680837742144
vt 0.5 0.5317739189752675
vt 0.5039780348390671 0.525390625
vt 0.484375 0.7926031607025363
vt 0.4915502316782633 0.7861328680396785
vt 0.49702599094573474 0.799967578125
vt 0.49702599094573474 0.799967578125
vt 0.4915502096957347 0.7861328125
vt 0.5025564596957347 0.794559375
vt 0.50390625 0.6654647960231208
vt 0.5191562333632855 0.6674109375
vt 0.5135592130450827 0.6752870685785879
vt 0.5191562333632855 0.6674109375
vt 0.5039066239882856 0.6654648437499999
vt 0.5087808427382855 0.662109375
vt 0.1328125 0.49877499999999997
vt 0.13900625 0.494140625
vt 0.1474203125 0.50713671875
vt 0.14742039832933146 0.5071368513192598
vt 0.13900625 0.494140625
vt 0.15032610809127436 0.5001989992898641
vt 0.3134765625 0.9619140625
vt 0.29695440380581134 0.987471266693281
vt 0.27417930166069143 0.9619140625
vt 0.3359375 0.47265625
vt 0.3359375 0.4582996445337376
vt 0.3465882138033173 0.46362664256820063
vt 0.22929601118030932 0.4758611047115645
vt 0.21889358647185167 0.47039414062499996
vt 0.232421875 0.4712523541239704
vt 0.21889358647185167 0.47039414062499996
vt 0.22309866459685168 0.4638671875
vt 0.23242171147185167 0.47125234375
vt 0.047252734374999994 0.4169921875
vt 0.0506546875 0.42494374999999995
vt 0.04296875 0.42054960937499997
vt 0.050654732049362244 0.4249438541275483
vt 0.047252734374999994 0.4169921875
vt 0.05412558643247904 0.42292789969949585
vt 0.57070272162461 0.6088377741851254
vt 0.5599548103620186 0.599609375
vt 0.5712890625 0.6010956462250134
vt 0.5599548103620186 0.599609375
vt 0.5707028572370185 0.608837890625
vt 0.5593575447370185 0.606690234375
vt 0.551037245517107 0.6357633809693151
vt 0.557666933017107 0.626953224719315
vt 0.561463026767107 0.632960255969315
vt 0.5576670080564 0.626953125
vt 0.551037245517107 0.6357633809693151
vt 0.546875 0.6308959495568172
vt 0.4625117302611516 0.4098102907286435
vt 0.45703125 0.4017514901459125
vt 0.46251173026115167 0.3984375
vt 0.2693254391713816 0.77734375
vt 0.267631640625 0.7698693170234168
vt 0.2723957459852367 0.7713880674576412
vt 0.267631640625 0.7698693170234168
vt 0.269325390625 0.7773435357734169
vt 0.265625 0.7752915826484168
vt 0.3564453125 0.6033448194307505
vt 0.3564453125 0.609375
vt 0.3556121562986674 0.6085121268430405
vt 0.4985139793899398 0.92578125
vt 0.49609375 0.9195331995167154
vt 0.528409876812391 0.9195331995167154
vt 0.3811283078744682 0.5031172568885192
vt 0.3818359375 0.50390625
vt 0.3751496748256037 0.50390625
vt 0.15234375 0.708984375
vt 0.15234375 0.7577338726999864
vt 0.12575660483800605 0.7287960738669493
vt 0.15232870920552302 0.96875
vt 0.1484375 0.9653863679297509
vt 0.15584504342031996 0.9653863679297507
vt 0.244140625 0.49560652049055887
vt 0.2308151178281157 0.49560652049055887
vt 0.2313148541513806 0.48046875
vt 0.39471211537157186 0.63852890821829
vt 0.401098046875 0.640625
vt 0.39464912434202526 0.640609311624798
vt 0.401098046875 0.640625
vt 0.394712109375 0.63852890625
vt 0.4013671875 0.639173046875
vt 0.5976563613978652 0.9860287294397476
vt 0.6045078125 0.9836010345366821
vt 0.6011131400127733 0.98828125
vt 0.6045078125 0.9836010345366821
vt 0.59765625 0.9860287689116822
vt 0.600991015625 0.9801252532866822
vt 0.25755521379145535 0.44140625
vt 0.2635461705385736 0.43169672796363956
vt 0.265625 0.43437517671799897
vt 0.2635461705385736 0.43169672796363956
vt 0.25755554553857357 0.44140571233863957
vt 0.25419421741357356 0.4343166498386396
vt 0.615234375 0.9765625
vt 0.6055220182647864 0.9765625
vt 0.6125900486339704 0.971788265405535
vt 0.5800553643719633 0.5885749515037424
vt 0.5908203125 0.59375
vt 0.5748562403223135 0.59375
vt 0.14200935687753113 0.444812426358541
vt 0.13813125 0.4374780856320579
vt 0.1457508175620737 0.435546875
vt 0.13813125 0.4374780856320579
vt 0.142009375 0.4448124606320578
vt 0.1328125 0.44353941375705785
vt 0.5676109032955926 0.845703125
vt 0.564165234375 0.8548195827416525
vt 0.5598903008651229 0.8477110995533537
vt 0.564165234375 0.8548195827416525
vt 0.5546875 0.8537293483666526
vt 0.559890234375 0.8477109889916525
vt 0.07515259209909496 0.6221378842436129
vt 0.083840234375 0.619499678410626
vt 0.0840750633860766 0.625
vt 0.083840234375 0.619499678410626
vt 0.07515234375 0.622137959660626
vt 0.07421875 0.6182004596606261
vt 0.4931455505264553 0.8380738419359717
vt 0.5065478616665565 0.84375
vt 0.4939668573502322 0.843517479977022
vt 0.5065478616665565 0.84375
vt 0.49314551791655653 0.838073828125
vt 0.5053994241665566 0.835955078125
vt 0.5165174955320858 0.8343913802206886
vt 0.5065478616665565 0.84375
vt 0.5053994535761128 0.8359552777398622
vt 0.5065480537794009 0.8437498196612745
vt 0.5165174955320858 0.8343913802206886
vt 0.517578125 0.84153989973917
vt 0.5094922845871399 0.7373046875
vt 0.5202721625939795 0.7468364730475279
vt 0.5164852592810205 0.7498062606260728
vt 0.5164852592810205 0.7498062606260728
vt 0.5041418999060205 0.7434492293760728
vt 0.5094922905310205 0.7373046981260728
vt 0.5043638600617683 0.5873544145518461
vt 0.5341796875 0.5873544145518461
vt 0.5319283602503037 0.59375
vt 0.0146484375 0.636303515625
vt 0.008651771142862502 0.6343319485714648
vt 0.009541241458255363 0.6337891736807775
vt 0.0146484375 0.636303515625
vt 0.009541015625 0.6337890625
vt 0.014274218749999998 0.635204296875
vt 0.498603125 0.734375
vt 0.5016859375 0.7219125
vt 0.5068359375 0.72793359375
vt 0.5016859352081869 0.7219125092648258
vt 0.498603125 0.734375
vt 0.48883478992804064 0.7214986091807588
vt 0.61068515625 0.491458984375
vt 0.6152875015046175 0.4936046605207376
vt 0.6117179033588436 0.49609345655594916
vt 0.61068515625 0.491458984375
vt 0.61171796875 0.49609375
vt 0.609375 0.49253320312500004
vt 0.16132019597965397 0.9069717125208424
vt 0.16796875 0.9080796436102575
vt 0.16054819963136976 0.9094488281249999
vt 0.16054819963136976 0.9094488281249999
vt 0.16796851213136976 0.9080796875
vt 0.16783101213136975 0.91015625
vt 0.1591796875 0.38380645503451094
vt 0.1528833693608169 0.3832888584633224
vt 0.15318253274794785 0.3818359375
vt 0.1528833693608169 0.3832888584633224
vt 0.15917946311081688 0.38380643658832236
vt 0.1584224318608169 0.38575292096332237
vt 0.6134477656268211 0.46874994467877906
vt 0.617532421875 0.466683984375
vt 0.617681112319073 0.46849014822478796
vt 0.617532421875 0.466683984375
vt 0.61344765625 0.46875
vt 0.61328125 0.46439921875
vt 0.22265625 1
vt 0.23773284238710576 0.9921997709360966
vt 0.24358605705292585 1
vt 0.1419929505022002 0.4296875
vt 0.13466557880191976 0.421623016113003
vt 0.14453125 0.42202307334443456
vt 0.1419929505022002 0.4296875
vt 0.1329464661272002 0.42467656249999997
vt 0.1346656067522002 0.42162304687499996
vt 0.08610506413103945 0.3896484375
vt 0.091796875 0.3896484375
vt 0.08625594071603127 0.3978212254185035
vt 0.32226826477856324 0.5185892483164403
vt 0.3232421875 0.51953125
vt 0.31650200867977835 0.51953125
vt 0.55859375 0.8947359375
vt 0.572024609375 0.8935546875
vt 0.559409765625 0.8995640625
vt 0.5721654409932674 0.9017378549531105
vt 0.5594095434669958 0.8995641683301461
vt 0.572024609375 0.8935546875
vt 0.38463009269214465 0.41010467490862323
vt 0.37553203125 0.41796875
vt 0.3754287568990504 0.41123959690996925
vt 0.37553203125 0.41796875
vt 0.384630078125 0.41010468749999995
vt 0.384765625 0.417948828125
vt 0.234375 0.8079588215785204
vt 0.22510853768766748 0.8082530666724518
vt 0.22928882967656547 0.8017578125
vt 0.22317398592656545 0.802733984375
vt 0.22928882967656547 0.8017578125
vt 0.22510875155156546 0.808252734375
vt 0.5328062970998901 0.5265431571763517
vt 0.537109375 0.52734375
vt 0.5312667829940786 0.52734375
vt 0.5033684309993071 0.4912109375
vt 0.4994117903743071 0.50345078125
vt 0.4962981184993071 0.493736328125
vt 0.49941173914048365 0.5034509397415217
vt 0.5033684309993071 0.4912109375
vt 0.513671875 0.49748413847826045
vt 0.53125 0.9375
vt 0.5363953118347258 0.9296358745867065
vt 0.550677096204929 0.9375
vt 0.009775808536292355 0.9748585937500001
vt 0.0033047147862923553 0.983679296875
vt 0.00017815228629235527 0.9697265625
vt 0.5535361745053677 0.599609375
vt 0.5438509234165116 0.6092988201849071
vt 0.5392372629946323 0.599609375
vt 0.016142117394440422 0.9905782789500457
vt 0.003304777040227448 0.9836792120170917
vt 0.009775808536292355 0.9748585937500001
vt 0.0240055425758029 0.9850034437817262
vt 0.016142117394440422 0.9905782789500457
vt 0.009775811960806735 0.9748586022058084
vt 0.027077529861359213 0.999931524869506
vt 0.01614198826897865 0.9905783704945251
vt 0.0240055425758029 0.9850034437817262
vt 0.03400153521370765 0.9941927086815372
vt 0.027077529861359213 0.999931524869506
vt 0.024005564579027975 0.9850035507046715
vt 0.610214453125 0.5771484375
vt 0.6162109375 0.578947265625
vt 0.615772265625 0.581485546875
vt 0.6157721606490607 0.5814854649556962
vt 0.6094362250364768 0.5790862935001813
vt 0.610214453125 0.5771484375
vt 0.51146015625 0.98618515625
vt 0.510179296875 1
vt 0.50390625 0.99689921875
vt 0.5101793325769406 0.9999996149329579
vt 0.51146015625 0.98618515625
vt 0.5185851188888463 0.9858355710762214
vt 0.4990234375 0.7421574815405051
vt 0.4927630926189423 0.7421574815405051
vt 0.4936927332411793 0.7412109375
vt 0.25758802650404505 0.71484375
vt 0.26902826793069134 0.7204942095086491
vt 0.25390625 0.7230765720070668
vt 0.25390625 0.7230765720070668
vt 0.2690283569359254 0.7204941943093695
vt 0.2657500328028174 0.7295194121192337
vt 0.2690283569359254 0.7204941943093696
vt 0.28301380098326256 0.729335612419366
vt 0.265749965086384 0.7295195985423988
vt 0.265749965086384 0.7295195985423988
vt 0.283013636961384 0.7293356141673988
vt 0.276142933836384 0.7383766297923987
vt 0.283013636961384 0.7293356141673988
vt 0.2906609549898939 0.7359220819247723
vt 0.2761431030482347 0.7383764071300367
vt 0.28667538468858994 0.74588614620287
vt 0.27614284557427643 0.7383764506574696
vt 0.2906609549898939 0.7359220819247723
vt 0.3755054712430046 0.4560546875
vt 0.376953125 0.4568620930566527
vt 0.3715389241624591 0.4568620930566527
vt 0.1799140267194621 0.45515315137738843
vt 0.171875 0.46641638249638606
vt 0.17517531256672264 0.4501953125
vt 0.171875 0.46641638249638606
vt 0.1799140625 0.4551531012463861
vt 0.17806640625 0.4680827887463861
vt 0.16015625 0.6633354354921903
vt 0.14895232486703835 0.6633354354921903
vt 0.14879428515242027 0.6533203125
vt 0.06700703125 0.70668203125
vt 0.06640625 0.706284765625
vt 0.070091796875 0.7060546875
vt 0.5650180063196193 0.48046875
vt 0.5536917593053807 0.47972225855122397
vt 0.5525148051805479 0.47443241030745176
vt 0.5536917593053807 0.47972225855122397
vt 0.5433804311803807 0.4778527273012241
vt 0.5525148061803807 0.474432414801224
vt 0.5914822251042582 0.4945822485353891
vt 0.5862521498957418 0.49609375
vt 0.5862521498957418 0.48314405337655897
vt 0.5204316811328014 0.5145809777791638
vt 0.5162364169355897 0.517977423048694
vt 0.5078125 0.51171875
vt 0.5246961825605897 0.5228500792986941
vt 0.5162364169355897 0.517977423048694
vt 0.5204317294355897 0.514580938673694
vt 0.36078118248306973 0.8318620392435536
vt 0.37639118038760044 0.8227860995930847
vt 0.3794108113738156 0.8296540901339662
vt 0.37639118038760044 0.8227860995930847
vt 0.360780918017807 0.8318621930085175
vt 0.36054849557106705 0.8227942019520111
vt 0.34417232369606704 0.8313559207020111
vt 0.36054849557106705 0.8227942019520111
vt 0.36078091744606705 0.8318621707020111
vt 0.3605487199140688 0.8227940846619815
vt 0.34417232369606704 0.8313559207020111
vt 0.34608976450700113 0.8209330939108008
vt 0.3303023045706389 0.8199899503445018
vt 0.3460897875680786 0.8209329685553713
vt 0.34417232369606704 0.8313559207020111
vt 0.34417211804259634 0.8313557521765584
vt 0.32987054524696274 0.83203125
vt 0.3303023045706389 0.8199899503445018
vt 0.3129720011261844 0.8226100164730981
vt 0.3303023171066942 0.8199896007275054
vt 0.32987054524696274 0.83203125
vt 0.3298703330310438 0.8320311316859182
vt 0.31622973226391277 0.8320057994197821
vt 0.3129720011261844 0.8226100164730981
vt 0.20295076462099418 0.8437093214209221
vt 0.19295158050103586 0.8355851962176178
vt 0.21093698980371234 0.8377838813562254
vt 0.19295158050103586 0.8355851962176178
vt 0.1998165174221767 0.8251494528219432
vt 0.2109375 0.837783943726838
vt 0.18290426195477105 0.8266484197767079
vt 0.1998165174221767 0.8251494528219432
vt 0.1929515363370613 0.8355852633535452
vt 0.1998165174221767 0.8251494528219432
vt 0.18290418806957676 0.8266484263253002
vt 0.18778686714689907 0.8168081983084858
vt 0.18290418806957676 0.8266484263253002
vt 0.17556154434607169 0.8104685942761658
vt 0.18778674279500535 0.8168084489190561
vt 0.17556154434607169 0.8104685942761658
vt 0.18290412247107168 0.8266482817761658
vt 0.1702486537210717 0.8178517974011658
vt 0.17024859449168833 0.8178518797108911
vt 0.16302378634730588 0.8017578125
vt 0.17556154434607169 0.8104685942761658
vt 0.16302386783444875 0.8017579940217135
vt 0.17024859449168833 0.8178518797108911
vt 0.1569458945132287 0.8058061585701328
vt 0.441313810351669 0.3828125
vt 0.43359375 0.38213899918541094
vt 0.44494455846520287 0.38213899918541094
vt 0.4605687862399813 0.760518530366766
vt 0.46146025044436795 0.76171875
vt 0.45357881205563205 0.76171875
vt 0.6065551479046905 0.44878196269151904
vt 0.6131900182666754 0.453125
vt 0.6055349817333247 0.45158405546370617
vt 0.6131900182666754 0.453125
vt 0.6065552526416754 0.44878203125000005
vt 0.6141915807666753 0.45073164062500004
vt 0.25750625 0.38520340751157045
vt 0.25444765625 0.3890510637615705
vt 0.25390625 0.3854830950115705
vt 0.25444792498991486 0.3890507256915626
vt 0.25750625 0.38520340751157045
vt 0.2596994453387571 0.390625
vt 0.5718007057115626 0.5361328125
vt 0.5644996996578177 0.5426000200735189
vt 0.5551524192884374 0.5361328125
vt 0.58984375 0.94921875
vt 0.6088076762233462 0.9463602069978503
vt 0.611538103826412 0.94921875
vt 0.34339705160630607 0.7421875
vt 0.32421875 0.7421875
vt 0.3265555458022928 0.7384760772312393
vt 0.6279296875 0.5266845875289751
vt 0.6208530125150993 0.52734375
vt 0.6174354687357506 0.5266845875289751
vt 0.09309140859820572 0.9996662309223473
vt 0.08984375 0.99609375
vt 0.09315713461526015 0.99609375
vt 0.6130576300041533 0.6569009366408813
vt 0.6056923699958467 0.6568052331828047
vt 0.6062768612104346 0.654296875
vt 0.6056923699958467 0.6568052331828047
vt 0.6130576043708468 0.6569009363078048
vt 0.6123107293708467 0.6598200769328048
vt 0.29296875 0.5546875
vt 0.28570492930249597 0.5546875
vt 0.28656515516970205 0.5534920626541437
vt 0.5779270612579057 0.8798828125
vt 0.5690356960847378 0.8865041180730094
vt 0.5625 0.8798828125
vt 0.265625 0.380859375
vt 0.26965073703547876 0.3835243532506245
vt 0.265625 0.3866035281499566
vt 0.5922018692218077 0.8681769196352702
vt 0.6104821776395895 0.87109375
vt 0.58984375 0.87109375
vt 0.3856995641519264 0.8904561891504943
vt 0.3671875 0.8904561891504943
vt 0.3834049774782331 0.88671875
vt 0.6066089215311999 0.9605793572326604
vt 0.59375 0.9605793572326604
vt 0.596148745796156 0.9560546875
vt 0.6019484467399644 0.554551032135738
vt 0.58984375 0.554551032135738
vt 0.6000252545271895 0.5498046875
vt 0.49081170814187114 0.5263671875
vt 0.4957336922063142 0.5272131999070625
vt 0.4886413077936858 0.5272131999070625
vt 0.5407396032442304 0.8081703124999999
vt 0.5346380407442304 0.798828125
vt 0.5470790563692304 0.8020800781249999
vt 0.5346382777046156 0.7988284878133529
vt 0.5407396032442304 0.8081703124999999
vt 0.53125 0.8034528589840086
vt 0.5760499294659233 0.7924818910075747
vt 0.5625 0.7924818910075747
vt 0.5673587937695014 0.78515625
vt 0.46867178550613114 0.3923325577683451
vt 0.475314723021567 0.39453125
vt 0.457302464478433 0.39453125
vt 0.46723123524736043 0.6301751060343659
vt 0.45216280771409856 0.6328125
vt 0.44921875 0.6301751060343659
vt 0.09394433427888717 0.699100725734007
vt 0.09394433427888718 0.6865234375
vt 0.1015625 0.6900684449269301
vt 0.6108558188242103 0.5540328986795047
vt 0.6117343178495438 0.55859375
vt 0.609375 0.5550437141453575
vt 0.6117343178495438 0.55859375
vt 0.6108558022245438 0.5540328125
vt 0.6154679115995438 0.5561574218750001
vt 0.5227742116733949 0.7255859875592493
vt 0.5325910451559929 0.7326682070917157
vt 0.52155859375 0.73418515625
vt 0.52155859375 0.73418515625
vt 0.51171875 0.7264078125
vt 0.52277421875 0.7255859375
vt 0.4965817288965613 0.38671875
vt 0.5006028226465613 0.38460039062499995
vt 0.5005996976465613 0.38632421875
vt 0.5006029142059109 0.38460034239046015
vt 0.4965817288965613 0.38671875
vt 0.49609375 0.38216115753379964
vt 0.4427154438136243 0.4008181448609831
vt 0.4375 0.4095736560220421
vt 0.4375 0.3984375
vt 0.430246308813725 0.5068359375
vt 0.43229552023582246 0.507669264856061
vt 0.42578125 0.507669264856061
vt 0.22539741413590808 0.3942476517154607
vt 0.2113978720908799 0.3916015625
vt 0.2280552529091201 0.3916015625
vt 0.6143133921566444 0.39380608958621355
vt 0.59765625 0.39380608958621355
vt 0.6036768881854733 0.3916015625
vt 0.168192578125 0.78001875
vt 0.16796875 0.7782203125
vt 0.16964882812499998 0.78125
vt 0.21875 0.875883203125
vt 0.22003710937499998 0.875470703125
vt 0.2204421875 0.87890625
vt 0.12109375 0.820782421875
vt 0.12288671875 0.82096015625
vt 0.121491796875 0.82421875
vt 0.09123203125 0.8756453125
vt 0.092637890625 0.877037109375
vt 0.08984375 0.87890625
vt 0.18247890625000002 0.861408203125
vt 0.18293359375 0.8626570312499999
vt 0.1796875 0.86328125
vt 0.120434375 0.729499609375
vt 0.11892578125 0.73046875
vt 0.1171875 0.730121484375
vt 0.267474609375 0.97265625
vt 0.265625 0.97228125
vt 0.268815625 0.971620703125
vt 0.15625 0.8203125
vt 0.15905 0.81843671875
vt 0.159442578125 0.819660546875
vt 0.2578765625 0.889433984375
vt 0.2578125 0.887711328125
vt 0.259226953125 0.890625
vt 0.08984375 0.75097734375
vt 0.090855859375 0.7504515625
vt 0.091226953125 0.75390625
vt 0.06640625 0.828581640625
vt 0.06836953125 0.828848046875
vt 0.066822265625 0.83203125
vt 0.021097265625 0.840576171875
vt 0.02233046875 0.841873046875
vt 0.01953125 0.84375
vt 0.5988565369246288 0.8828125
vt 0.5859375 0.8784530414171444
vt 0.6020999692227689 0.8784530414171444
vt 0.5551918625367024 0.51171875
vt 0.5693359375 0.51171875
vt 0.558795155297252 0.5193094405529142
vt 0.42760060003209616 0.75
vt 0.421875 0.75
vt 0.42281092027195766 0.7481254665154172
vt 0.391796571737565 0.69140625
vt 0.38714371931358815 0.6893720918964896
vt 0.39098984375 0.6874408264878342
vt 0.39098984375 0.6874408264878342
vt 0.38714375 0.6893720764878343
vt 0.38671875 0.6881591858628342
vt 0.04722392412640448 0.40998953174236286
vt 0.04722392412640447 0.39453125
vt 0.05140888837359553 0.4072817382551648
vt 0.5879733047183369 0.5267370460908183
vt 0.5913647564954705 0.52734375
vt 0.5859375 0.52734375
vt 0.062451992427686565 0.7459233222009802
vt 0.058641757572313435 0.7496466572971676
vt 0.058641757572313435 0.7353515625
vt 0.34645 0.39453125
vt 0.33984375 0.392319921875
vt 0.341228515625 0.38941953124999995
vt 0.34645 0.39453125
vt 0.34122845187888756 0.3894194688439532
vt 0.3478304090134837 0.39188807013116433
vt 0.300416015625 0.3818359375
vt 0.301150390625 0.38596445312500005
vt 0.296875 0.383725390625
vt 0.30115038621191137 0.38596442831546085
vt 0.300416015625 0.3818359375
vt 0.3024392189861424 0.38555861986763384
vt 0.45842717700824415 0.6082173887484682
vt 0.4601734446439916 0.609375
vt 0.453125 0.609375
vt 0.2779717820911992 0.6147183383771508
vt 0.2802734375 0.6103515625
vt 0.2802734375 0.6166481886897377
vt 0.5708721256995426 0.38397742791962075
vt 0.5732421875 0.376953125
vt 0.5732421875 0.38981086662811615
vt 0.04747040200186475 0.7263831029047605
vt 0.047470402001864746 0.67578125
vt 0.068359375 0.6851935372929165
vt 0.592965848243519 0.6669921875
vt 0.5949138224766233 0.6675662051575636
vt 0.58984375 0.6675662051575636
vt 0.390625 0.39157773687058417
vt 0.39745085788943496 0.39135546875000005
vt 0.3964017692143713 0.39439260909151375
vt 0.39745085788943496 0.39135546875000005
vt 0.39062507663943496 0.391577734375
vt 0.39142195163943494 0.388671875
vt 0.4831617557568403 0.6515513185963597
vt 0.4765625 0.6515513185963598
vt 0.4782264404024685 0.650390625
vt 0.55859375 0.421453125
vt 0.543836328125 0.42529804687499995
vt 0.5573578125 0.419921875
vt 0.543836328125 0.42529804687499995
vt 0.5454382704234833 0.4205798165460237
vt 0.5573576576754925 0.41992193655856414
vt 0.1484375 0.8017578125
vt 0.15057265625 0.80450625
vt 0.14991875 0.8043617187500001
vt 0.6096912304428503 0.9056696315041528
vt 0.6161334652897369 0.9033203125
vt 0.6217540820571497 0.9056696315041528
vt 0.40452959368766334 0.710291723893752
vt 0.3984375 0.710291723893752
vt 0.4023891420602449 0.7080078125
vt 0.6107595465445288 0.9951171875
vt 0.6123046875 0.9998541258207697
vt 0.6016473319439762 0.9998541258207697
vt 0.6191914177098694 0.4877215019576544
vt 0.6212106945087424 0.48828125
vt 0.6171875 0.48828125
vt 0.3982997753777518 0.6320499195517213
vt 0.3896388378777518 0.6191354664267213
vt 0.4010091503777518 0.6253042164267213
vt 0.3723557930819565 0.670444027949503
vt 0.3558544039749395 0.6698656576934574
vt 0.36023303915276167 0.6640625
vt 0.3896388555316547 0.6191354927507193
vt 0.3982997753777518 0.6320499195517213
vt 0.38746685952964843 0.6290768945213143
vt 0.3874668123467386 0.6290771104813176
vt 0.375 0.619989749009157
vt 0.3896388555316547 0.6191354927507193
vt 0.3778154713110341 0.6123046875
vt 0.38963879375862953 0.6191354963555089
vt 0.375 0.619989749009157
vt 0.3558544039749395 0.6698656576934574
vt 0.372356291456549 0.6704440454174287
vt 0.3645508653547714 0.6772315678895198
vt 0.3800783995646731 0.6832371285066199
vt 0.3645508653547714 0.6772315678895198
vt 0.37235614290006047 0.6704441746007035
vt 0.37235614290006047 0.6704441746007035
vt 0.3853565335250605 0.6770297214757035
vt 0.3800784085250605 0.6832371433507034
vt 0.271484375 0.694544140625
vt 0.270219140625 0.6953125
vt 0.27087265625 0.693951953125
vt 0.316523046875 0.8632328125
vt 0.31736328125 0.861858984375
vt 0.3173828125 0.86328125
vt 0.28501015625 0.956833203125
vt 0.28125 0.95638828125
vt 0.28318203125 0.9560546875
vt 0.34776074194297324 0.42491602264167283
vt 0.3477607419429732 0.4130859375
vt 0.3544921875 0.41598884773700906
vt 0.32670667603480735 0.899521522351087
vt 0.33298046875 0.90625
vt 0.3248918164160603 0.9048289296717166
vt 0.33298046875 0.90625
vt 0.326706640625 0.899521484375
vt 0.3349609375 0.90018125
vt 0.21258992655953265 0.4119579256738597
vt 0.21258992655953265 0.4296875
vt 0.20733194844046735 0.4237090618477687
vt 0.4531348569166021 0.73828125
vt 0.4453125 0.73828125
vt 0.44935432139170106 0.7369056144278079
vt 0.3040052398863882 0.3984375
vt 0.2982708648863882 0.39274960937500003
vt 0.3055485992613882 0.39561796875
vt 0.2982710612352844 0.3927498041322396
vt 0.3040052398863882 0.3984375
vt 0.296875 0.3955891682642785
vt 0.203125 0.50390625
vt 0.203125 0.4861765939304169
vt 0.214682777633083 0.49678111512428047
vt 0.086656640625 0.697316796875
vt 0.087516796875 0.697265625
vt 0.087890625 0.6988496093750001
vt 0.208353125 0.70693125
vt 0.207803515625 0.705078125
vt 0.208984375 0.706359765625
vt 0.5156336586246829 0.8588601240786886
vt 0.5214737466788523 0.84765625
vt 0.53125 0.8588601240786886
vt 0.5732421875 0.6826171875
vt 0.5634631893614054 0.6906175771828976
vt 0.5594045144082465 0.6826171875
vt 0.40587204560913487 0.5703125
vt 0.3984375 0.5703125
vt 0.40197663349228835 0.5689654476084831
vt 0.6214572714257984 0.48046875
vt 0.6171875 0.48046875
vt 0.6195345227709123 0.4800617959297898
vt 0.35546875 0.5395859375000001
vt 0.3631734375 0.54001484375
vt 0.36200117187499997 0.54296875
vt 0.36317348089580304 0.5400148461657672
vt 0.35546875 0.5395859375000001
vt 0.3565836797703193 0.5365725435313926
vt 0.040398046874999996 0.53515625
vt 0.03138905284259781 0.5261691611042811
vt 0.045364401790116846 0.5180427550191768
vt 0.040398046874999996 0.53515625
vt 0.045364453124999995 0.518042578125
vt 0.048828125 0.532027734375
vt 0.5671960277055179 0.40625
vt 0.5591882152055179 0.40570664062499995
vt 0.5673827464555179 0.40065546875
vt 0.5673828125 0.400655428039675
vt 0.5591882152055179 0.40570664062499995
vt 0.559489497810281 0.39933734449683267
vt 0.5943245665303458 0.9013671875
vt 0.603515625 0.9061357990059015
vt 0.5899597163227959 0.9061357990059015
vt 0.283203125 0.4072265625
vt 0.283203125 0.42165403016666647
vt 0.27795920852468636 0.40879496423625306
vt 0.1666694668481486 0.3975193434335552
vt 0.1565727206518514 0.3975193434335552
vt 0.15856348643071108 0.392578125
vt 0.07823237955745098 0.38584375755180556
vt 0.07823237955745098 0.37109375
vt 0.080078125 0.3716681494510157
vt 0.5448667542496917 0.3818359375
vt 0.547090472367637 0.38224621192938857
vt 0.54296875 0.38224621192938857
vt 0.4522000766086838 0.6142578125
vt 0.4794921875 0.6240890757371202
vt 0.44584431135239766 0.6240890757371202
vt 0.486997265625 0.3984375
vt 0.48046875 0.39563984375000005
vt 0.481811328125 0.3925484375
vt 0.486997265625 0.3984375
vt 0.4818113033993951 0.3925484094220233
vt 0.4885187421197126 0.3956633555546838
vt 0.5746419947866208 0.8117917412217588
vt 0.5853141916723805 0.806640625
vt 0.5913736302133792 0.8117917412217588
vt 0.5245444393433473 0.76953125
vt 0.5186247533394759 0.7808342581245834
vt 0.5078125 0.76953125
vt 0.6103515625 0.8510688132291815
vt 0.5976931907401586 0.8510688132291815
vt 0.6006401453373471 0.8466796875
vt 0.5863264252815535 0.40579515656807086
vt 0.591796875 0.3955078125
vt 0.591796875 0.40560476013743074
vt 0.07450855070341689 0.5263671875
vt 0.0849609375 0.5529466252166445
vt 0.0745085507034169 0.5578608376076142
vt 0.3408203125 0.373805808722802
vt 0.3399552677295644 0.3822382634320959
vt 0.3399552677295644 0.3671875
vt 0.2752828125 0.749166796875
vt 0.27704140625 0.75
vt 0.2734375 0.7494359374999999
vt 0.20703125 0.5546875
vt 0.2124643651307205 0.553463058014523
vt 0.21442670614593484 0.5546875
vt 0.4765625 0.9694159379385457
vt 0.48413477711114294 0.9696385945262863
vt 0.4826341513940516 0.97265625
vt 0.48413477711114294 0.9696385945262863
vt 0.476562511486143 0.9694159382762864
vt 0.47771915211114296 0.9664561726512864
vt 0.015910097924308444 0.5111971453777033
vt 0.0224609375 0.5234375
vt 0.0007369044160204542 0.5234375
vt 0.3046875 0.546875
vt 0.30655165063311207 0.5456719809918532
vt 0.3118489202674178 0.546875
vt 0.6265677902148165 0.6240234375
vt 0.6336142449191889 0.624810672423677
vt 0.6173623175808111 0.624810672423677
vt 0.5114369227577235 0.3823990473471507
vt 0.5133818635921471 0.3828125
vt 0.5078125 0.3828125
vt 0.0025167968750000012 0.828125
vt 0 0.8255921875
vt 0.0016109374999999995 0.8264828125
vt 0.6171875 0.5078125
vt 0.6190749565984486 0.5073842505001298
vt 0.6226197040172124 0.5078125
vt 0.5781658568692288 0.783203125
vt 0.59375 0.783203125
vt 0.5917544502386491 0.7880986282508341
vt 0.4732003093174613 0.45631406249999995
vt 0.4745487187663436 0.4433596444922566
vt 0.478515625 0.45331705653666343
vt 0.4732003093174613 0.45631406249999995
vt 0.46883116869246133 0.4438640625
vt 0.47454874681746134 0.443359375
vt 0.17982400734290604 0.3955078125
vt 0.18834005515709396 0.3955078125
vt 0.18327056555574422 0.4019778978046942
vt 0.6043655633102408 0.636104497740926
vt 0.59765625 0.630859375
vt 0.6074233198696749 0.630859375
vt 0.5937903056724861 0.722208553071485
vt 0.5821474359328517 0.716796875
vt 0.595703125 0.716796875
vt 0.0654296875 0.4111328125
vt 0.0654296875 0.4250197407245101
vt 0.0591485824188793 0.42348968673449505
vt 0.23958779127660185 0.672314311265245
vt 0.2412108799108067 0.6792342188252511
vt 0.238918359375 0.6730171875
vt 0.238918359375 0.6730171875
vt 0.2412109375 0.6792343750000001
vt 0.239166015625 0.6796875
vt 0.31679453125 0.8146753906249999
vt 0.317426171875 0.814453125
vt 0.31640625 0.81556484375
vt 0.29385859375 0.6868156249999999
vt 0.294081640625 0.6875
vt 0.29296875 0.6863359375
vt 0.6123046875 0.41381953125000004
vt 0.605759765625 0.41796875
vt 0.605827734375 0.41696015625000005
vt 0.6058278996812363 0.4169600760942712
vt 0.6111564835126613 0.412282926709826
vt 0.6123046875 0.41381953125000004
vt 0.2524082239122927 0.6806640625
vt 0.271484375 0.7083818110967557
vt 0.2459350715318406 0.6876079354753909
vt 0.2459350715318406 0.6876079354753909
vt 0.27148433645780434 0.7083817797584933
vt 0.2393172205408822 0.7004285758765239
vt 0.2393172205408822 0.7004285758765239
vt 0.2714840174158822 0.7083817008765239
vt 0.2386457361658822 0.7107609977515239
vt 0.23046875 0.5088654624305599
vt 0.2370898734910772 0.5051689359108886
vt 0.2423016506432769 0.5234375
vt 0.2370898734910772 0.5051689359108886
vt 0.24272620161607722 0.5024611234108887
vt 0.24230159224107722 0.5234372952858887
vt 0.2898700830256226 0.9139080453813352
vt 0.32031238616689767 0.9013672877644934
vt 0.29663805672913884 0.9222196988731117
vt 0.29663805672913884 0.9222196988731117
vt 0.3203125 0.9013671875
vt 0.31014015790927585 0.9300013871189222
vt 0.31014015790927585 0.9300013871189222
vt 0.32031242353427586 0.9013674027439222
vt 0.32000461103427585 0.9328591996189222
vt 0.4956616013928183 0.8807919340154345
vt 0.494155078125 0.88718984375
vt 0.47656284237688945 0.8849680119908852
vt 0.494155078125 0.88718984375
vt 0.4917484375 0.89453125
vt 0.4765625 0.8849679687500001
vt 0.58984375 0.9140349744724496
vt 0.5748346527728929 0.9140349744724496
vt 0.5766299418212264 0.908203125
vt 0.587663284735794 0.4341201723537266
vt 0.594953519110794 0.4385498598537265
vt 0.585937503485794 0.4372881411037266
vt 0.594953519110794 0.4385498598537265
vt 0.5901261707118344 0.44140625
vt 0.5859375 0.4372881406159178
vt 0.12522117799906132 0.6699508793764547
vt 0.1513634765625 0.693580078125
vt 0.1250038462964885 0.7012448825155644
vt 0.1513634765625 0.693580078125
vt 0.1387087890625 0.70703125
vt 0.1250037109375 0.701244921875
vt 0.1328125 0.4107863219347875
vt 0.13985879629456577 0.40413966618498476
vt 0.13985879629456577 0.4140625
vt 0.0442530160859697 0.8278988357038869
vt 0.05664149486299205 0.823158432380393
vt 0.046299156901543834 0.8302377035276263
vt 0.03597443549370431 0.83203125
vt 0.0442530160859697 0.8278988357038869
vt 0.04629921587168402 0.8302377709342106
vt 0.0353126677314243 0.8302306553493239
vt 0.04425281706658415 0.8278989350482787
vt 0.03597443549370431 0.83203125
vt 0.05884922898139462 0.8251283966759427
vt 0.046299156901543834 0.8302377035276263
vt 0.05664174015210871 0.8231582644813964
vt 0.05664174015210871 0.8231582644813964
vt 0.06602981223986377 0.8178216877218286
vt 0.0588490906555532 0.8251282732233617
vt 0.06716232373799307 0.8185556734627815
vt 0.0588490906555532 0.8251282732233617
vt 0.06602986377265133 0.8178216352857727
vt 0.07064247913372407 0.8089771588069161
vt 0.06716232373799307 0.8185556734627815
vt 0.06602992240894281 0.8178216732926584
vt 0.06602992240894281 0.8178216732926584
vt 0.06791901135086914 0.807819380599816
vt 0.07064233649809881 0.8089774323087783
vt 0.0711326447685757 0.796444330647213
vt 0.07064233649809881 0.8089774323087783
vt 0.06791894349836186 0.8078193517465914
vt 0.06791894349836186 0.8078193517465914
vt 0.0679361246006589 0.7955194607950591
vt 0.07113260807268357 0.7964444605337557
vt 0.06900292057268356 0.7869167261587557
vt 0.07113260807268357 0.7964444605337557
vt 0.06793612369768356 0.7955194605337557
vt 0.06793618875646118 0.7955189358946273
vt 0.06691671508272407 0.787103964529871
vt 0.06900292057268356 0.7869167261587557
vt 0.6057004384209472 0.7715596106860999
vt 0.61328125 0.7737530123293745
vt 0.6119353710601827 0.77734375
vt 0.6119353710601827 0.77734375
vt 0.6064416210601827 0.7771082031250001
vt 0.6057006054351827 0.771559765625
vt 0.488533203125 0.3826784437329692
vt 0.48486875 0.38468938123296925
vt 0.484375 0.38345539685796926
vt 0.4848685714301678 0.38468947922651964
vt 0.488533203125 0.3826784437329692
vt 0.48952345466887887 0.38671875
vt 0.5928768099463295 0.5722528983786423
vt 0.5928768099463295 0.58203125
vt 0.5859375 0.5791096181600975
vt 0.0673828125 1
vt 0.02762148437499999 0.97573125
vt 0.045462890624999995 0.945498828125
vt 0.02762148437499999 0.97573125
vt 0.0009098237053929009 0.9277377657610426
vt 0.045462940079210805 0.9454987443243991
vt 0.5737269541803293 0.7425146358554147
vt 0.5785384159363495 0.75
vt 0.5703125 0.7453813973554505
vt 0.5785384159363495 0.75
vt 0.5737270878113494 0.74251484375
vt 0.5823536503113494 0.74563984375
vt 0.56640625 0.922420587655852
vt 0.5514285054063536 0.92673515625
vt 0.5533084176819754 0.9212550554352589
vt 0.5514285054063536 0.92673515625
vt 0.5664058491563536 0.922420703125
vt 0.5639691304063535 0.9296875
vt 0.5274882138319167 0.958012109375
vt 0.5410155575819167 0.959141796875
vt 0.5309624325819167 0.96484375
vt 0.541015625 0.959141802505179
vt 0.5274882138319167 0.958012109375
vt 0.5379366728767246 0.9531928102254021
vt 0.551790234375 0.830069498436625
vt 0.5478097656250001 0.839843717186625
vt 0.54296875 0.835213639061625
vt 0.5478097522620278 0.83984375
vt 0.551790234375 0.830069498436625
vt 0.5567187330725939 0.8332351831695917
vt 0.009865172676922794 0.41792031249999995
vt 0.005278063301922792 0.42578125
vt 3.289269227893521e-7 0.42324062500000004
vt 0 0.42324080239703366
vt 0.0003894894623434689 0.41681118145904417
vt 0.009865172676922794 0.41792031249999995
vt 0.24881045483888986 0.44002888988776023
vt 0.238494140625 0.4377921910922762
vt 0.2485192208860448 0.43359375
vt 0.238494140625 0.4377921910922762
vt 0.248810546875 0.44002890984227616
vt 0.239783984375 0.44480430046727615
vt 0.42750182444093227 0.45703125
vt 0.43713971376580774 0.4465706711923835
vt 0.4384765625 0.453573845951607
vt 0.42599362001580776 0.4494003586923834
vt 0.43713971376580774 0.4465706711923835
vt 0.42750221376580777 0.45703082744238344
vt 0.5693359375 0.59375
vt 0.5553781096146535 0.5874949149801842
vt 0.5684572669881931 0.5860213957732308
vt 0.5553781096146535 0.5874949149801842
vt 0.5693359221146534 0.5937499931051844
vt 0.5562085783646534 0.5929820243551843
vt 0.4229925210653564 0.5909754092501123
vt 0.43139296875 0.5882109373475677
vt 0.431738286758734 0.59375
vt 0.43139296875 0.5882109373475677
vt 0.422992578125 0.5909753904725676
vt 0.421875 0.5869683592225676
vt 0.43848611336604437 0.91796875
vt 0.43848611336604437 0.948465555132522
vt 0.42578125 0.9323343347014827
vt 0.5216734919488584 0.9331333925646456
vt 0.5121763740465596 0.9453125
vt 0.5137257827935933 0.9320140508669733
vt 0.5121763740465596 0.9453125
vt 0.5216736396715596 0.933133203125
vt 0.5203599677965596 0.944620703125
vt 0.5216736396715596 0.933133203125
vt 0.525692015612402 0.94215673376985
vt 0.5203599549228995 0.9446208156996633
vt 0.5256921770086216 0.942157096195804
vt 0.5216736396715596 0.933133203125
vt 0.5263671875 0.9359982846998987
vt 0.00044307561235723547 0.40663934167351
vt 0.008961328125000001 0.4089995765483787
vt 0.005544116013863756 0.41015625
vt 0.008961328125000001 0.4089995765483787
vt 0.0004433593750000006 0.40663942029837874
vt 0 0.40283082654837876
vt 0.5054336281258482 0.8498305074257093
vt 0.5089727503918716 0.859375
vt 0.484375 0.859375
vt 0.5864382849514267 0.44811903592581037
vt 0.599609375 0.44811903592581037
vt 0.592543194433784 0.453125
vt 0.5027076903365204 0.7702823331935791
vt 0.5027076903365204 0.7810810650148511
vt 0.48069074716347965 0.78125
vt 0.391901171875 0.53515625
vt 0.3924265625 0.5178742187500001
vt 0.3994140625 0.532228125
vt 0.3924265616025654 0.5178742482699275
vt 0.391901171875 0.53515625
vt 0.38286027871243217 0.5245394971115886
vt 0.17222493810425485 0.9140625
vt 0.20770462560425484 0.883365234375
vt 0.20957376622925483 0.904419921875
vt 0.2294921875 0.8898033197906534
vt 0.20957377211510142 0.9044199881753407
vt 0.20770462560425484 0.883365234375
vt 0.4609375 0.9770614691087677
vt 0.4861930540597362 0.9770614691087677
vt 0.4811534426980527 0.98828125
vt 0.2001953125 0.4061111270739951
vt 0.19166357953839316 0.4140625
vt 0.1916635795383932 0.4059991175650969
vt 0.3203125 0.5363088976445947
vt 0.33063431959440165 0.5472628244820816
vt 0.3203125 0.5703125
vt 0.18395588698042467 0.5390625
vt 0.18395588698042467 0.5148694415440376
vt 0.19592692551957533 0.5333485348769893
vt 0.56796640625 0.4685042510470654
vt 0.55859375 0.46720815729706544
vt 0.569471484375 0.4627589385470654
vt 0.55859375 0.46720815729706544
vt 0.5642701219668732 0.458984375
vt 0.5694716932543334 0.46275885311109
vt 0.564163671875 0.7201220343390412
vt 0.574198828125 0.7244817999640412
vt 0.5625 0.7258235968390412
vt 0.5741989578255956 0.7244818563123615
vt 0.564163671875 0.7201220343390412
vt 0.5748027704825697 0.7177734375
vt 0.419921875 0.433238671875
vt 0.406812890625 0.43926445312499995
vt 0.4079015625 0.4326171875
vt 0.40681288142389826 0.4392644573544524
vt 0.419921875 0.433238671875
vt 0.41878469224297804 0.44088932960281313
vt 0.25 0.4513417311165412
vt 0.260933381501461 0.4472656817130558
vt 0.2542951427612382 0.456121875
vt 0.2542951427612382 0.456121875
vt 0.26093342401123826 0.447265625
vt 0.26480764276123825 0.45326015625000005
vt 0.545238277474037 0.8762140586497289
vt 0.555540234375 0.88671875
vt 0.5437944221444873 0.8838129409889547
vt 0.555540234375 0.88671875
vt 0.54523828125 0.8762140625
vt 0.556640625 0.88103359375
vt 0.5751953125 0.8391039174978568
vt 0.563194921875 0.8381738393728568
vt 0.562685546875 0.8310546987478569
vt 0.5626855293940423 0.8310546875
vt 0.574491795667528 0.8312514554082835
vt 0.5751953125 0.8391039174978568
vt 0.58203125 0.5634414789000641
vt 0.5828875 0.5577145257750642
vt 0.590297265625 0.5618258539000641
vt 0.5904604144771297 0.56640625
vt 0.58203125 0.5634414789000641
vt 0.5902971870351925 0.5618258692607486
vt 0.5341796875 0.577087890625
vt 0.520169921875 0.575673046875
vt 0.524859765625 0.5693359375
vt 0.5201701108988833 0.5756730659644885
vt 0.5341796875 0.577087890625
vt 0.5311106199090051 0.5814648399843336
vt 0.1640625 0.4207484375
vt 0.16786640625 0.4169921875
vt 0.171449609375 0.42490039062499996
vt 0.17144950528009434 0.4249001608853984
vt 0.16786640625 0.4169921875
vt 0.1750103873160018 0.4229018729788996
vt 0.2350167404026318 0.38671848583043444
vt 0.234120703125 0.38252695312499996
vt 0.23603354989612185 0.38620172574166134
vt 0.23046875 0.38435312499999996
vt 0.234120703125 0.38252695312499996
vt 0.235016796875 0.38671875
vt 0.24618537450382882 0.5859375
vt 0.24618537450382882 0.5518157291584782
vt 0.2567443129961712 0.5735828500391882
vt 0.49538585225112564 0.70919804922535
vt 0.4675309710765016 0.71875
vt 0.46484375 0.70919804922535
vt 0.5774832339970988 0.5811942826589513
vt 0.5776429996220988 0.5732423295339513
vt 0.5818512027470988 0.5774642045339513
vt 0.5776430024757553 0.5732421875
vt 0.5774832339970988 0.5811942826589513
vt 0.5704925472529012 0.5757931708667536
vt 0.4694174147608847 0.5663446939916656
vt 0.48251281944132224 0.552734375
vt 0.4892578125 0.5663446939916656
vt 0.14034602229238644 1
vt 0.1328125 1
vt 0.13826526106115633 0.9957260612558728
vt 0.5976751744125917 0.5234375
vt 0.5976751744125917 0.5144339789602467
vt 0.6034967005874083 0.5196816390705833
vt 0.3849349007048929 0.3967235256644672
vt 0.37890625 0.40234375
vt 0.37890625 0.3934700525944226
vt 0.30527920544876175 0.41796875
vt 0.3052792054487618 0.4062422108178113
vt 0.3115234375 0.41162256847263823
vt 0.46875 0.658203125
vt 0.4970466462159874 0.658203125
vt 0.4948928178949109 0.6677174378924032
vt 0.482529296875 0.5402192895229061
vt 0.4930916209265059 0.5341796875
vt 0.48618384903897754 0.5461798621490921
vt 0.4765625 0.5448771020229062
vt 0.482529296875 0.5402192895229061
vt 0.48618359375 0.5461794457729061
vt 0.48618386813828607 0.5461798289697917
vt 0.4930916209265059 0.5341796875
vt 0.49798080439936 0.5422457194008486
vt 0.5398523025537151 0.4983421653928177
vt 0.552734375 0.505255078125
vt 0.5417509039412653 0.5075810743284286
vt 0.552734375 0.505255078125
vt 0.53985234375 0.49834218750000003
vt 0.551105859375 0.4970703125
vt 0.0771484375 0.4033203125
vt 0.0771484375 0.4138740751020209
vt 0.07036811802736226 0.4090088276396896
vt 0.30256180103046193 0.9931640625
vt 0.3046875 0.9990368069029016
vt 0.29298070901877354 0.9990368069029016
vt 0.4162468872931284 0.9453125
vt 0.41062949231939905 0.9423254362840813
vt 0.42335488268060095 0.9423254362840813
vt 0.42024047483453303 0.7064438380246361
vt 0.411003756084533 0.6997082911496361
vt 0.424664302959533 0.698235244274636
vt 0.4246641670756493 0.6982352589272947
vt 0.411003756084533 0.6997082911496361
vt 0.4149379421130587 0.6923828125
vt 0.4313823260069477 0.710605119076873
vt 0.42024047483453303 0.7064438380246361
vt 0.4246644283377876 0.6982350116301643
vt 0.42466436076825903 0.6982348872099409
vt 0.4345703125 0.7046141301291673
vt 0.4313823260069477 0.710605119076873
vt 0.6106437209735992 0.7261436450167771
vt 0.6015625 0.7261436450167771
vt 0.6056190468781328 0.720703125
vt 0.4518428729963668 0.41015625
vt 0.4518428729963668 0.4216459354750012
vt 0.4453125 0.4153032016373984
vt 0.2891455131791341 0.4013671875
vt 0.2948388618208659 0.4114164575185172
vt 0.2891455131791341 0.4133045078443819
vt 0.2462919921875 0.8420265625
vt 0.2478486328125 0.83984375
vt 0.2478337890625 0.8428390625
vt 0.46539609375 0.5185546875
vt 0.4833984375 0.526759375
vt 0.474007421875 0.53457265625
vt 0.46539609375 0.5185546875
vt 0.47400736605446936 0.5345725524179891
vt 0.4653798518075055 0.5330510329443956
vt 0.2265625 0.7458584021672503
vt 0.22818952899887934 0.7431640625
vt 0.22818952899887934 0.7459124130018386
vt 0.5315282903119002 0.765625
vt 0.5234375 0.7543430935699462
vt 0.5377296285079017 0.7543430935699462
vt 0.5322063451556476 0.41091229402648
vt 0.536337109375 0.40897148437499997
vt 0.5384832856166301 0.41336227814200444
vt 0.536337109375 0.40897148437499997
vt 0.54296875 0.4072265625
vt 0.538483203125 0.41336210937499995
vt 0.0556640625 0.3902842118496074
vt 0.04764407628847771 0.3902842118496074
vt 0.05263837378801377 0.3857421875
vt 0.607421875 0.7052957888244701
vt 0.6032656838094872 0.7109375
vt 0.597825829621092 0.7052957888244701
vt 0.5783944159584687 0.6087332243187502
vt 0.5836161309165313 0.6034710937500001
vt 0.5862887732797981 0.6072050587237603
vt 0.5836161309165313 0.6034710937500001
vt 0.5876212090415313 0.6005859375
vt 0.5862887871665313 0.607205078125
vt 0.5203848210908353 0.5625
vt 0.5203848210908353 0.5455320678997976
vt 0.5302734375 0.5526197574513817
vt 0.09422363065935409 0.4140625
vt 0.09422363065935409 0.4018959695058979
vt 0.099609375 0.4066677870718315
vt 0.6142578125 0.85546875
vt 0.6142578125 0.8630603264656389
vt 0.6095147112713423 0.8599139199964624
vt 0.3678445465040584 0.4326458675165036
vt 0.36784454650405846 0.4169921875
vt 0.3740234375 0.43133391802975496
vt 0.3228013078015896 0.41015625
vt 0.3168471296984104 0.4021038988563391
vt 0.3228013078015896 0.3995921701021511
vt 0.49897503069797333 1
vt 0.4765625 1
vt 0.49455100807088115 0.9881627165978805
vt 0.49028418108252597 0.7605226235989404
vt 0.4792421001391418 0.7734375
vt 0.46875 0.7605226235989404
vt 0.345703125 0.40190948793879155
vt 0.3400223569516338 0.41015625
vt 0.34002235695163374 0.39930577553938273
vt 0.00043358525774396875 0.484375
vt 0.0004335852577439618 0.46006653716590773
vt 0.0078125 0.47510224419648595
vt 0.5654296875 0.8709226435344932
vt 0.551099821310728 0.8709226435344932
vt 0.5552669176402805 0.8623046875
vt 0.5651924654411365 0.6523763788706957
vt 0.5695487154411365 0.6601560663706956
vt 0.5591178560661365 0.6599529413706957
vt 0.5695488182646956 0.66015625
vt 0.5651924654411365 0.6523763788706957
vt 0.572265625 0.6536452834178852
vt 0.5991995804364987 0.7724609375
vt 0.5828941366223858 0.7767610714606737
vt 0.58203125 0.7724609375
vt 0.5984423785041513 0.8392407205425593
vt 0.58203125 0.8349609375
vt 0.5993990090410412 0.8349609375
vt 0.19765527076344167 0.3978859117790483
vt 0.195896738687778 0.392578125
vt 0.205078125 0.392578125
vt 0.5859375 0.7958984375
vt 0.6028003511724532 0.7958984375
vt 0.6013816704784737 0.8000425088431096
vt 0.5859375 0.8583984375
vt 0.6028974969196317 0.8583984375
vt 0.5873627824043138 0.862539886246137
vt 0.5731840051223771 0.9802802662210194
vt 0.5703650639186213 0.984375
vt 0.5390625 0.9802802662210194
vt 0.5381630399745952 0.6484375
vt 0.53515625 0.6442746240149524
vt 0.5691601894766675 0.6442746240149524
vt 0.016285252633942926 0.47857139036121865
vt 0.0283203125 0.4907428253939107
vt 0.016285252633942926 0.49609375
vt 0.03125 0.457297172761285
vt 0.03125 0.48046875
vt 0.024002663977473332 0.46536911888416144
vt 0.4031551509573747 0.78125
vt 0.37890625 0.765328032675614
vt 0.41018137101867336 0.765328032675614
vt 0.41438170825698906 0.7187493978814721
vt 0.3904747397324089 0.734375
vt 0.3828125 0.7187493978814722
vt 0.3438108527309393 0.9799282561234054
vt 0.35089274370686235 0.9677734375
vt 0.3583984375 0.9799282561234054
vt 0.6102692082710025 0.8004449561650935
vt 0.6181640625 0.8004449561650935
vt 0.615819999180878 0.8046875
vt 0.37532379899249124 0.3858172081604305
vt 0.37109375 0.39453125
vt 0.37109375 0.3857282689028779
vt 0.17322818830320633 0.7960761031172652
vt 0.1640625 0.7960761031172652
vt 0.16610641381567837 0.79296875
vt 0.35940572433656187 0.46484375
vt 0.3594057243365619 0.4468981249984695
vt 0.36715677566343813 0.4564308961383827
vt 0.5628533193601584 0.39453125
vt 0.55859375 0.38572939662579075
vt 0.5627199541958287 0.38572939662579075
vt 0.2898574563371502 0.9055906318372762
vt 0.28125 0.9055906318372762
vt 0.288043085038255 0.90234375
vt 0.0244140625 0.6682933387339647
vt 0.019866615081893288 0.6793241451537959
vt 0.01986661508189328 0.6650390625
vt 0.39170473661400346 0.697258984375
vt 0.39185122098900343 0.70535390625
vt 0.37119223661400347 0.7109375
vt 0.4033203125 0.6950893870661873
vt 0.3918512222423132 0.7053539755095692
vt 0.39170473661400346 0.697258984375
vt 0.176695512584788 0.3884641778786303
vt 0.171937299915212 0.39453125
vt 0.171937299915212 0.3854562706729504
vt 0.4223670573426998 0.6736991567634432
vt 0.42359789789828717 0.67578125
vt 0.41796875 0.67578125
vt 0.34375 0.5209735975668911
vt 0.32893756031235644 0.53125
vt 0.32893756031235644 0.5124791518696552
vt 0.04784630420836409 0.45353829140880586
vt 0.03516150829163592 0.46484375
vt 0.03516150829163591 0.4534045357743274
vt 0.22487845354936062 0.9257249591184364
vt 0.2518783203125 0.8933461348280118
vt 0.2349144966612021 0.93359375
vt 0.21491855468749999 0.9178641035780118
vt 0.2518783203125 0.8933461348280118
vt 0.2248787109375 0.9257246504530119
vt 0.2498965468167895 0.7240228823611183
vt 0.2439735170263138 0.7207972928260951
vt 0.24774696488668707 0.718556390245404
vt 0.24397295660034746 0.7207973386724651
vt 0.2418641550005847 0.71484375
vt 0.2472006911538854 0.7178244030066313
vt 0.2498965468167895 0.7240228823611183
vt 0.24408503037904122 0.7261609122640666
vt 0.24397331860629118 0.720797184769649
vt 0.2383847031832105 0.7196839716527237
vt 0.2418641550005847 0.71484375
vt 0.24397293188143857 0.7207972688858071
vt 0.2411760529812912 0.7229151535196491
vt 0.24397331860629118 0.720797184769649
vt 0.2440850373562912 0.726161247269649
vt 0.2411760529812912 0.7229151535196491
vt 0.2383847031832105 0.7196839716527237
vt 0.24397315009542592 0.7207973123588003
vt 0.0748961665518717 0.6594487436441412
vt 0.0966796875 0.6669902869788344
vt 0.07489616655187172 0.703125
vt 0.2001879347630336 0.6609315904222224
vt 0.2216796875 0.6672328765529849
vt 0.20018793476303362 0.703125
vt 0.4933743812933969 0.6748046875
vt 0.4984330484391025 0.6756888952552627
vt 0.4921875 0.6756888952552627
vt 0.1721762815508132 0.484665570665364
vt 0.1796875 0.47534477422059085
vt 0.1796875 0.5
vt 0.10546875 0.6036467359091918
vt 0.10636104220634768 0.6025390625
vt 0.10636104220634768 0.6085371372694524
vt 0.5767525339790103 0.7545640625
vt 0.5756052683540103 0.761233203125
vt 0.5668501902290103 0.76171875
vt 0.5756052481890492 0.7612333203454227
vt 0.5767525339790103 0.7545640625
vt 0.580078125 0.7594350365262732
vt 0.40039043343715 0.6057607684177582
vt 0.40771152718715 0.6132810809177582
vt 0.39849394906214997 0.6091709246677581
vt 0.3984936573438558 0.6091714492199123
vt 0.3828125 0.6038930641531611
vt 0.40039043343715 0.6057607684177582
vt 0.3840524517287615 0.5960374198261427
vt 0.40039037714058345 0.6057607624360917
vt 0.3828125 0.6038930641531611
vt 0.40771169179027567 0.61328125
vt 0.40039043343715 0.6057607684177582
vt 0.41038419253372777 0.6106128655670866
vt 0.3939554823535653 0.8667056248526829
vt 0.38287428863845197 0.8660702250456461
vt 0.3828125 0.8622941067434442
vt 0.38287428863845197 0.8660702250456461
vt 0.39395542726183824 0.8667056216937026
vt 0.39285515256797376 0.8704100998094766
vt 0.39395542726183824 0.8667056216937026
vt 0.40812679708528965 0.87890625
vt 0.39285511068589246 0.870410240820857
vt 0.40812679708528965 0.87890625
vt 0.3939557033352897 0.866705859375
vt 0.41325257833528967 0.8728140625
vt 0.46361419749757643 0.8587171867552421
vt 0.470703125 0.86328125
vt 0.461344270633155 0.86328125
vt 0.4460929741311818 0.47690877392000597
vt 0.4560546875 0.4911761436600034
vt 0.4460929741311818 0.49609375
vt 0.3740234375 0.7654629718652668
vt 0.3716039148559454 0.76953125
vt 0.3716039148559454 0.7609761134446484
vt 0.1091857635973262 0.9037039297667334
vt 0.09349629008533697 0.885605859375
vt 0.1259765625 0.864797962098967
vt 0.09349629008533697 0.885605859375
vt 0.10918574321033697 0.90370390625
vt 0.07071777446033697 0.92578125
vt 0.39636015625 0.652073046875
vt 0.380755859375 0.6640625
vt 0.375 0.65355078125
vt 0.39636015625 0.652073046875
vt 0.3750003335683967 0.653550758173133
vt 0.3868529305308559 0.640009975979932
vt 0.2822265625 0.40234375
vt 0.2776455780680299 0.39331539857321063
vt 0.2822265625 0.390373449176435
vt 0.461871415381515 0.4918013388694389
vt 0.4736328125 0.49656168584527227
vt 0.461871415381515 0.51171875
vt 0.28515625 0.87890625
vt 0.27346904992259735 0.8660145377253451
vt 0.28515625 0.860911028055053
vt 0.0166015625 0.5594869229929961
vt 0.0009721663121704596 0.5703125
vt 0.00097216631217047 0.5471408801193032
vt 0.443359375 0.3896484375
vt 0.4381135740837792 0.39389804075578816
vt 0.4340586370535316 0.3896484375
vt 0.6103515625 0.6248681754639835
vt 0.6057695025446809 0.6208219891684064
vt 0.6103515625 0.6162109375
vt 0.34790502099024634 0.9140625
vt 0.34026986474024634 0.8953171875
vt 0.36480775536524634 0.900416015625
vt 0.36480826025975366 0.9004161205390838
vt 0.34026986474024634 0.8953171875
vt 0.35799130043830124 0.8867621190989965
vt 0.023619810286353543 0.6102721319042206
vt 0.03255301341135354 0.6022979131542207
vt 0.028631138411353542 0.6163885381542207
vt 0.028631129536734322 0.6163885700392071
vt 0.03255301341135354 0.6022979131542207
vt 0.039319570445587565 0.6105750269871746
vt 0.04251467966999962 0.5966796875
vt 0.039319393441979086 0.6105748104695263
vt 0.03255301341135354 0.6022979131542207
vt 0.039319401074973365 0.6105747772764455
vt 0.04251467966999962 0.5966796875
vt 0.04864581471364646 0.6041504854488526
vt 0.540635474299768 0.908203125
vt 0.542841333674768 0.921036328125
vt 0.5353628180497679 0.916302734375
vt 0.5428412732345944 0.9210359764974062
vt 0.540635474299768 0.908203125
vt 0.5466684319502321 0.9139381733274362
vt 0.0859375 0.4257108457046913
vt 0.0894646671256722 0.419921875
vt 0.09570342701910839 0.42477999477526707
vt 0.0859375 0.4257108457046913
vt 0.095703515625 0.4247799863296913
vt 0.08981757812499999 0.4295397519546913
vt 0.196855078125 0.3818359375
vt 0.200836328125 0.38555937500000004
vt 0.19656484375 0.386273828125
vt 0.1953125 0.384995703125
vt 0.196855078125 0.3818359375
vt 0.19656484375 0.386273828125
vt 0.440734375 0.7881343931894442
vt 0.455078125 0.7941687681894443
vt 0.444523046875 0.7982675963144442
vt 0.4550781217191022 0.7941687668091799
vt 0.440734375 0.7881343931894442
vt 0.45168822855948265 0.78515625
vt 0.4299751331068164 0.7929363548671626
vt 0.440734375 0.7881343931894442
vt 0.44452303589681397 0.7982675669521262
vt 0.43268154537576187 0.8003349542863342
vt 0.4299751331068164 0.7929363548671626
vt 0.44452274339692216 0.7982674597628645
vt 0.5913115987954043 0.7650353341190288
vt 0.586688671875 0.7568359375
vt 0.5942845480690006 0.7589264227378091
vt 0.586688671875 0.7568359375
vt 0.59131171875 0.765035546875
vt 0.5859375 0.764203515625
vt 0.3157948731584529 0.45022288930076804
vt 0.3046875 0.44522408310035577
vt 0.3135275111939569 0.44140625
vt 0.3046875 0.44522408310035577
vt 0.315794921875 0.45022291122535574
vt 0.30821015625 0.45269478622535575
vt 0.474659765625 0.38556953125000004
vt 0.47265625 0.3818359375
vt 0.4780390625 0.382608203125
vt 0.4780390729205034 0.3826081939933579
vt 0.4764524071404149 0.38574823549456416
vt 0.474659765625 0.38556953125000004
vt 0.2642736328125 0.8082089658089395
vt 0.23416059253808408 0.84375
vt 0.2286359629056137 0.8295240681711229
vt 0.2642736328125 0.8082089658089395
vt 0.2286357421875 0.8295242001839396
vt 0.2230310546875 0.8152238095589396
vt 0.5900127303185582 0.89453125
vt 0.5939241835906148 0.8879149079084924
vt 0.599609375 0.89453125
vt 0.14153093379003118 0.38671875
vt 0.1438422560020141 0.38248762444981166
vt 0.1474609375 0.38671875
vt 0.49668464735150136 0.7624552165387877
vt 0.5077073036015014 0.7555829509137877
vt 0.5086354286015013 0.7656247477887876
vt 0.5086354519124221 0.765625
vt 0.5077073036015014 0.7555829509137877
vt 0.517578125 0.7589553567365561
vt 0.0673828125 0.578125
vt 0.05932679369142099 0.5497130248312527
vt 0.06738281249999999 0.5287584332864019
vt 0.23242187499999994 0.7265625
vt 0.21154325258161213 0.7184584707418449
vt 0.232421875 0.6737240818541147
vt 0.2607421875 0.4071827594201942
vt 0.25820537968092244 0.42578125
vt 0.25820537968092244 0.3973811240910917
vt 0.609375 0.9836003425565097
vt 0.6172111796214463 0.9836003425565097
vt 0.6127737949219529 0.98828125
vt 0.3088530711404255 0.575204695270343
vt 0.3210297413595745 0.5863759065287538
vt 0.3088530711404255 0.61328125
vt 0.46276585054096897 0.45417447616829343
vt 0.46276585054096897 0.484375
vt 0.45715602445903103 0.46969683368961934
vt 0.40141623825060524 0.7982915272941097
vt 0.3923532768827393 0.8084353564739184
vt 0.38954084276749895 0.8022562575845977
vt 0.3923532768827393 0.8084353564739184
vt 0.38301932130907534 0.806196741458066
vt 0.3895408255053749 0.8022562196585994
vt 0.3923532768827393 0.8084353564739184
vt 0.4014161675077393 0.7982916064739185
vt 0.4054278862577393 0.8069220752239185
vt 0.4014161675077393 0.7982916064739185
vt 0.4150390625 0.8006078109810594
vt 0.4054277353401183 0.8069217505526508
vt 0.41503901325642417 0.8006078026085224
vt 0.4014161675077393 0.7982916064739185
vt 0.41141578496327913 0.79296875
vt 0.5888671875 0.7265625
vt 0.5888671875 0.7374313486806592
vt 0.582096991965363 0.7323669024944482
vt 0.1562982176854651 0.870482421875
vt 0.1719954833104651 0.900176171875
vt 0.1174064208104651 0.90625
vt 0.17199540224602636 0.9001760185293641
vt 0.1562982176854651 0.870482421875
vt 0.1872810791895349 0.8684251844358699
vt 0.43425009228474865 0.9004090148505184
vt 0.4375 0.9140625
vt 0.40644850980983704 0.9140625
vt 0.4734148433188292 0.4170204846939848
vt 0.46875 0.41460675208723086
vt 0.4734148433188292 0.4013671875
vt 0.46679669006492147 0.7506313744212924
vt 0.4543644011963765 0.7443372622956439
vt 0.4663548137018131 0.7437515565996156
vt 0.6018758919163153 0.400390625
vt 0.6069276336200287 0.4058423683021599
vt 0.59765625 0.4058423683021599
vt 0.4543644011963765 0.7443372622956439
vt 0.466796875 0.750631468048631
vt 0.4550148067623714 0.7534855193226915
vt 0.4433995574463765 0.7513618716706438
vt 0.4543644011963765 0.7443372622956439
vt 0.4550147918213765 0.7534853091706439
vt 0.45436430221455026 0.7443373257081904
vt 0.4433995574463765 0.7513618716706438
vt 0.44285516192875635 0.7431642617533813
vt 0.4433995574463765 0.7513618716706438
vt 0.43376296273028836 0.7447818331802036
vt 0.4428551486965278 0.7431640625
vt 0.5023367109271408 0.6091867784573433
vt 0.4921908516309431 0.6078126870206022
vt 0.503975390625 0.5966796875
vt 0.503975390625 0.5966796875
vt 0.509765625 0.6070093750000001
vt 0.50233671875 0.60918671875
vt 0.1728515625 0.405016491989053
vt 0.16438725412234442 0.41015625
vt 0.1605310244390397 0.405016491989053
vt 0.20141187636366087 0.603624087885904
vt 0.21643771655838626 0.6042516714199725
vt 0.20829009407872076 0.6121221573168112
vt 0.21643788007291642 0.6042516782494759
vt 0.20141187636366087 0.603624087885904
vt 0.21035488950613074 0.5966796875
vt 0.20141187636366087 0.603624087885904
vt 0.2082903919886609 0.6121225253859041
vt 0.19673804823866087 0.6169486972609041
vt 0.19176524492708358 0.6107952360719842
vt 0.20141187636366087 0.603624087885904
vt 0.1967382025318631 0.6169482573866524
vt 0.1407462521264947 0.46022890625
vt 0.1461353146264947 0.4521484375
vt 0.1484439083764947 0.46473203124999996
vt 0.1461353146264947 0.4521484375
vt 0.1522224978735053 0.45773139487113745
vt 0.14844392006395482 0.4647320949555567
vt 0.5703125 0.9256643649811095
vt 0.573943135992451 0.919921875
vt 0.5801847572526149 0.9247831157284723
vt 0.5703125 0.9256643649811095
vt 0.580184765625 0.9247831149811094
vt 0.574194140625 0.9294913181061094
vt 0.13033785551526722 0.38632973403068405
vt 0.13051598051526722 0.3818359840306841
vt 0.1344972305152672 0.3855594215306841
vt 0.13051598235966846 0.3818359375
vt 0.13033785551526722 0.38632973403068405
vt 0.12890625 0.38496448172734177
vt 0.52734375 0.39453125
vt 0.5243315860785557 0.38573227026984946
vt 0.52734375 0.38225116705385065
vt 0.4116242442959026 0.4135184038632316
vt 0.40688984375 0.4052734375
vt 0.4144852000299486 0.4073728217375646
vt 0.40688984375 0.4052734375
vt 0.41162421875 0.41351835937500003
vt 0.40625 0.412678515625
vt 0.46631978713036126 0.3826200211219629
vt 0.46282603949406503 0.3855235347825834
vt 0.4609375 0.3818359375
vt 0.46282603949406503 0.3855235347825834
vt 0.46631978949406505 0.3826200191575835
vt 0.46478971136906505 0.38578603478258344
vt 0.445400494902072 0.9648859636137196
vt 0.4594222290024565 0.97005
vt 0.4476860745102865 0.9724276657341991
vt 0.4594222290024565 0.97005
vt 0.44540032682589625 0.9648859017132813
vt 0.45626218984692946 0.9597730370603316
vt 0.4678038696274565 0.958984375
vt 0.4594222290024565 0.97005
vt 0.4562620727524565 0.95977265625
vt 0.45942231425098695 0.9700498874530284
vt 0.4678038696274565 0.958984375
vt 0.470703125 0.9681686391625703
vt 0.40144356355378763 0.44652597678619654
vt 0.390625 0.44126317685984684
vt 0.3994902670267288 0.4375
vt 0.390625 0.44126317685984684
vt 0.40144375 0.4465260674848468
vt 0.393948828125 0.44889481748484683
vt 0.4648233640599049 0.87890625
vt 0.4494518796849049 0.87544453125
vt 0.46538352030990493 0.8673171875
vt 0.4653835135847889 0.8673173266358036
vt 0.4765625 0.8698616407905565
vt 0.4648233640599049 0.87890625
vt 0.015936879548931533 0.74609375
vt 0.02054202000972282 0.7419922845546059
vt 0.023125620451068467 0.74609375
vt 0.2392578125 0.966733984375
vt 0.2150125 0.99609375
vt 0.22808867187499998 0.95234453125
vt 0.19930524473147737 0.9792213204322531
vt 0.22808872830888488 0.9523443424379839
vt 0.2150125 0.99609375
vt 0.04227327825071755 0.4781199218750001
vt 0.043772887625717544 0.49609375
vt 0.035805309500717544 0.489335546875
vt 0.03580539351949114 0.48933540118427477
vt 0.03515625 0.4726241530081965
vt 0.042273278250717555 0.4781199218750001
vt 0.5762141247052988 0.46484375
vt 0.5742671858127649 0.4598675516843902
vt 0.5907718766872351 0.4598675516843902
vt 0.613755851375408 0.91796875
vt 0.6160673069619174 0.9138383423813439
vt 0.6201171875 0.91796875
vt 0.47299558390061885 0.703125
vt 0.4826916926617236 0.6882941264100635
vt 0.4912109375 0.703125
vt 0.119140625 0.6479420820917369
vt 0.10241300129406238 0.68359375
vt 0.10241300129406236 0.64121910745327
vt 0.5185546875 0.828125
vt 0.4961050130243262 0.828125
vt 0.5097512441732454 0.8187058614046707
vt 0.43231181995123025 0.5151746598640192
vt 0.43231181995123025 0.5267550480603443
vt 0.41046161754876975 0.5146484375
vt 0.5060627031793367 0.548865625
vt 0.5073048906793366 0.55859375
vt 0.4923177813043367 0.555331640625
vt 0.5073048891579397 0.5585937380852617
vt 0.5060627031793367 0.548865625
vt 0.5146484375 0.5506060369247059
vt 0.0915795106672776 0.5151156623210773
vt 0.08203125 0.5099359715807423
vt 0.0915795106672776 0.4892578125
vt 0.287109375 0.4494956186065382
vt 0.287109375 0.48046875
vt 0.28199776136775734 0.45070381003994553
vt 0.6171875 0.7803080835714586
vt 0.6328148712702618 0.7803080835714586
vt 0.6171914081861855 0.78125
vt 0.2586659888242465 0.6005861151534235
vt 0.26269841069924654 0.6169540839034235
vt 0.2583952856992465 0.6019310370284235
vt 0.28680378262531114 0.7518087664049613
vt 0.27734375 0.765020703125
vt 0.2861492252778966 0.751131394187249
vt 0.25839527442978416 0.6019310930179749
vt 0.2461360049369301 0.6128924114643961
vt 0.2586659888242465 0.6005861151534235
vt 0.24701296487096583 0.6103702179298884
vt 0.25866616970681905 0.6005859375
vt 0.2461360049369301 0.6128924114643961
vt 0.27734375 0.765020703125
vt 0.28680390625 0.75180859375
vt 0.278054296875 0.765625
vt 0.4276652615969113 0.8259821146289643
vt 0.4365234375 0.840607069685261
vt 0.4358383627138311 0.8431881043696925
vt 0.08056873455182502 0.4956327971118851
vt 0.06730625 0.482421875
vt 0.08140866984534041 0.4952270992008818
vt 0.6171875 0.6904296875
vt 0.6324036380526982 0.6904296875
vt 0.6173249575080069 0.6913525151963628
vt 0.06730625 0.482421875
vt 0.08056875 0.4956328125
vt 0.06640625 0.482826953125
vt 0.26348093604726286 0.6149342778926994
vt 0.262698399436722 0.6169540381878078
vt 0.2586659888242465 0.6005861151534235
vt 0.12830119285566666 0.4232731224585805
vt 0.12109375 0.4365778486882703
vt 0.12746937460584543 0.4228515625
vt 0.26348093604726286 0.6149342778926994
vt 0.2763671875 0.6022722919831034
vt 0.26269836808310165 0.6169541191128363
vt 0.6109348683208702 0.609375
vt 0.609375 0.5893758041642685
vt 0.6105004461463439 0.5893758041642685
vt 0.4930587921736424 0.46875
vt 0.5032876984236424 0.48364101562499995
vt 0.4921876984236424 0.469462890625
vt 0.5026359443263843 0.48432092225366985
vt 0.4921875 0.4694626371767834
vt 0.5032876984236424 0.48364101562499995
vt 0.12109375 0.4365778486882703
vt 0.128301171875 0.4232731611882703
vt 0.12194335937499999 0.4369848799382703
vt 0.6334004723485441 0.7069297097320087
vt 0.61328125 0.7069297097320087
vt 0.6332659078347114 0.7060546875
vt 0.3836363256669032 0.8176030242825482
vt 0.3969044822421563 0.8300086381344429
vt 0.39765787595518726 0.832031173978274
vt 0.3969044822421563 0.8300086381344429
vt 0.4013774156110343 0.8155715724910363
vt 0.39765790427324677 0.83203125
vt 0.27734375 0.38186284699414763
vt 0.27734375 0.3662109375
vt 0.27822916003266823 0.3818446243831266
vt 0.39765790427324677 0.83203125
vt 0.4013774355232468 0.8155714843749999
vt 0.4017774355232468 0.81692421875
vt 0.4013774355232468 0.8155714843749999
vt 0.41319625720298425 0.8252325970166241
vt 0.4017773141639369 0.8169238083327246
vt 0.41319625720298425 0.8252325970166241
vt 0.4140625 0.827718093152926
vt 0.4017772801947656 0.8169237836156675
vt 0.33289764217615847 0.36754732339570706
vt 0.33289764217615847 0.3828125
vt 0.33203125 0.3826293340158341
vt 0.15660084472049787 0.5703125
vt 0.1562910477469929 0.5676989233831433
vt 0.16723201234119184 0.5528154662627631
vt 0.16728874374075095 0.5544907374510861
vt 0.15660084472049787 0.5703125
vt 0.16723210215619397 0.5528153184430524
vt 0.6171875 0.9484060679481268
vt 0.6357838992499483 0.9484060679481268
vt 0.6354329329579351 0.94921875
vt 0.6177266899001569 0.5987155015340668
vt 0.6177266899001569 0.6171875
vt 0.6171875 0.5989318685541041
vt 0.42773359375 0.824218788435261
vt 0.4365234375 0.840607069685261
vt 0.427665234375 0.8259820696852609
vt 0.18912773409657563 0.4313812508691549
vt 0.18359375 0.448656640625
vt 0.188358405431695 0.4307634958534756
vt 0.41477342167984255 0.8392739668620335
vt 0.42773359375 0.824218788435261
vt 0.4276652255722143 0.8259822967468295
vt 0.17759733749075096 0.5698153468260863
vt 0.16728874374075095 0.5544907374510861
vt 0.16723210311575096 0.5528153468260861
vt 0.18359375 0.448656640625
vt 0.189127734375 0.43138125000000005
vt 0.18433828125 0.44921875
vt 0.6171875 0.5498046875
vt 0.6357075402708007 0.5498046875
vt 0.6174901460612653 0.5503002122687202
vt 0.4147320614031488 0.837408156294257
vt 0.42773362683679456 0.82421875
vt 0.41477342167984255 0.8392739668620335
vt 0.36384185978295425 0.3643233225172
vt 0.36384185978295425 0.3828125
vt 0.36328125 0.38253885672454224
vt 0.1776933272530071 0.5680608108213936
vt 0.17759733749075096 0.5698153468260863
vt 0.16723224593661282 0.5528155810662938
vt 0.42580475572993515 0.38577768612855157
vt 0.42580475572993515 0.3671875
vt 0.4267578125 0.3841733403975215
vt 0.6171875 0.5927734375
vt 0.6341999499923565 0.5927734375
vt 0.6339685690440926 0.593352659956315
vt 0.48508914716458146 0.472137890625
vt 0.47344188153958144 0.4609375
vt 0.48592938153958143 0.4717328125
vt 0.14090848823894003 0.8037109375
vt 0.15165966011394005 0.818876953125
vt 0.14166356636394004 0.805740625
vt 0.4734419951340169 0.46093760923611526
vt 0.48508914716458146 0.472137890625
vt 0.47265625 0.46134535034055
vt 0.45952493138437805 0.7679671246857529
vt 0.44921875 0.7808061705114724
vt 0.4493613901634992 0.7790540915358317
vt 0.39120422245631503 0.3658000500076435
vt 0.39120422245631503 0.3828125
vt 0.390625 0.3660314309559074
vt 0.46015500950937804 0.7659042340607529
vt 0.45952493138437805 0.7679671246857529
vt 0.44936125950937805 0.7790542340607529
vt 0.4704802394642813 0.78125
vt 0.4595248445371342 0.7679674090256752
vt 0.46015500950937804 0.7659042340607529
vt 0.43945843886317487 0.5814442547984544
vt 0.4399455988414047 0.5810546875
vt 0.4398229391185748 0.5998895957674233
vt 0.6318359375 0.9635116738275492
vt 0.6318359375 0.9643519417073728
vt 0.613397902787268 0.962890625
vt 0.14090848823894003 0.8037109375
vt 0.14166365157131952 0.8057408540416677
vt 0.12890625 0.8201446296098751
vt 0.4398229391185748 0.5998895957674233
vt 0.43994559536857475 0.5810552207674232
vt 0.44092411099357476 0.6013813926424232
vt 0.35546875 0.3638686322405529
vt 0.3561312314258649 0.36328125
vt 0.35613123142586484 0.38264633035033935
vt 0.1181640625 0.3828125
vt 0.11736527216967792 0.3826716079380329
vt 0.1181640625 0.3634472584428594
vt 0.2734375 0.6443272451901676
vt 0.274765625 0.6614940420651676
vt 0.273635546875 0.6631159170651677
vt 0.6363886182616216 1
vt 0.6171875 0.9991891662731689
vt 0.6363908261358593 0.9991891662731689
vt 0.2736356100693993 0.6631158263692998
vt 0.274765625 0.6614940420651676
vt 0.2927549828505217 0.6611630732135259
vt 0.421875 0.6000352907636317
vt 0.4398229391185748 0.5998895957674233
vt 0.4409240775642753 0.6013813473545572
vt 0.3090430864528186 0.3820714603040194
vt 0.328125 0.3828125
vt 0.30892195351848717 0.3828125
vt 0.0859375 0.3822290223475562
vt 0.0859375 0.36328125
vt 0.08677797525627118 0.38223693928032243
vt 0.022562408461181002 0.7556098919125844
vt 0.005401861586181 0.7503509075375844
vt 0.004796002211180997 0.7490235637875844
vt 0.6177609891965609 0.874208707538563
vt 0.63671875 0.875
vt 0.6176413633547234 0.875
vt 0.274765625 0.6614940420651676
vt 0.2937914878504599 0.660087952454928
vt 0.29275509389867393 0.6611630711704579
vt 0.005401861586181 0.7503509075375844
vt 0 0.7693879466075834
vt 0.004795944567848633 0.7490234375
vt 0.6181640625 0.7534656249388789
vt 0.6181640625 0.7734375
vt 0.6174398854673723 0.7536622800856523
vt 0.3096532376095382 0.46191432152229106
vt 0.31743359375 0.479810546875
vt 0.30888571208616766 0.46214096287317785
vt 0.2937914878504599 0.660087952454928
vt 0.29272174612621604 0.6796875
vt 0.29275511102492185 0.6611630534042894
vt 0.4429875 0.650473828125
vt 0.442205859375 0.630859375
vt 0.4443359375 0.651671875
vt 0.31743359375 0.479810546875
vt 0.309653125 0.4619140625
vt 0.318359375 0.47950781249999996
vt 0.6094505009501285 0.3861828441798091
vt 0.6094505009501285 0.3662109375
vt 0.6102760615498715 0.38611497660885397
vt 0.0708736415775755 0.3667977450059762
vt 0.072265625 0.38526960360327644
vt 0.07087364157757549 0.38671875
vt 0.4429875 0.650473828125
vt 0.44433567528456225 0.6516716420293316
vt 0.4263555369026427 0.6513242880263302
vt 0.6317445634877414 0.6787174784981991
vt 0.6318359375 0.6796875
vt 0.6140526640454782 0.6796875
vt 0.244140625 0.5295646499780705
vt 0.22756007191353053 0.528009375
vt 0.22679772071172538 0.5259371232188637
vt 0.109375 0.3851072864194589
vt 0.11057568264037848 0.36773383023865447
vt 0.11057568264037847 0.38671875
vt 0.6171875 0.5346884596861896
vt 0.6175487720169428 0.5341796875
vt 0.63496373006175 0.5341796875
vt 0.6355884021588095 0.7296546796452592
vt 0.6357421875 0.73046875
vt 0.6181236449861108 0.73046875
vt 0.23828125 0.543182571025643
vt 0.2564449611705675 0.537658203125
vt 0.25553074791137 0.53959563199353
vt 0.34765625 0.3653436727721302
vt 0.3483765880653167 0.3648293169972431
vt 0.34837658806531663 0.3828125
vt 0.013341796875 0.36966132812499997
vt 0.01171875 0.3864484375
vt 0.012779687500000001 0.369391015625
vt 0.2564449611705675 0.537658203125
vt 0.2550023830455675 0.5546875
vt 0.2555308986705675 0.5395953124999999
vt 0.22756007191353053 0.528009375
vt 0.22820772816353052 0.54296875
vt 0.22679757191353053 0.52593671875
vt 0.01171875 0.3864484375
vt 0.013341796875 0.36966132812499997
vt 0.01228125 0.38671875
vt 0.6171875 0.671875
vt 0.6171875 0.6553296683542584
vt 0.617989888029824 0.6557044435389986
vt 0.6025093144880571 0.3701171875
vt 0.603515625 0.38518490535978844
vt 0.6025093144880571 0.38666267416456457
vt 0.6337292133387653 0.8514980104509161
vt 0.6171875 0.8514980104509161
vt 0.6333522864354283 0.8505859375
vt 0.6282819148236478 0.40625
vt 0.6133408514548359 0.4052611859852687
vt 0.6298828125 0.4052611859852687
vt 0.3828125 0.38519694245183667
vt 0.38375136972424667 0.36755556278353696
vt 0.3837513697242466 0.38671875
vt 0.0852109375 0.99912109375
vt 0.07081484375 0.9892578125
vt 0.08571367187500001 0.9987515625
vt 0.4337299495234501 0.893971782851388
vt 0.4510356754765499 0.8857421875
vt 0.45004808566506643 0.8871383111687114
vt 0 0.3828125
vt 6.938893903907228e-18 0.36512135361801457
vt 0.0009231059915532497 0.3824637463002981
vt 0.07081484375 0.9892578125
vt 0.0852109375 0.99912109375
vt 0.0703125 0.989627734375
vt 0.12994868992864253 0.552091394400922
vt 0.13071289069319436 0.5538104151623517
vt 0.11342771096058873 0.5458328196506768
vt 0.4510356754765499 0.8857421875
vt 0.4507257110887849 0.9041854063881773
vt 0.45004798892542525 0.887138447926403
vt 0.1652597738922946 0.36745742187499997
vt 0.1640625082672946 0.38562265625000003
vt 0.1646972738922946 0.3671875
vt 0.630969415085221 0.5155759765377691
vt 0.61328125 0.5155759765377691
vt 0.6136273673477654 0.5146484375
vt 0.11342771096058873 0.5458328196506768
vt 0.13071291403941127 0.5538104259372859
vt 0.11424073077245023 0.5473652693282454
vt 0.59375 0.38671875
vt 0.59375 0.3676401464623834
vt 0.5946739729160889 0.3679951813143837
vt 0.45004798892542525 0.887138447926403
vt 0.45072572330042526 0.9041857135514029
vt 0.4489804108004252 0.9061876666764029
vt 0.11342771096058873 0.5458328196506768
vt 0.11424061921504496 0.5473650590552518
vt 0.11363865989637847 0.564404296875
vt 0.1640625 0.3856227816836054
vt 0.1652597738922946 0.36745742187499997
vt 0.16491306441150952 0.38602710379482075
vt 0.11363865989637847 0.564404296875
vt 0.11424061302137847 0.547365234375
vt 0.11530819114637847 0.56640625
vt 0.6323520567558403 0.9569785392729417
vt 0.61328125 0.9569785392729417
vt 0.6320052572831062 0.9560546875
vt 0.37121614842915485 0.847474771884113
vt 0.37254483353353746 0.8451754275864803
vt 0.38502148820551235 0.8391655562536842
vt 0.5426784423371515 0.6911341386424468
vt 0.5320079195054169 0.703125
vt 0.53125 0.7024931543046112
vt 0.16349043750958236 0.4522201143066852
vt 0.15326054687500001 0.44140625
vt 0.16414987656764396 0.45154770316664383
vt 0.37254483353353746 0.8451754275864803
vt 0.38552040844964236 0.837890625
vt 0.3850216166357971 0.8391654943901874
vt 0.4015691588848079 0.9405824787192768
vt 0.4033203125 0.9425132210579014
vt 0.38720571391957004 0.93642418894944
vt 0.15326054687500001 0.44140625
vt 0.163490625 0.45222031249999994
vt 0.15234375 0.44225234375
vt 0.4033203125 0.9425132210579014
vt 0.3879854891098242 0.9375782932793746
vt 0.38720565194537326 0.9364241655319858
vt 0.5434360445054169 0.69177109375
vt 0.5320079195054169 0.703125
vt 0.5426782320054169 0.691134375
vt 0.10625450449066495 0.44833289024593803
vt 0.11255098886566495 0.434570390245938
vt 0.11367325449066495 0.435115312120938
vt 0.38839276132037326 0.9515347124069858
vt 0.38720565194537326 0.9364241655319858
vt 0.3879853394453733 0.9375780717819858
vt 0.38552040844964236 0.837890625
vt 0.3871821136530969 0.8529150806654601
vt 0.3850217075125197 0.8391652621170251
vt 0.10546875 0.44792469589791106
vt 0.11255102443522601 0.4345703125
vt 0.10625450449066495 0.44833289024593803
vt 0.3850217075125197 0.8391652621170251
vt 0.38718203125 0.852914556214243
vt 0.3859871113444348 0.8547672875356211
vt 0.21574490636189453 0.829415976979792
vt 0.22200625136777855 0.84375
vt 0.21484375 0.8298257385526879
vt 0.22200625136777855 0.84375
vt 0.21574492324277855 0.829416015625
vt 0.22284531386777856 0.843342578125
vt 0.3879853391150096 0.937578060465051
vt 0.3898525270358273 0.953125
vt 0.38839276132037326 0.9515347124069858
vt 0.38718203125 0.852914556214243
vt 0.40234375 0.8433790093392429
vt 0.385987109375 0.854767290589243
vt 0.28125 0.5072454984677638
vt 0.294575390625 0.49242479534276384
vt 0.281991015625 0.5078122953427637
vt 0.21941202471777 0.484304296875
vt 0.20775538409277 0.470703125
vt 0.22006866534277 0.48371054687500004
vt 0.2819908482499614 0.5078125
vt 0.294575390625 0.49242479534276384
vt 0.2953194110396688 0.493209335814601
vt 0.20775547342834555 0.4707032292383099
vt 0.21941202471777 0.484304296875
vt 0.20703125 0.4715064352272379
vt 0.37184103899012877 0.9449713456927863
vt 0.3883929647694236 0.9515349340470045
vt 0.3898525270358273 0.953125
vt 0.205934770062948 0.5234375
vt 0.19614349529510272 0.5101252149656477
vt 0.2158203125 0.5101252149656477
vt 0.36302555892954325 0.71838359375
vt 0.3751177464295432 0.728705859375
vt 0.34838063705454325 0.73828125
vt 0.37511757424532655 0.7287057123932218
vt 0.36302555892954325 0.71838359375
vt 0.376953125 0.7171929910871786
vt 0.18382032167514342 0.4685999712968375
vt 0.1904296875 0.4582501554444479
vt 0.1904296875 0.484375
vt 0.373046875 0.40194818008230393
vt 0.3677576003406527 0.41015625
vt 0.3677576003406527 0.39900001176252375
vt 0.46883673955782784 0.471418105270235
vt 0.4794921875 0.48209587710064294
vt 0.46883673955782784 0.48828125
vt 0.4091796875 0.84375
vt 0.40717688004483743 0.8423938362623968
vt 0.4091796875 0.8337191514558404
vt 0.15704042606804458 0.4861257025840737
vt 0.1669921875 0.49083833223956896
vt 0.15704042606804458 0.5078125
vt 0.19352636741657284 0.621887154863645
vt 0.19352636741657284 0.62890625
vt 0.19140625 0.626141371636351
vt 0.52129417696458 0.44699285626165886
vt 0.52129417696458 0.4609375
vt 0.51171875 0.4538241656786578
vt 0.5830078125 0.5002133001726246
vt 0.5752006679021836 0.5078125
vt 0.5712453053781529 0.5002133001726246
vt 0.22195951375056924 0.5805758356799096
vt 0.20703125 0.5892111996721623
vt 0.20703125 0.560546875
vt 0.08938092889939363 0.8315167237386959
vt 0.07421875 0.8246569291723292
vt 0.08938092889939363 0.8037109375
vt 0.29935745714374346 0.5433530280620138
vt 0.2890625 0.5460486582491411
vt 0.2890625 0.5166015625
vt 0.11191848315492785 0.7703131536239737
vt 0.1103762349727998 0.7734375
vt 0.10546875 0.7703131536239737
vt 0.480945234520237 0.84375
vt 0.4787389328673128 0.8545714072332014
vt 0.453125 0.84375
vt 0.41015625 0.42564365318400144
vt 0.4179981203265241 0.4208984375
vt 0.42752414694081375 0.42564365318400144
vt 0.57421875 0.5467246223764956
vt 0.5841971288290967 0.5419921875
vt 0.5913869124393581 0.5467246223764956
vt 0.4375 0.5150140697433135
vt 0.4375 0.501953125
vt 0.45627039246823226 0.5021137995019032
vt 0.23238984125782824 0.41015625
vt 0.22659453374217176 0.4022973380303424
vt 0.23238984125782824 0.3992609797879133
vt 0.5062165300002012 0.966796875
vt 0.5062165300002012 0.9799059508879483
vt 0.48828125 0.9674146814714059
vt 0.2348489270831436 0.8869942407817504
vt 0.2412109375 0.8869942407817504
vt 0.23459148906804686 0.89453125
vt 0.322265625 0.42750561202337267
vt 0.31647556044215663 0.43359375
vt 0.31647556044215663 0.4173814999590093
vt 0.340694295841322 0.51171875
vt 0.340694295841322 0.47963611065922396
vt 0.34765625 0.4911798804066748
vt 0.4810290185598621 0.610849609375
vt 0.46500011230986205 0.61328125
vt 0.47397979980986205 0.600780859375
vt 0.47397998712147094 0.600781126921494
vt 0.486328125 0.6001626093700859
vt 0.4810290185598621 0.610849609375
vt 0.471098828125 0.5738838622516884
vt 0.478515625 0.5778315185016885
vt 0.4709234375 0.5832030028766885
vt 0.45341648724572287 0.5859375
vt 0.471098828125 0.5738838622516884
vt 0.47092343894660776 0.5832029260131667
vt 0.5145343093695567 0.875
vt 0.5084391176967094 0.8636392841722792
vt 0.525390625 0.8636392841722792
vt 0.5030461915169984 0.641552734375
vt 0.5094977540169984 0.6503785156249999
vt 0.4928895508919984 0.65234375
vt 0.5094978650513324 0.6503786675207218
vt 0.5030461915169984 0.641552734375
vt 0.513671875 0.6423208726250025
vt 0.08445988146610714 0.796875
vt 0.07866326401976861 0.7903563241356241
vt 0.08984375 0.7903563241356241
vt 0.1211766043126124 0.5703125
vt 0.12117660431261242 0.5611874420418685
vt 0.1229640206873876 0.5692192487032866
vt 0.33287838387050606 0.5888671875
vt 0.34214374999999997 0.6084729350458198
vt 0.3286460510101027 0.597073024868268
vt 0.34214374999999997 0.6084729350458198
vt 0.332878515625 0.5888674662958199
vt 0.3525390625 0.5960334819208198
vt 0.46484375 0.44921875
vt 0.4570518990296045 0.44063859565952246
vt 0.4645234968693016 0.44404432869822585
vt 0.4645234968693016 0.44404432869822585
vt 0.4570516218693016 0.4406384693232258
vt 0.46358521561930155 0.43527284432322577
vt 0.487226379405249 0.436376953125
vt 0.495037316905249 0.44493554687500003
vt 0.485265832530249 0.4453125
vt 0.4950376893346057 0.4449359549529759
vt 0.487226379405249 0.436376953125
vt 0.498046875 0.43882680456685275
vt 0.574378686043824 0.40625
vt 0.574378686043824 0.39634119813495927
vt 0.580078125 0.4042042630450551
vt 0.3008898407216151 0.6237841727567786
vt 0.3046875 0.6224440988506447
vt 0.3046875 0.63671875
vt 0.3931952978716702 0.9871034799878756
vt 0.3984890625 1
vt 0.36748630145492167 0.9917457837019167
vt 0.3984890625 1
vt 0.3931953125 0.987103515625
vt 0.4072265625 0.994272265625
vt 0.09395201749366851 0.45607374816944857
vt 0.105408357986595 0.46875
vt 0.09375 0.46875
vt 0.29298598496218176 0.7970776519677922
vt 0.3056640625 0.7970776519677922
vt 0.2966139266667271 0.80078125
vt 0.2662072401693693 0.41668299718392665
vt 0.271484375 0.41321168338096226
vt 0.271484375 0.4296875
vt 0.4265514959902318 0.7748025717799341
vt 0.42309272001263054 0.7860414451564405
vt 0.4064127487373695 0.7890625
vt 0.42309272001263054 0.7860414451564405
vt 0.4265513137626305 0.7748031639064404
vt 0.4363606887626305 0.7782531639064405
vt 0.4853515625 0.7335519567530889
vt 0.46853046875000004 0.7301250036280889
vt 0.48219882812500003 0.726008597378089
vt 0.4853515625 0.7335519567530889
vt 0.4611329643846203 0.73828125
vt 0.46853049726564666 0.7301250094375675
vt 0.5321811059600925 0.3997179873151855
vt 0.5380859375 0.39368372649656314
vt 0.5380859375 0.40234375
vt 0.5899378162878195 0.8277829672655539
vt 0.6005859375 0.8223992386037406
vt 0.6005859375 0.828125
vt 0.5901531977488215 0.7439826232881315
vt 0.6005859375 0.7439826232881315
vt 0.5927213704759067 0.75
vt 0.5752956118210459 0.97265625
vt 0.5664958695325129 0.9671153181889813
vt 0.583984375 0.9671153181889813
vt 0.4494520911338381 0.40625
vt 0.4494520911338381 0.3926890156691888
vt 0.453125 0.4001081241696641
vt 0.39110098660405995 0.41015625
vt 0.39110098660405995 0.4009199412286759
vt 0.3974609375 0.4010660119083759
vt 0.6049627447736866 0.7840921602198614
vt 0.609375 0.7890625
vt 0.5984049511583523 0.7890625
vt 0.5978243808937698 0.5794510689870327
vt 0.603515625 0.572780573524261
vt 0.603515625 0.58203125
vt 0.2783203125 0.49609375
vt 0.2665571064523126 0.4845576066874052
vt 0.2783203125 0.47950904452788135
vt 0.12694522059504376 0.54296875
vt 0.11721141708277959 0.529540475918753
vt 0.1396245204172204 0.529540475918753
vt 0.6096837296604564 0.8823713094863544
vt 0.6149256453395436 0.8798478054286198
vt 0.6149256453395436 0.88671875
vt 0.4334929668576534 0.8203124774270075
vt 0.4185990041639204 0.8111467505126403
vt 0.43220234375 0.8049171875
vt 0.43220234375 0.8049171875
vt 0.4453125 0.812878125
vt 0.43349296875 0.8203125
vt 0.3674791021483817 0.44078472090260545
vt 0.3818359375 0.44078472090260545
vt 0.37547445633976867 0.44921875
vt 0.61328125 0.6677108331269507
vt 0.6078157772608463 0.671875
vt 0.6016907881060424 0.6677108331269508
vt 0.3270847262566759 0.4453125
vt 0.32067247734849624 0.4398203959483271
vt 0.328686328125 0.43519897015343634
vt 0.328686328125 0.43519897015343634
vt 0.33203125 0.44009545452843635
vt 0.327084765625 0.44531225140343633
vt 0.125 0.3885754835193308
vt 0.12128614671076546 0.39453125
vt 0.11759364537051425 0.3885754835193308
vt 0.328823828125 0.690121875
vt 0.328496875 0.6909921875
vt 0.328125 0.689453125
vt 0.14468146934858722 0.6260538741869628
vt 0.15234375 0.6139446871815979
vt 0.15234375 0.62890625
vt 0.5990845470841473 0.73828125
vt 0.5941567109847197 0.7321884636344669
vt 0.603515625 0.732188463634467
vt 0.5120467261865347 0.9715941221763666
vt 0.533203125 0.9715941221763668
vt 0.523977580810478 0.98046875
vt 0.09016963425736467 0.54296875
vt 0.09016963425736467 0.521812691671093
vt 0.1044921875 0.5321570323896773
vt 0.31321953125 0.97959296875
vt 0.31345546875 0.978515625
vt 0.314453125 0.978641015625
vt 0.015720552290645715 0.41880317777011145
vt 0.0224609375 0.41014846708317987
vt 0.0224609375 0.421875
vt 0.5860913198027944 0.4296875
vt 0.5919169542725968 0.4249755640674452
vt 0.599609375 0.4296875
vt 0.164530859375 0.697265625
vt 0.165156640625 0.6981300781249999
vt 0.1640625 0.69889140625
vt 0.3095703125 0.4984323113550212
vt 0.3095703125 0.51953125
vt 0.297487505949247 0.5094287660296107
vt 0.1915265361401891 0.44745090175967595
vt 0.19921875 0.4406935481882922
vt 0.19921875 0.45703125
vt 0.2627501053164544 0.47265625
vt 0.25475810953087313 0.46280501607623337
vt 0.2705078125 0.46280501607623337
vt 0.3695153381057011 0.8561818927105069
vt 0.37432899109456375 0.8603303158396582
vt 0.368744413164664 0.8572367687747541
vt 0.3739229311291466 0.8614659496955646
vt 0.3687446334924038 0.8572368908241267
vt 0.37432899109456375 0.8603303158396582
vt 0.6097676743281336 0.7409384098744318
vt 0.6148417006718664 0.7371831850501726
vt 0.6104084662696478 0.7421875
vt 0.32555839819770716 0.7319952014968922
vt 0.33181932183744495 0.7330791850567475
vt 0.32552312456084553 0.7329737412777995
vt 0.6148417006718664 0.7371831850501726
vt 0.6097678725468664 0.7409382631751726
vt 0.6139627944218664 0.7361472475501726
vt 0.33182278369675255 0.733902591652558
vt 0.3255230250809164 0.7329737396117875
vt 0.33181932183744495 0.7330791850567475
vt 0.32552312456084553 0.7329737412777995
vt 0.32251786764193935 0.7320853624260818
vt 0.3255584074675185 0.7319949443394231
vt 0.3625936398710076 0.8506698889988362
vt 0.3695153381057011 0.8561818927105069
vt 0.36874433571481857 0.8572368747513333
vt 0.33181932178446655 0.7330791724557872
vt 0.34076276850654247 0.7326066573173524
vt 0.33182278369675255 0.733902591652558
vt 0.3695153381057011 0.8561818927105069
vt 0.3625936046349831 0.8506698609390897
vt 0.3632607339677953 0.84977150176727
vt 0.38950396363191775 0.46671952604230915
vt 0.38713635640402866 0.4756550909830719
vt 0.3884276416832681 0.4667144935925752
vt 0.37694014054040653 0.8620426465531745
vt 0.3739229311291466 0.8614659496955646
vt 0.3743289892415777 0.8603303210219314
vt 0.32259342899822896 0.7310150695207387
vt 0.3255584074675185 0.7319949443394231
vt 0.32251789180957985 0.7320853617073964
vt 0.3739229311291466 0.8614659496955646
vt 0.37694014054040653 0.8620426465531745
vt 0.3765340824279754 0.8631782752268076
vt 0.3625936046349831 0.8506698609390897
vt 0.3595271983849831 0.8465280640640898
vt 0.3632607921349831 0.8497714234390897
vt 0.41761885764136797 0.38132498949021787
vt 0.416171484375 0.38671875
vt 0.41490303187801136 0.3855862204809515
vt 0.416171484375 0.38671875
vt 0.41761875 0.38132539062500004
vt 0.4189453125 0.38237578125000005
vt 0.3884276416832681 0.4667144935925752
vt 0.3880951503341524 0.4617215030642352
vt 0.3895038752379415 0.4667195256290143
vt 0.3880951503341524 0.4617215030642352
vt 0.3890857611987599 0.46168413240278094
vt 0.3895038643127056 0.4667194868673119
vt 0.3595271983849831 0.8465280640640898
vt 0.36053047140824 0.845578107141195
vt 0.3632607179725467 0.8497713590144498
vt 0.38386012430513594 0.45214849499201093
vt 0.3890857611987599 0.46168413240278094
vt 0.38809564574308225 0.46172148437499994
vt 0.35548173445959347 0.8364346254512602
vt 0.36053052794304047 0.8455780536107762
vt 0.3595271983849831 0.8465280640640898
vt 0.38809564574308225 0.46172148437499994
vt 0.38295697386808225 0.452717578125
vt 0.38386009886808226 0.4521484375
vt 0.3605306875396239 0.8455783426421855
vt 0.35548173445959347 0.8364346254512602
vt 0.35671870941442607 0.8359375
vt 0.32251789180957985 0.7320853617073964
vt 0.31663256428682524 0.729121392870751
vt 0.32259344717272315 0.731014812004944
vt 0.34183232092527704 0.9421586258791842
vt 0.3359375 0.944034765625
vt 0.3416127073467882 0.9406853395283503
vt 0.31692262356359596 0.7283476631593551
vt 0.32259344717272315 0.731014812004944
vt 0.3166323546490223 0.7291213262812481
vt 0.2502440642973699 0.9951171875
vt 0.2562284392973699 0.99697734375
vt 0.25000031429736985 0.996298046875
vt 0.3359375 0.944034765625
vt 0.341832421875 0.94215859375
vt 0.336399609375 0.9453125
vt 0.255963751547231 0.9982720293060776
vt 0.25 0.996298012594824
vt 0.2562284392973699 0.99697734375
vt 0.30978616455775587 0.7237420733693791
vt 0.31692262356359596 0.7283476631593551
vt 0.3166322243939319 0.7291216734543514
vt 0.2562284863360152 0.9969771136666107
vt 0.2645801879764885 0.9997245304658725
vt 0.255963751547231 0.9982720293060776
vt 0.31692262356359596 0.7283476631593551
vt 0.3097861483008131 0.723742062877788
vt 0.31011697253590115 0.7229351173409615
vt 0.2645804636620169 0.9997246211567382
vt 0.2562284863360152 0.9969771136666107
vt 0.26477622329655226 0.9985725355112969
vt 0.3171297642545067 0.7109375
vt 0.31318327987950667 0.707751953125
vt 0.31789773300450663 0.709558984375
vt 0.31011697253590115 0.7229351173409615
vt 0.30978611316090116 0.7237421485909615
vt 0.30675056628590114 0.7197081642159615
vt 0.3131831385504169 0.7077518390461396
vt 0.3171297642545067 0.7109375
vt 0.3125 0.709294283885512
vt 0.09810070735410789 0.947497166691384
vt 0.10294924247609319 0.9471032853201
vt 0.09828642531767202 0.9486507996910938
vt 0.31011697253590115 0.7229351173409615
vt 0.3067501866141094 0.7197078002720452
vt 0.3073864949055642 0.7190129763984936
vt 0.10294924247609319 0.9471032853201
vt 0.09810064821748518 0.9474971714954771
vt 0.1025409981911297 0.9457296976906184
vt 0.3067501866141094 0.7197078002720452
vt 0.30474504399345753 0.7092886051022925
vt 0.30738645224603783 0.719013022981035
vt 0.1025409981911297 0.9457296976906184
vt 0.111328125 0.940593359375
vt 0.10294933477958619 0.9471035958864467
vt 0.017578125 0.685715625
vt 0.016365625 0.6868890624999999
vt 0.016665625 0.685546875
vt 0.111328125 0.940593359375
vt 0.102541015625 0.9457296875
vt 0.110559375 0.939453125
vt 0.30474504399345753 0.7092886051022925
vt 0.30562166961893394 0.708984375
vt 0.3073865102724345 0.7190132366068268
vt 0.19208139438446706 0.6835935772412711
vt 0.1867221397299403 0.6803593104258878
vt 0.1924244168373543 0.6824297624758375
vt 0.1867221397299403 0.6803593104258878
vt 0.19208168064966252 0.68359375
vt 0.18637417785334406 0.6815738342676951
vt 7.734047872964833e-8 0.7955227699913658
vt 0.005994531249999997 0.7946864526565369
vt 0.0003496360900802978 0.796875
vt 0.49168779551003106 0.6430256946283084
vt 0.4856765379179221 0.6430428704605406
vt 0.48567380287663575 0.6422266559966628
vt 0.005994531249999997 0.7946864526565369
vt 0 0.7955227807815368
vt 0.005707421875 0.7932446557815369
vt 0.49174474823605446 0.6440145401670794
vt 0.4856765131310037 0.6430428705313638
vt 0.49168779551003106 0.6430256946283084
vt 0.17788162410155603 0.6769054637630725
vt 0.1867221397299403 0.6803593104258878
vt 0.18637417863505748 0.6815738315392077
vt 0.48567380287663575 0.6422266559966628
vt 0.48567653725163573 0.6430426716216628
vt 0.4810960685016358 0.6409442341216629
vt 0.22397469950652243 0.5142877915777666
vt 0.2202259338177729 0.522990200772568
vt 0.21938925626986655 0.5224598655287189
vt 0.1867221397299403 0.6803593104258878
vt 0.17788144800369018 0.6769053949644807
vt 0.17851569013326168 0.6758361421897487
vt 0.2202259338177729 0.522990200772568
vt 0.2239747589151002 0.5142876536663055
vt 0.22493305591125862 0.5145869335996152
vt 0.5280106206243436 0.8728946300440236
vt 0.5332894165015891 0.8728711087210432
vt 0.5280170254607854 0.8741079797809203
vt 0.17297908240700713 0.6731512351349964
vt 0.17851569013326168 0.6758361421897487
vt 0.17788146838565147 0.6769053606030473
vt 0.6148673554530683 0.6437967395511897
vt 0.6107939093913061 0.6484375
vt 0.6097420195469317 0.6473418937698014
vt 0.22562346117244703 0.5082634143242621
vt 0.22493305591125862 0.5145869335996152
vt 0.2239751549878044 0.5142877773613739
vt 0.17851569013326168 0.6758361421897487
vt 0.17297912087419412 0.6731512537891664
vt 0.17349282706013197 0.6721233407470724
vt 0.6148673554530683 0.6437967395511897
vt 0.6097423554530682 0.6473416614261895
vt 0.6139982148280682 0.6426596301761895
vt 0.22493305591125862 0.5145869335996152
vt 0.2256234773713287 0.5082632659564176
vt 0.2265038313552056 0.5084579169337196
vt 0.1695714652588141 0.6689000040019308
vt 0.17349282706013197 0.6721233407470724
vt 0.17297927642194919 0.6731509425420559
vt 0.22549107190417578 0.5028960272862089
vt 0.2265038313552056 0.5084579169337196
vt 0.225623564626111 0.5082632852489168
vt 0.17349282706013197 0.6721233407470724
vt 0.16957134268513196 0.6688999032470723
vt 0.17024009268513196 0.6678518563720723
vt 0.2265038313552056 0.5084579169337196
vt 0.22549106249731382 0.5028959756254437
vt 0.22656227656485495 0.5029549377000198
vt 0.0026665750432330326 0.6939632812500001
vt 0.0013411844182330268 0.69921875
vt 0.00011462191823302659 0.6982839843749999
vt 0.22549106249731382 0.5028959756254437
vt 0.22485861150645725 0.49823515625000003
vt 0.2265625 0.5029549499984016
vt 0.0013412310948741485 0.6992185649167316
vt 0.0026665750432330326 0.6939632812500001
vt 0.00390625 0.6948912454363272
vt 0.16957134268513196 0.6688999032470723
vt 0.16697117399418923 0.6645933558408728
vt 0.1702399369907229 0.6678521003721305
vt 0.22485861150645725 0.49823515625000003
vt 0.22549106248640852 0.5028959755450775
vt 0.22385865059517307 0.4982921852707217
vt 0.16697117399418923 0.6645933558408728
vt 0.1677932075912921 0.6636241154509555
vt 0.17023978592158137 0.6678519497660023
vt 0.21991837713145723 0.4912109375
vt 0.22485861150645725 0.49823515625000003
vt 0.22385861150645725 0.49829218750000004
vt 0.21903568116026131 0.49160529878940973
vt 0.21991837713145723 0.4912109375
vt 0.2238586067822596 0.4982921790098389
vt 0.16697117399418923 0.6645933558408728
vt 0.16482144532821616 0.6559336042606878
vt 0.16779331941280984 0.6636239836048462
vt 0.1640625 0.6564706535124429
vt 0.16482132038991115 0.6559331009717372
vt 0.16697117399418923 0.6645933558408728
vt 0.5332894165015891 0.8728711087210432
vt 0.5280104941509814 0.8728946306075651
vt 0.5330246704060649 0.8715286797776577
vt 0.4809998651615669 0.6399548278323174
vt 0.48567380287663575 0.6422266559966628
vt 0.48109608163714207 0.6409442378014877
vt 0.5330246704060649 0.8715286797776577
vt 0.53743555494256 0.8707005833316611
vt 0.5332894208170031 0.872871130602902
vt 0.1884203125 0.73046875
vt 0.18506289062499998 0.726883203125
vt 0.189453125 0.729323046875
vt 0.477291255606343 0.6376650157777437
vt 0.4809998651615669 0.6399548278323174
vt 0.481096041990674 0.6409438301102846
vt 0.1850628754333267 0.726883186901106
vt 0.1884203125 0.73046875
vt 0.18430779478719225 0.7282349922243296
vt 0.53743555494256 0.8707005833316611
vt 0.5330246704060649 0.8715286797776577
vt 0.5371712266923335 0.8693663247613017
vt 0.477291255606343 0.6376650157777437
vt 0.47757767829595693 0.6367673281623467
vt 0.4809996673620301 0.6399547057046691
vt 0.5371712266923335 0.8693663247613017
vt 0.5439453125 0.8652140625
vt 0.5374355974717563 0.8707007980077109
vt 0.47265625 0.6305578046432362
vt 0.4775776983784515 0.6367672652210808
vt 0.477291255606343 0.6376650157777437
vt 0.5439453125 0.8652140625
vt 0.53717109375 0.86936640625
vt 0.5433953125 0.8642578125
vt 0.4734018026620251 0.6298828125
vt 0.4775777707602063 0.636767356546158
vt 0.47265625 0.6305578046432362
vt 0.05093235301313703 0.484375
vt 0.05093235301313703 0.4632758286769936
vt 0.05941920948686297 0.4737977684489991
vn 0.035882436889003666 -0.7005341308805546 -0.7127162003170215
vn 0.020248884461674502 -0.4583648287440073 -0.8885334357515957
vn 0.34591561280926825 -0.7540740348022702 -0.5583141936685947
vn -0.3124015682821103 -0.7316027955157421 -0.6059394439450442
vn 0.02314286820481659 -0.7205050338684618 -0.6930634197686827
vn -0.029693076219231118 -0.7236281287355075 -0.689551051429397
vn 0.07856566336137383 -0.7988411195209144 -0.5963893881543832
vn 0.015015941692748332 -0.43432098271012 -0.9006330026557963
vn -0.4088468478178936 -0.5930128146626387 -0.6936714327945667
vn -0.0772431251079641 -0.25867152045457104 -0.9628720289473965
vn -0.4705370125714412 -0.31398230331978283 -0.8246272085023312
vn 0.15031790886591528 -0.7662797605819449 -0.6246757997526844
vn -0.07419292485647072 -0.6519368257209921 -0.7546348687743489
vn 0.3817049936412489 -0.5496912088563964 -0.7430618229564265
vn -0.38473439320273745 -0.866731829124586 -0.31741988448941144
vn -0.43463486101395565 -0.8750464598062387 -0.2130404439817672
vn 0.21164004745093928 -0.7466026393307417 -0.6307083234422508
vn -0.21931103123486512 -0.6749724499202818 -0.7044961770139798
vn 0.1370200575775371 -0.19173847713182496 -0.9718342761029872
vn -0.03488470101264874 -0.5358167025336903 -0.8436133705206321
vn -0.6748879066510475 -0.1354148909412861 -0.7253889444756701
vn 0.18839319172399444 -0.9376165770343226 -0.29220396948447985
vn -0.11992843766657357 -0.9046203014356071 -0.4089978973899573
vn -0.18020954350499196 -0.7778010114319521 -0.6021213391378475
vn 0.5145149697933902 -0.6303340584337371 -0.5813375272911264
vn -0.27099619904603656 -0.8048774748769421 -0.5279519964336895
vn 0.6934034734290816 -0.4314902853291856 -0.5770682426741427
vn -0.44281596170737997 -0.7010251573706671 -0.5589970955117745
vn -0.40179850742457507 -0.6738608859159493 -0.6200560183273409
vn 0.43647629833161433 -0.8638185206412419 -0.2516068448828617
vn -0.10109591961463721 -0.04289810509271491 -0.9939513909727806
vn -0.1502837561713572 -0.7082018364995464 -0.6898296539071788
vn 0.6320269494391128 -0.5863529814313821 -0.506687395096048
vn 0.06276057056397794 -0.4105854201522018 -0.9096596745711685
vn 0.23376218745294924 -0.9329450075568725 0.27380440572043296
vn -0.1534867431814783 -0.2869705138464308 -0.9455631887136144
vn -0.03267117257499175 -0.9934828365584002 -0.10919912063038975
vn 0.05293695652565274 -0.9321750521929457 -0.35811639267545453
vn 0.034905279985771705 -0.9987630109820553 -0.03541284121860445
vn 0.13455616552856883 -0.8972772018500439 -0.4204619618448313
vn 0.39813655229945666 -0.1317140867069228 -0.9078208441570745
vn -0.2557681423736374 -0.5987638638511004 -0.7589891255432055
vn 0.6497233474884457 -0.5182578318507821 -0.5561190443185119
vn 0.467153656370625 -0.0025117870484319543 -0.8841725805889817
vn 0.3999111377234893 -0.48286512183774466 -0.7790457984209431
vn 0.23771702038265574 -0.40458053532687516 -0.8830658008636794
vn -0.0072162998523288 -0.4168826101748285 -0.9089316884949404
vn 0.1378332718213252 -0.9816885770653352 -0.13148964536596086
vn 0.15379747557853707 -0.9390448921367155 -0.30747524625181427
vn 0.42928081657909145 -0.8851491546020196 -0.1795242452275417
vn 0.3793686346985198 -0.878312468431082 -0.2909409679049693
vn 0.12849273455200788 -0.9880317166938996 -0.08534016624224
vn 0.16894302939039277 -0.9242914035398934 -0.34226255150491003
vn 0.21483276233162188 -0.9249235700660029 0.31362919788394195
vn 0.03139639091419849 -0.9982505970657134 -0.05010002091326715
vn 0.08739483813092129 -0.883083931916219 0.46100424234432025
vn -0.07960144711302543 -0.9952451645601165 -0.056130847465710634
vn -0.017628076118804292 -0.9645160035136935 -0.2634352480180328
vn 0.7297319285847156 0.003624729897065325 -0.6837237554284662
vn 0.26943756993332485 -0.03766370012385964 -0.9622810616454034
vn -0.293075078606867 -0.10743426601500661 -0.9500341450629002
vn -0.004361453766077661 -0.9934447315762657 -0.11423021940103206
vn 0.03088858754202345 -0.9896438592878303 -0.14018176391224335
vn 0.0229257604809065 -0.9997270563150087 -0.004496929852637943
vn -0.012601657768253782 -0.9529458087352269 -0.3028786619018518
vn -0.5760120472964216 -0.7798844843320569 -0.24492919888716164
vn 0.8090465008456946 -0.5877281042910554 0.004408502668695441
vn 0.03538329385314337 -0.9952819404012343 -0.0903431327066751
vn 0.021193442298263143 -0.9984968777231589 -0.05054525873564558
vn 0.04445019401613698 -0.9951099905744674 -0.08820593466888282
vn 0.04215789280812726 -0.9983903631404498 -0.037939357694341785
vn -0.04779174781462053 -0.9973768874633011 -0.05436260842565949
vn 0.06830051479438964 -0.9949845577886453 -0.07308056814882785
vn 0.0839618085804519 -0.9723442542535408 -0.2179382158319774
vn -0.4423867434121941 -0.6430901186665869 -0.6250832492768853
vn -0.4140389633942039 -0.3407593792827927 0.8440703656818306
vn 0.08414184962173141 -0.9951539235636501 0.0508804241148508
vn 0.05213055039397492 -0.9242772845332554 -0.37814535169885827
vn 0.224103200600633 -0.9745642784940348 -0.0014908266008727966
vn 0.21494983927273578 -0.9749465198850789 -0.05723504136976473
vn 0.09666372434034645 -0.9878583301803591 -0.12162254679921197
vn -0.03726826165422943 -0.9975746318716232 -0.05878716287989841
vn 0.10806414674537296 -0.9911279836912398 -0.07737868008910712
vn 0.07374961594961377 -0.9972448544112736 0.00798088325452409
vn 0.11646478027584115 -0.9931943941868455 -0.000922123161562205
vn 0.410763471817841 -0.05912279107215972 -0.909822985968145
vn -0.6696472727665688 -0.6519372215811272 0.35573921514696283
vn 0.1407680396958802 -0.35570575195047616 -0.9239360243163623
vn -0.5350599110848835 0.08137250424720854 -0.8408860844979982
vn 0.288610542530258 -0.9566244438394887 0.03966898270915298
vn 0.6289221588384917 -0.7604094713532721 -0.16197022565326227
vn 0.3125478960153982 -0.3145167287696981 -0.8963219510981286
vn 0.006606073563212855 0.9319409668711655 0.362549850447238
vn 0.029718743002880854 0.9193965033930405 0.3922076820550305
vn 0.18501055291250446 -0.3480128400702986 -0.9190528594467319
vn -0.030740963127544818 -0.027544120291149776 -0.9991477941843127
vn 0.30486942501811215 -0.2852801239756386 -0.9086637907133583
vn 0.013959433854759395 0.9334066683232483 0.3585486378947048
vn 0.011570262368652384 0.9362040413417798 0.3512664544246144
vn -0.6284256892473881 -0.7759726334610255 -0.05429203637280605
vn -0.08200125974532442 -0.992088048775125 -0.09506364645723012
vn -0.1257218298662576 -0.9676505567923898 -0.21873824867740477
vn -0.006791180156290155 -0.9628224451966627 -0.2700496600583018
vn 0.08568424351978861 -0.9884708339161384 0.12483437391029684
vn 0.1558613615602277 -0.9816133800757666 0.1101925951632893
vn 0.14937439326585517 -0.9870564270120692 0.05836866051765688
vn 0.012882636817273193 0.44149662613177676 0.897170422374084
vn 0.18928470275124387 0.4446914103165194 0.8754546538199899
vn 0.10420158864380885 -0.988281432187973 0.11154299492391051
vn -0.24850991045431536 -0.08826577021985182 -0.9645993874212675
vn 0.6608389744850157 -0.6519849011531733 0.3717627448654309
vn -0.4915721494384684 -0.13687959883475215 -0.8600120913796978
vn 0.24781587460720883 -0.9687638903175914 -0.009155168452314929
vn 0.2950859469177932 -0.9341219926774014 0.20084916412081505
vn 0.3395599817991452 -0.9222041121494731 0.185036737690563
vn -0.36180841146805987 -0.9264515541224463 0.10383733073930113
vn -0.06909110637716732 0.855450326957812 0.5132554501681906
vn -0.1394548776066186 0.8618808015141348 0.48755904369940245
vn 0.1436950724671327 0.8589466204496582 0.49149000942722765
vn 0.19503200461557513 0.865719166386538 0.4609694589955262
vn 0.08373371991461002 -0.209727361701746 -0.974167900263033
vn -0.09079397103678288 0.3759712534366412 0.9221724737882024
vn -0.08709245024216933 0.3761884108010446 0.9224408841165921
vn -0.09043147148328223 0.3741566646842429 0.9229457943117415
vn -0.09426108047414108 0.37364799373346835 0.922768673875962
vn 0.3039249958957503 0.37873637290650314 0.8741786755048391
vn 0.31032060083962953 0.3781492051740834 0.8721836408238466
vn 0.3039185291103068 0.3820277205174208 0.8727475857426883
vn 0.30564784342672136 0.38200480980548657 0.8721534962918333
vn -0.15743408064022213 -0.942320611808943 0.2953749732340026
vn -0.04416481867144534 -0.9977750350159261 -0.049944452051112975
vn -0.6752804394617734 -0.7142740346526973 -0.18387205198526357
vn -0.6900323807241932 -0.7124522115125055 -0.12754277660080313
vn -0.2987389858079686 0.7872725573380246 0.5394042443482192
vn -0.2359540734058223 0.7943520196532579 0.5597593626872088
vn -0.24215719861797652 0.8061134366793908 0.539945384610736
vn -0.31163769948912495 0.7987480416915071 0.5146683496690937
vn -0.1120003546878614 -0.9930325573496976 0.0366368747754634
vn -0.15928456235396662 -0.9423728852090736 0.2942138226161912
vn 0.31100978749071634 0.797713137419505 0.5166494580209193
vn 0.37169915795603997 0.7923458469170136 0.48376419343325905
vn 0.301995769925775 0.8142359431492114 0.4958007501313939
vn 0.37212165621062154 0.8090897827889589 0.4548617332394312
vn 0.2341637590097213 0.04338350088149758 -0.9712287093253072
vn 0.7385754291377339 -0.6656445911136898 -0.10688130704244408
vn 0.6987476684840275 -0.6828997092486402 -0.21307201340452583
vn -0.37110023574654843 0.8050098105116876 0.46286479668343006
vn -0.026374089066122375 0.2828848414975617 -0.9587912045262158
vn -0.13645195875131466 0.28642596144221305 -0.9483359275936105
vn 0.1736165192644151 -0.22106828784277244 0.9596802156701857
vn 0.22294255105457444 -0.1692797064309312 -0.9600213538874728
vn 0.4303924232283494 -0.8665312325364118 -0.25275677056521445
vn 0.5035674851085109 -0.8581105410488044 -0.10032989226754964
vn -0.38687359689481227 0.8221181150464792 0.4176728683289044
vn -0.36986243703489247 0.7408849644242014 0.5606168452345687
vn 0.4402444359371641 0.7489688976407018 0.4952074585395905
vn -0.18051889753252184 -0.22864923006422025 -0.9566255574803981
vn 0.9620751725190708 0.13898470669218377 -0.23472241846080183
vn -0.1062117306780408 0.9501357865796738 0.2931911583370138
vn 0.48151427919097045 -0.8018642409332541 -0.353776395549133
vn 0.5472384656668668 -0.8366873146931944 0.02200906917761432
vn 0.10625512792318295 0.9532865923613292 0.28276230408976605
vn 0.41840029406653645 0.0848983153434084 -0.9042861659767262
vn -0.11625116916040151 0.9503077653914591 0.2887919955703956
vn 0.12131614916221645 0.9543521467751046 0.2729365711996108
vn -0.2580126620007703 0.9042630231613209 0.34020266193906346
vn -0.29741072938954893 0.8970350522370965 0.32691737962666684
vn -0.26040074399200663 0.9096569007870394 0.32359816961615817
vn -0.3005165511656076 0.9022444613663886 0.3092648289236978
vn 0.2707753771170331 0.9190348652384703 0.2864535069138368
vn 0.293433563531203 0.9158051081311298 0.2742220773648784
vn 0.30269511597719256 0.9095153554944839 0.28488152780286846
vn 0.26462309623144387 0.9150614632514771 0.304363492247263
vn 0.39428949983958433 0.8883973899701152 0.23512947031484127
vn 0.35493158267555625 0.9257676364300045 0.13029909807142848
vn -0.40000025919817217 0.8378049851363474 0.3715946710087214
vn 0.4133782749227831 0.8535695127618002 0.31707647138418704
vn 0.44547680163612424 0.8449910739828879 0.2958724456472674
vn 0.06199504546479162 -0.9884804547996386 0.13806884086178922
vn 0.05171606240216162 -0.9892848315079942 0.13653194145625974
vn -0.4360052961020964 0.8269084738871693 0.35513625214066236
vn 0.44320083966338103 -0.3866498869194997 0.8087489602261089
vn 0.6294440544179197 -0.6083464923346394 -0.483440510944285
vn -0.5837516690250832 -0.6901278503881438 -0.4277353609757667
vn -0.5215258888540164 -0.7821276848415547 0.3410088442539546
vn -0.34423578349864953 -0.931867672517322 0.11456162654318403
vn -0.3433682053891952 -0.9205746665494872 0.1861197432705736
vn -0.5625308353465613 0.5902198466955684 0.5789642405632317
vn -0.577454053661619 0.6021646442673895 0.5513116696607214
vn -0.09868498326570799 -0.9951079204280063 0.0046368932806108995
vn -0.10514293084105533 -0.9482638419719926 0.2995674383217727
vn -0.25584215459569104 0.9593875473012319 0.11882897801109506
vn -0.1401428561493826 0.9876694669130321 0.06977824874572569
vn -0.14918122305224932 0.9865702845058975 0.06651343036250669
vn -0.3716802409491257 0.9177539047999759 0.13993415849033056
vn -0.43505076804655385 0.8759859427031628 0.20827735692713917
vn 0.08571863118489664 0.9949351593847989 0.0525009036849125
vn 0.07661062788942032 0.9954132169639084 0.057300429212635076
vn 0.3245414599259225 0.9406249767401189 0.09948614939679754
vn 0.40489366301439406 0.9005820326515982 0.15815537966159202
vn -0.30059860999250254 0.9473898967337189 0.10996753719825178
vn -0.9256852833698385 -0.050442709023941726 -0.37491637635455205
vn 0.2004026377521618 0.9754126039018323 0.09170079024426714
vn 0.20687164684873968 0.9754727571550288 0.07521317556423797
vn 0.24790486337969286 0.9667718302001356 0.06241319607403689
vn -0.2595035640951202 0.9602873296917028 0.1024994861231451
vn -0.3033649506823071 0.9481866639633719 0.09440210262241669
vn 0.24358906024951543 0.9667783525676479 0.07748539690382235
vn 0.8313270508839197 -0.1951826462783129 -0.5203835787766941
vn 0.8645049942961471 -0.16747642791220962 -0.473901636345334
vn -0.30860547972056945 0.10328780215058941 0.9455655914918532
vn 0.6508048480662022 -0.7469103439206706 0.13630109272428118
vn -0.3978833188258157 -0.8995706327290403 0.18017086704467106
vn 0.51419714974805 0.14401215077367652 0.845494997986695
vn -0.3533878720100594 -0.8701577433443197 0.34342759588321253
vn 0.7979836284162898 -0.5372071033502575 0.2731861213341539
vn 0.686936520011245 -0.6894917468814816 -0.2296069433992869
vn 0.45325993989909263 -0.039920914500245985 0.8904839961886655
vn -0.668255450635855 0.3198262002617928 0.6716739196377763
vn 0.6413853741246259 0.7528776025983879 0.14764862804888515
vn 0.6662521685121666 0.7267544961215414 0.16714051070868527
vn 0.6585483425871362 0.6612222481409269 -0.35930379769659343
vn 0.6667739665031146 0.6565907633031687 0.3525635363146135
vn 0.6754001809326935 0.6508352925724833 0.34676795921505627
vn 0.6427647646471858 0.5394024351031895 0.543965504726906
vn 0.6405854959109047 0.5442643697887404 0.5416885804657927
vn 0.478340822498446 0.26921186580318623 0.8358917566541004
vn 0.8868117730239848 0.3191002100844959 0.3342752386134626
vn 0.42140658415034477 0.7519147974293411 -0.5069917437607159
vn 0.8980343240792011 0.29916623999914094 0.3225428864823856
vn 0.9472300342213216 0.09816957982992203 0.3051524141557635
vn 0.8616043175243273 0.008061140312271065 0.5075165199678767
vn 0.8617180795545905 0.007747865637839801 0.5073282191508831
vn 0.6259034596145774 -0.08221000570869895 0.7755555261900199
vn 0.5210877216497125 0.07639338844612342 0.8500774297366279
vn 0.3444853731762915 -0.007862673975380263 0.9387587581618337
vn 0.28485666552370087 0.03089519358782556 0.9580721095616391
vn 0.3446987789378056 0.04445318947652755 0.9376602080413512
vn 0.290364938642238 0.08665139730885218 0.9529846471752381
vn -0.02909618924111007 0.07111983916524817 0.997043319143534
vn -0.09030619491077857 0.017668989073049063 0.9957572987359284
vn -0.016521411663045774 0.009866094513886649 0.9998148344247066
vn -0.08474419422745205 -0.04056871442771548 0.995576516875736
vn -0.30868163963226636 0.028250943617637442 0.9507457754513816
vn -0.4235633258611027 -0.1449286249870676 0.894197854305656
vn -0.7638809426419019 -0.08132074109894157 0.6402131227455733
vn -0.7620264636518799 -0.07644267062939526 0.6430180299192675
vn -0.28379425406938974 0.23760927983988467 0.9289793600996581
vn -0.5641962191963974 0.5108716102870773 0.6486083749437557
vn -0.5656681155109138 0.5054269873280457 0.651585100792542
vn -0.6577733208614125 0.6110710497597143 0.4403707875285441
vn -0.8553935058384383 0.24019386703507845 0.45892140548046
vn -0.6396344385403142 0.623648611797647 0.449366436258968
vn -0.6870473051775855 0.6826657035300824 0.2488644966080852
vn -0.6680792159156175 0.7088420715195148 0.22630306870543557
vn -0.8676269954676674 0.21727664202445968 0.4472295356596245
vn -0.901425949350712 0.006780129700931614 0.43288022324703884
vn -0.7759068328475629 0.5700529008505271 -0.27020043851252984
vn -0.9030245690451812 0.003079189896482648 0.4295778698796602
vn -0.8923325011362437 -0.23382855372001038 0.3860918477268642
vn -0.9834506314755868 0.0993120226564945 0.15153210090982588
vn -0.8253826412832121 -0.17481841397446107 0.536825872703433
vn -0.8162507972942669 0.1533674350231674 0.5569677421457083
vn -0.9638231648209173 0.05745338752298415 0.26027680499177186
vn -0.9806529788913547 0.06622326899797715 0.1842124144424963
vn -0.9661890047824067 0.060111668205826876 -0.2507297237726223
vn -0.9632911554673869 0.08128935602451104 -0.2558558000034922
vn -0.8356818597886864 0.20614567260208733 -0.5090577480871452
vn 0.5734176126805671 0.8189547971589599 0.022478471434826067
vn 0.5820184264864361 0.7781116523007525 0.2362134792598548
vn -0.06378565001182546 -0.9782559586622134 0.1973491074072616
vn -0.06101316347780801 -0.9651725500574363 0.2543999656015233
vn 0.7532290003730481 0.36653776374484126 0.5461649391401374
vn 0.7524546758672095 -0.642639558416916 -0.1443134045169879
vn 0.7395511904443317 -0.6473336365506903 -0.18445378744398447
vn -0.9581705178929014 -0.07361219825252947 -0.27656916478392823
vn 0.4214899223899988 -0.8960921299346741 0.13915868637211243
vn 0.6899278407575263 -0.09445514862744311 0.7176892081154803
vn -0.987900823106754 0.013324690113185544 -0.15451348270745024
vn -0.8884417713743333 -0.06244631985299609 -0.4547215367827371
vn -0.03328187082105605 0.44255649208543557 -0.8961227976051522
vn -0.06607322051443255 0.43598147389896863 -0.8975268708778217
vn 0.6595519371271167 -0.3976408570320547 -0.6378659663680772
vn -0.5197883947016301 0.1363550597035539 -0.8433429447305189
vn -0.5096018973040712 -0.6958105660341787 -0.5061161551060059
vn -0.4396238766497829 -0.30891535616369914 0.8433873071167667
vn 0.4015308333345278 0.04084281987790647 -0.9149343440630594
vn 0.4264781379227208 0.11204471941373301 0.8975312689402339
vn 0.3986027780714641 0.34397575781795564 -0.8501743958431556
vn -0.37033325382835813 -0.9084829115710169 0.19368035649582305
vn -0.7492335881525994 0.14713102891291904 0.645756525878761
vn -0.6466991154771242 -0.7603094682799798 -0.06090785240771052
vn -0.6744477363128122 -0.7332761485208077 0.086176220577453
vn 0.8303551773917137 0.2169573135292972 0.5132638731538839
vn 0.2730214251438664 -0.08811618952456812 0.9579639025329101
vn -0.3986249190559541 0.048656876991852574 0.9158224075818595
vn 0.627206733568775 -0.2654184037631564 0.7322327391682278
vn -0.9185681607787186 -0.12003520075328983 -0.37659538577061674
vn -0.1297863643727043 0.044140012091352765 0.9905590133634095
vn -0.12448397365183222 0.04660556852435713 0.9911264607941671
vn -0.38360929126049187 -0.08187896139864238 0.9198585474620015
vn -0.12716863283343807 0.044306628522199513 0.9908910442083276
vn -0.08615786726626311 -0.2840282672680559 0.954937047820868
vn -0.11149633002447107 -0.3017787999255881 0.9468358486593894
vn 0.4113735434778585 0.05618873971440519 0.9097332758868268
vn 0.37508429117192255 0.07063806144864088 0.924295428307873
vn -0.251405956783087 0.8768096520144942 -0.4098778830678744
vn -0.23572100323480727 0.8725884288709147 -0.42781426160725966
vn 0.35733198124922205 -0.25115453507487245 0.8995750411654552
vn 0.3792157772009208 -0.2648619633664442 0.8865909624418546
vn 0.3787121562222142 0.05239849776451694 0.9240300320668929
vn 0.5847226609397241 -0.021062194449713134 0.8109597978620957
vn 0.06491473309805908 0.9001095617504885 -0.430800248690912
vn 0.048341017342067 0.8947577226138062 -0.4439276561167248
vn -0.7735163074655238 -0.15956680600987144 0.6133603806121727
vn -0.16499505437535214 -0.339368458968308 0.9260700195391007
vn -0.055313419726985946 -0.3029613610662646 0.9513962577701169
vn -0.2163746543672037 0.19781655568437143 0.9560599454242633
vn 0.3271632882532474 -0.27408410429369173 0.9043462205332906
vn 0.42654480549103013 -0.29528752750061255 0.8549063135871641
vn -0.5117195437169437 0.7725283528229745 -0.3759561844985997
vn -0.3821002976370492 0.12609002371232816 0.9154783823039749
vn 0.3472706508893967 0.8318284985306469 -0.4329716434861577
vn -0.9263771622307767 0.2987547210512429 0.22928360156550104
vn -0.9266866640156711 0.29716076989430334 0.23010281087229645
vn -0.7340457794763363 -0.6403179068196526 0.22620736468797092
vn -0.5464378881246371 -0.6010133856445787 0.5832568428213486
vn 0.9140711201121761 0.3868619041699951 0.12170396246152937
vn 0.9146499047112112 0.38524718960663007 0.12247511874648448
vn -0.09213247128058771 -0.268414541840895 0.9588875019855426
vn -0.11427790607442109 -0.2853376598923843 0.9515897120242442
vn -0.09485389039954978 -0.40122216738121297 0.9110562616424918
vn -0.1558404341014237 -0.43584972792715654 0.886424714098667
vn 0.3627677410804409 -0.23844105064903537 0.9008581638619804
vn 0.37811565869751285 -0.24923124220962145 0.8915785644318704
vn 0.3632137108469865 -0.36413576501210615 0.8576018568612187
vn 0.41659096466268886 -0.39015578620303265 0.8211153577017691
vn -0.5635095399541641 -0.0584414650156146 0.8240398009486406
vn -0.16639104999384555 -0.377125743009224 0.9110928561028708
vn -0.04928843383884354 -0.3530730701408865 0.9342965575399508
vn 0.28350418298988356 -0.8603120663949055 -0.4236608627694637
vn 0.5196201351859047 -0.43366873494535135 0.7361564666837348
vn 0.3212206169607088 -0.3259243500546 0.8891516368319119
vn 0.4234757417591338 -0.33302922001123236 0.8424724534133217
vn 0.721617227486989 0.013635634900440063 0.6921579635132816
vn -0.10145657838845787 -0.364591055757224 0.9256240731331158
vn -0.1642104134829614 -0.40090283586889003 0.9012834494741577
vn 0.8282009664131744 0.03308366500032367 0.5594538679305294
vn 0.42125302529499564 -0.35424703723900186 0.8348981526433048
vn 0.3665556620121613 -0.32681813837878254 0.8711066817981901
vn 0.974863610362141 -0.22176128236802772 0.02151452612027177
vn 0.9888894507159691 -0.13323491924563666 -0.0659250374006528
vn -0.059119789930660915 -0.6551705774666662 0.7531642349850062
vn -0.03926844065560192 -0.9734207725239119 0.22563242051493446
vn 0.4963386089456876 0.8156295872934669 -0.2973152562539447
vn -0.5551691391334646 0.8044199812328943 0.21141362479054676
vn -0.3387192914325332 0.6013641695918984 0.723623090526062
vn -0.5712679628852481 0.7962121205917956 0.19924651465873805
vn -0.6010007348927286 0.7527742913956744 -0.2685683951475686
vn -0.6076861444898833 0.7489879792270532 -0.2640730140858699
vn -0.44422368631642734 0.44536563300785803 -0.7773768516305039
vn 0.9491676642447326 -0.2703599193087314 -0.16120254087195662
vn 0.9058387837185288 -0.27954314768818467 0.3182950305799926
vn 0.7994638157236722 -0.26247982029955824 0.540335036143371
vn 0.6304950040360707 -0.5786235927254666 -0.5173691021186216
vn 0.5411047695639908 -0.0820147674937451 0.8369463580588948
vn -0.6535153993505839 -0.605094202216371 -0.45472918232259996
vn -0.8393250308367559 -0.3076186546964964 0.44822344415882187
vn 0.19766082121340334 0.49579936775196254 -0.845643652311065
vn 0.477434557874598 0.815073186150368 -0.32819497888568494
vn 0.47367969334749727 0.8165604007635513 -0.32993432682139845
vn 0.5461796452801068 0.8281983852901038 0.12559948122727974
vn 0.5294606895467432 0.8362190430009304 0.14286038760725578
vn 0.4594677429382874 0.6000168276566573 0.6548810576952406
vn -0.1651346124245351 0.7264113913775674 0.6671259628108515
vn -0.07084279107443647 0.6952819042239655 0.7152372841312736
vn 0.008082074996502155 0.34155021530803625 0.9398287772178426
vn -0.19883750254165722 0.9586244186168975 0.20372253585308583
vn -0.18831041110303626 0.9629889499671194 0.19285090435730554
vn -0.24018403799437263 0.939625976471569 -0.2437512097048309
vn -0.25311394545654864 0.939085448485697 -0.2324905397168597
vn -0.24658976418710407 0.6027233977785379 -0.7588926103003263
vn -0.29884876892559165 0.533516084306487 -0.7912332153656921
vn -0.21664355548849962 0.2428203471484578 -0.9455706472157457
vn -0.20943226912519866 0.24037923673733746 -0.9478164100682397
vn 0.10417997614681743 0.9610669804490892 -0.25592340975479116
vn 0.09377434058415876 0.9604189180780518 -0.2623011148390158
vn 0.1576910132370516 0.9724954297869877 0.1714239872004331
vn 0.16988500597216416 0.9689042991530057 0.17989870435514682
vn 0.19833689397293774 0.6909686499264586 0.6951437270866903
vn 0.29028396360404923 0.7308719998810499 0.617706516287628
vn 0.22906548521307457 0.34631964245881686 0.9097206762140214
vn -0.01800527288798559 0.6252490168651894 -0.7802175831505871
vn 0.03505742209177007 0.5589864968290872 -0.8284353164363676
vn -0.059958574517810004 0.2594953049534673 -0.9638812976964017
vn -0.08150827479667039 0.24948359995993644 -0.9649426586542338
vn -0.6999396741942111 0.030010072883462992 0.7135711933748664
vn -0.7258794788855996 0.0024841678916480772 0.6878174256608047
vn 0.5969598736576124 0.2908106115406283 0.7477085645209992
vn -0.5281679043631622 -0.12073054476244402 0.8405134147424355
vn -0.7629467501249744 0.2598866237241638 0.5919216158267876
vn 0.8108273884122159 0.10454824889423928 0.5758720429520554
vn 0.8292475225265562 0.08299467519013859 0.5526847476397845
vn -0.8398928624393304 -0.38827681978358175 -0.3792375124407079
vn -0.8950520798195931 -0.4284600649581043 -0.12370831478408492
vn -0.940721005100762 -0.16125126942752943 0.2983990929447052
vn 0.9356567197767278 -0.2183056450456955 0.2772889252708031
vn -0.631225104144432 0.576615189349502 -0.5187193762616633
vn -0.7655334086384511 0.352159977305484 -0.5384625805407423
vn -0.6042435173021135 0.7847664119882507 -0.13795452299021518
vn -0.6263829812349162 0.7442810230761946 -0.23171128480916012
vn 0.6280410277850443 0.3042327945029189 0.7162449819493677
vn -0.7067127110749328 -0.3029883376721578 0.6393396681262482
vn -0.3886566163832892 -0.308290229871919 0.8682759749682195
vn -0.705408465802991 -0.3086169145009322 0.6380865900936916
vn -0.7267205732899904 -0.34708504893334174 0.5927977540139702
vn -0.9095558267069146 -0.36815597991244675 0.1927936009265016
vn -0.6650007881899144 -0.23865029784956324 0.7076863620581562
vn -0.5676604483392833 -0.564785539295699 0.5989815606458269
vn -0.6729940515310605 -0.2733230980987713 0.6872943260710784
vn 0.8336758225914691 -0.2031154284888294 0.5135452711652954
vn 0.6040775459362907 -0.23855040064410232 0.7603841297976482
vn 0.8328250677813613 -0.2088140424794943 0.5126393489953175
vn 0.8477679480265421 -0.24422638987061085 0.47078973734527674
vn 0.7270092669403234 -0.4737965513551376 0.4969651433519983
vn 0.8095429127563314 -0.18130864434692473 0.5583613954161546
vn 0.8020746458213299 -0.1446571445084929 0.5794398787391472
vn 0.9608703669126973 -0.264457062869238 0.08240509624795302
vn -0.2420491976458015 0.6074619076633745 -0.7565726777098138
vn -0.2909997712329751 0.5444153806759813 -0.7867216956623115
vn -0.21284352058800873 0.24878777210285574 -0.9448821514854642
vn -0.20996493227744029 0.2476209809918296 -0.9458322139715765
vn -0.24778874349097374 0.9359185481446911 -0.250314222204609
vn -0.2403102595440461 0.9363131092701705 -0.2560639384347175
vn -0.1795290044736492 0.9575431805731949 0.22556682799221778
vn -0.1882115380254057 0.9571969849162253 0.2198871279120239
vn -0.060809779543606446 0.6935577463248467 0.7178299403233732
vn -0.17242608908373575 0.7291980847812386 0.6622230718984815
vn 0.006297593929464549 0.3393748127952961 0.9406301487571282
vn 0.8809775376477088 0.24199047931462986 -0.4065946213137304
vn 0.15874896820400697 0.9664185909100951 0.20207392765398907
vn 0.16327758759669392 0.9665585144009288 0.19775001296503997
vn 0.09107808532976422 0.9562920930658528 -0.27786726167793574
vn 0.10757201800866811 0.9571362264082705 -0.26892100148273823
vn -0.013543240957104602 0.6249898472622389 -0.7805153883450993
vn 0.0359382418596455 0.5639355665913837 -0.8250364352592514
vn 0.19540671000707566 0.6953182383725343 0.6916276202341302
vn 0.27568930392026336 0.7315401929565014 0.6235738559249621
vn 0.21280783043243423 0.3449486830449983 0.914178994164798
vn -0.059434119244283434 0.26314877317264623 -0.9629227947490846
vn -0.07152655771828859 0.25679771340942603 -0.9638147570610562
vn 0.242391674924024 0.3573720626143965 -0.9019598022031018
vn 0.20826984331138662 0.8742769817603655 -0.4384785416996323
vn 0.20355429600393526 0.8706096067332282 -0.4478890054937228
vn 0.17000833392297987 0.7298708110686178 -0.6621070650180155
vn -0.05814070375748778 0.9011296533946671 -0.429633572174465
vn -0.13249062683414717 0.8934018653836265 -0.42927769652073894
vn -0.3939229759157159 0.6800311853856432 -0.6183706622639072
vn -0.3841500379375157 0.8304644017876753 -0.4034323062374209
vn -0.3838306600254943 0.8300182467873213 -0.4046526095609602
vn -0.4893648408106447 0.3929638689007907 0.7785251764181389
vn -0.1996879461673537 0.4845903650650606 0.8516436474497859
vn -0.12105741516621615 0.5685295613428435 0.8137070972485052
vn -0.9323372521033901 0.017072428033641035 0.3611866284088264
vn 0.2723178068801703 0.2702169254753673 -0.9234856930362343
vn 0.3184247483264591 0.21911437426140554 -0.9222768405664667
vn 0.8048571626027367 0.4159350809651814 -0.4233237014738959
vn 0.8059982995577539 0.40831410762620446 -0.4285397655100699
vn 0.9059697338404821 0.41685865431950236 0.07380856104775459
vn 0.9095123582178369 0.40814307021918284 0.0787813714090357
vn 0.6879502378515037 0.26494158209471425 0.675670354771622
vn 0.5734959638490887 0.3932176243797941 0.7186670156100918
vn 0.3497236689714102 0.18724818932462123 0.9179496015336716
vn 0.4924173463052825 0.8475380765203437 -0.19800092400253988
vn 0.6119917603564147 0.4491514144984765 -0.6509447688628234
vn 0.4525798496726283 0.6568021479492415 -0.6031437789777525
vn 0.9981474634069151 -0.0018926870533910183 -0.06081166853540028
vn 0.8830532999432232 -0.4687074291064456 -0.023026405707587377
vn 0.726868515602323 0.2928771657978422 0.6211965283067018
vn -0.5679894976726954 0.567634124553718 -0.5959693206664697
vn 0.9635882648377831 0.11853229481336314 0.2396826046111573
vn 0.36390077692532236 0.6380998256438664 -0.6785313825214087
vn 0.3989212085231403 0.013459174904311089 0.9168864269915509
vn 0.49088292354068574 -0.7252792640593099 -0.482704821295308
vn 0.9213430594623934 -0.06629975480309278 -0.38305523008246023
vn 0.9735608522333111 -0.015168388218392309 -0.22792364291052675
vn -0.5400252685660084 -0.31885678802394546 0.7789114571254315
vn -0.4520022655156176 -0.4030701731118371 0.7957564875741466
vn -0.1013061230031283 -0.16904945446946312 0.9803873476262593
vn -0.1105540389717311 0.1459271033674473 0.9830987157807822
vn -0.44104431437858804 0.352687474207992 0.825282653574585
vn -0.5556939761045956 0.2199646420769652 0.8017604138126413
vn -0.9282941238467833 0.3238154763172183 0.18279375516955157
vn -0.9303237994366795 0.31462717977925864 0.18843398299099612
vn -0.9023450774358804 0.2849725703074443 -0.3233635653557829
vn -0.9027143117068829 0.28155307395918394 -0.32532251379777455
vn -0.5556071338140471 0.14991501146142217 -0.8178179517432113
vn -0.508367989087052 0.2225481822067641 -0.8318859863395056
vn -0.27004324287191633 0.6494094510863334 -0.7108755248417027
vn 0.019206432027319947 0.6742228074362193 -0.738278212398011
vn 0.44566520502669427 0.33613999710772496 -0.829694177015202
vn -0.9648504176209508 -0.1271227295390852 0.2300075721605911
vn -0.9374187328308039 0.10946522581466067 0.33055027405106685
vn -0.9374187328308039 0.10946522581466067 0.33055027405106685
vn 0.7091749993255902 0.35146163397265484 0.6111837204775833
vn -0.41135466231462825 0.6440721569334182 -0.6449483688289726
vn -0.5165250778562597 0.608938653970044 -0.6019929896989963
vn -0.9561885519646912 0.18636558859762659 -0.225768289355098
vn -0.3327313484790289 0.5289928866161325 0.7806768701894904
vn -0.9545628924849243 -0.0311615879338382 0.29637584201189004
vn 0.9935875935605789 -0.05831073478650668 0.09686873660348741
vn 0.18382063425123712 0.6937204981571904 -0.6963920195263675
vn 0.3034243740855933 0.6761694307223084 -0.6713632028696801
vn 0.9634564147079928 0.1517427137245271 -0.22073940697015693
vn -0.936119515038836 0.2852360701244286 -0.20571980425672898
vn 0.9933694422621471 -0.018247508074694496 0.11350850024934261
vn 0.8916033098591194 0.2987895625777818 -0.3402474616258599
vn -0.3024473222470114 0.6155239376666813 -0.7277746213113755
vn 0.04977440044673276 0.645517020716107 -0.7621222244666336
vn 0.9078925807078808 0.17179527680816747 0.38238389710079224
vn 0.9978870428916906 -0.055281376410251215 0.0341382344456399
vn -0.13905028947869058 0.6979046896433528 -0.7025624962732552
vn -0.11195478133337 0.7000366528167824 -0.7052764079775199
vn -0.9024378369258198 -0.3292255204178351 0.27787858354010164
vn 0.9287616590979533 0.35688153736627787 -0.10018657034103606
vn 0.9287616590979535 0.35688153736627753 -0.10018657034103529
vn 0.9014443822485302 0.22928587867942318 0.3671866167914765
vn 0.9608076549640507 -0.2213484831997578 0.16689367617632617
vn -0.9669155286070522 -0.07413787004730615 0.24408592086270314
vn -0.9897463644034123 0.1192026129549564 0.07869479788994009
vn -0.9721769424185982 -0.18754656503609296 -0.1403505560116815
vn -0.9798978971525819 -0.196292052303497 0.03563062388492838
vn -0.9945186061243336 -0.059653057553832434 -0.08587348133732542
vn -0.9567535017629993 0.2908306470558556 -0.006345990648490285
vn -0.6117672437376004 0.47550935136531497 0.6321642953013378
vn -0.45317313988185287 0.5551883352619083 -0.6974238436408191
vn -0.5508833808786997 0.5198564817453193 -0.6528987203686588
vn 0.9191905320463045 -0.25489541782033376 0.3001950895178489
vn 0.6932835974465439 -0.6858558284437957 -0.2212682446743165
vn 0.9949874193145631 -0.09737657464621122 -0.02275605668644354
vn -0.979567978103492 0.10827274211742244 0.1694803516299474
vn -0.9499501043383758 0.0671422825960574 0.30510115233361557
vn -0.9854612482842684 -0.14482764820375435 0.08883175358947515
vn -0.1103555045546058 0.9884130399987235 -0.10421768072155502
vn -0.2492198257040201 0.968119503119483 -0.025181464527373548
vn -0.17028142466526355 0.9824027833486133 -0.0767398702296653
vn -0.10879403346243371 0.9931994309204971 -0.04145779422709081
vn 0.015406301489427291 0.9987212460179677 -0.048150998190433184
vn 0.06703719121501606 0.9937049962644198 -0.08975742528131575
vn 0.994891811418555 -0.09906699008537212 -0.019391107439528044
vn 0.0006270678778834693 0.9938489842526315 -0.11074205743930055
vn 0.16213783911098498 0.9856384532493113 -0.04720339611432452
vn 0.2191524107819353 0.613962492977617 -0.7583022339840334
vn 0.34179316212214766 0.5919420363909335 -0.7299192146257681
vn 0.9187047179383341 -0.3671702854606068 -0.14549097124090812
vn 0.8814895140956718 -0.33649549884583746 0.33128087146086116
vn 0.987954009893866 0.07505148153074609 0.1353297803688137
vn -0.9737567709127527 0.012251680053339601 0.22726118770577552
vn 0.9136893969967598 0.39094921234487123 -0.1110423305889352
vn 0.9787125373206227 0.04914978398532373 -0.19926381514370484
vn 0.9932665806581784 -0.08848010223963643 -0.07478483305640199
vn 0.9604137789754781 -0.09686712537048725 -0.2611936698629967
vn 0.9743639268232831 0.22272973634101145 -0.031723849939365945
vn -0.7889793920420919 -0.5730373450761096 0.2216748070508121
vn -0.16198273508336183 0.8669606028146213 0.4713182647662002
vn 0.9990155289712455 -0.03640640123592642 -0.02534850731999061
vn -0.9665585703157716 -0.2371095144221647 -0.09769139327298415
vn 0.8983994525475512 0.3120854413986536 -0.30900016331592456
vn -0.9954196659492593 0.09101317325968883 0.02926244922536192
vn 0.20915049434097427 0.8730066256232804 0.4405854086721209
vn 0.6428194669824103 0.7655293164781779 -0.027349560890508218
vn 0.9488866362938164 0.10436738999831541 0.29786171181933757
vn 0.8662593542361144 -0.4837196962694801 0.12493993212496934
vn -0.9780485126397742 -0.20065069201319782 0.056217494765866016
vn -0.3362867304283418 0.5830395717365425 0.7395783208877104
vn -0.5502353876837411 0.7864357311367964 0.28064186952743786
vn -0.5406366275006377 0.7909781758815823 0.2864708751056231
vn -0.5850263941457627 0.7477284534856354 -0.3140800503069031
vn -0.598476204733214 0.7402259938727579 -0.3064175425187274
vn -0.4477449531601087 0.4578451010252891 -0.768050988142581
vn 0.9964027083177645 0.055933519328660974 0.0636638380286208
vn 0.27491423073134813 0.6733324747915528 0.6863275778609468
vn 0.44975253862834585 0.812055088615125 -0.3718725414058423
vn 0.19658242876203766 0.5037049600598881 -0.8412114252154953
vn 0.42848024119909006 0.8198338561189954 -0.3798382962038296
vn 0.5207091186100796 0.8240474971636158 0.22317646877458808
vn 0.5385003589161946 0.8164393525370692 0.208432596001635
vn 0.46248463900054604 0.597095418706951 0.6554273564993343
vn 0.9939590728856509 -0.09561360724954993 -0.05388320273541819
vn -0.9919610504955131 -0.11183518454301117 -0.059212885405701354
vn -0.9659915793680751 0.11793827916204169 0.2301104754205427
vn 0.9407338978752706 0.2685436194443126 -0.207132947268531
vn -0.681245348937846 -0.6881630717554841 0.24967250794312346
vn -0.43262586024855165 -0.8719698947146534 -0.22913613367497765
vn -0.9341065006093245 -0.30229667595136406 0.1898993555232823
vn -0.9671891824186969 -0.2534814729236242 -0.017094686213058322
vn 0.9844075314317062 -0.006438178460281829 -0.17578498775108164
vn -0.2115878731119637 0.8782339858162476 0.4288771830131125
vn -0.6815816252394555 0.48479073069658596 -0.5481098754507282
vn -0.24412095207448037 -0.8865893624219714 -0.39289217757350636
vn 0.9768688523058304 -0.20024825710265626 0.07501920368837839
vn 0.9796917274864827 -0.15901858537782756 -0.1221360249843843
vn 0.777572937210627 -0.6081544399341409 0.15977642036930811
vn 0.4359729221560067 -0.8517264992194314 -0.2906709164573651
vn -0.9664263467648164 0.0687775729614421 -0.24756769122069328
vn -0.966156445556561 -0.005145416081586418 -0.25790550091624526
vn -0.9660912837942254 0.041235524855069206 -0.25488676479321654
vn 0.9925974978535124 0.04473165327005302 0.11291273821263159
vn -0.9803649862482766 -0.13609643240650215 -0.14269637285032483
vn 0.9817270923793677 0.15112164919663928 0.11564671734398851
vn 0.507364363686611 0.5757387700921098 -0.6411756943878215
vn -0.9438971052851923 -0.19884671441541785 -0.2636631161168131
vn -0.9986266331198317 -0.01981301265111363 0.04850043456955751
vn -0.9971465803664317 -0.03226704889163628 0.06824613409824874
vn 0.3895565988882236 0.6915049534599653 0.6083309589384474
vn -0.8110530286301758 -0.12346048913048847 0.5717958485101831
vn 0.9204696519422184 0.09703220606461052 -0.378576770073926
vn 0.9153924348543157 0.16255435779340938 -0.3682835469768635
vn 0.9149111878671835 0.1427077531355072 -0.37758709658895195
vn -0.4793426556484164 0.7610817403013903 -0.43701853857214257
vn -0.9745447181482918 -0.17646846982844377 -0.13828040890044543
vn 0.9960775231199186 0.07432811507935712 -0.04800936621158659
vn 0.9943553764167126 0.08454465416790104 -0.06410605932989545
vn -0.38671115813593016 -0.8025501021704728 -0.4542772431889267
vn -0.5142956974275714 0.014289958441862368 0.8574938674388393
vn -0.6156944694036551 -0.7100100441617309 -0.34176901195867476
vn -0.5214193343097083 -0.07975335419734446 0.8495653478704823
vn -0.6796737632682398 0.16228214315476905 -0.7153377394894554
vn -0.5919392217437172 0.6773283240768048 -0.43684585286431343
vn -0.6001912199556316 0.3728519154126968 -0.7076382894256458
vn -0.3677181305892599 0.8424081857652491 -0.39386777602596734
vn -0.5230037078831188 0.3441907551303354 -0.7797434485927529
vn -0.4843122802183262 0.3940158755471293 -0.7811485806468287
vn -0.48325190735863754 0.40891720488983213 -0.7741151810805197
vn -0.5107192527236323 0.390342129027574 -0.7660279806923738
vn -0.48689376470455925 0.41377393039266 -0.7692370222624698
vn -0.46277026340639865 0.4312347653210024 -0.7745193738605335
vn -0.4356216583839156 0.5946822132982656 -0.6757120954471092
vn -0.4858659418264505 0.4259265067176055 -0.7632305663745613
vn -0.35835779859978933 0.8429602945128073 -0.40124509973031963
vn -0.4214768319354446 0.6065075335758419 -0.674170521350059
vn -0.37051459315074337 0.8385280023129877 -0.3994868278170498
vn -0.3610962715840169 0.8390064673380428 -0.40703517097796293
vn -0.420600812137099 0.6192073665863972 -0.6630815892443042
vn -0.440922478678171 0.6023915021658518 -0.6653659488692419
vn -0.47021454103284366 0.44279197166249423 -0.7634353641484741
vn -0.3059921412241637 0.46740402523669644 -0.8293987501205828
vn -0.29458553196585047 0.4841064299557603 -0.8239298081947792
vn 0.026009378747288543 0.5121392350332151 -0.8585085416912133
vn 0.03758694961808976 0.496780473129601 -0.8670619255483066
vn 0.22344997430691416 0.49876068521479866 -0.8374412742791604
vn 0.24600447008019746 0.480277246082636 -0.8419118526281956
vn 0.24619078926404256 0.47607851836304194 -0.8442389114668896
vn 0.2746308751195451 0.4558023550926261 -0.8466534683818926
vn 0.22550842965213708 0.4814598632073221 -0.8469606533223454
vn 0.24702237781009587 0.4553249670540284 -0.8553707495807268
vn 0.24670098599865065 0.46378924646537045 -0.8509043179878555
vn 0.2880613622522483 0.41506294754142076 -0.8629851685606229
vn 0.38568788432668066 0.44713347125412156 -0.8070418296270948
vn 0.49133661126743 0.23610940020908813 -0.838355942044394
vn 0.907059204404625 0.18832252355806708 -0.37653449619599305
vn 0.9154617395302876 0.15858879985572152 -0.36983698573358237
vn 0.984055668971755 0.1625692081558117 0.07215048803815705
vn 0.9791173861899402 0.20004008624978145 0.03623683145309337
vn 0.9476030243728811 0.09724773828223165 0.30428832642472425
vn 0.9551112857096196 -0.12729708216149102 0.2675030556522457
vn 0.9071281668484974 -0.07192995123212204 0.4146619961195252
vn 0.872554180595309 0.22841378239893131 0.4318290702764955
vn 0.9766965920305667 0.1560478495001857 0.14735275966959088
vn 0.20882042677506177 0.6447486174020536 -0.7353184682296655
vn 0.18668031241620892 0.6587759629331555 -0.7288104634386642
vn 0.20757225505470706 0.657871930082941 -0.7239601387786829
vn 0.1868835507532387 0.670690004576374 -0.717808788062117
vn 0.1768116250838003 0.880248122854726 -0.44034178934772594
vn 0.18795768289233653 0.8810102827863947 -0.43415756479230083
vn 0.1791990881411364 0.8827805578857323 -0.43426509579787836
vn 0.18568864071698427 0.8831820751355184 -0.4307077325379689
vn -0.5081742824668699 0.735352392662956 -0.4483478083409663
vn -0.8650712702777441 -0.45964340381310553 -0.20094685534029355
vn -0.9761272771412643 -0.21662527700066866 0.015780626893909855
vn -0.8261356474949051 -0.5251756029629077 -0.20418246249548622
vn -0.8135631225545306 -0.5497110670793902 -0.18955945861328166
vn -0.7986380308016126 -0.5863214025483936 0.1356632178263779
vn -0.985050457481222 0.034461009120132335 -0.16878398936646033
vn -0.993314312030277 0.03639120243710886 0.10955527326878883
vn -0.27238951195978744 0.8757675705233923 -0.39854123524908225
vn -0.12382904620465814 0.847412639274992 -0.5162927329655503
vn -0.32909787682816716 0.2464061550532084 -0.911580273052838
vn -0.3440948189159104 0.2306040007194196 -0.9101761095784842
vn -0.26863197697508273 -0.08174294176776109 -0.9597681763934515
vn -0.16243356924181523 -0.12665829380952004 -0.9785565963155253
vn -0.23553588296779587 -0.8060182307450374 -0.5430077895769273
vn -0.2193184224306614 -0.8008587816464385 -0.5572473790358357
vn 0.29514226148568484 0.8209419278155698 -0.48882041348492367
vn 0.3263175737389856 0.7982137483226135 -0.5063315643507376
vn -0.6441880470597792 0.6218468047176611 -0.4453406690251215
vn -0.5983852280641143 0.24250806730343377 -0.7636261887385811
vn -0.3368291245487809 0.8297734273796313 -0.4449968540005217
vn 0.04395967055729838 0.2717626257140612 -0.9613597779340952
vn 0.07676623133556272 0.24422266393132994 -0.9666758692285744
vn 0.08545872938165297 0.9032943978851526 -0.4204236391091409
vn -0.08448643709064116 0.8530083244214037 -0.5150134371213225
vn 0.015735019716291713 -0.07576202250525728 -0.9970017678522145
vn -0.07244255952102784 -0.12290420547859401 -0.9897709996992828
vn 0.16073603677998866 -0.798249391254372 -0.580484139182361
vn 0.13376099207281064 -0.7920100251934112 -0.5956745059114331
vn 0.9935944987832037 0.09340209066876047 -0.06360834415750095
vn -0.5288165106155968 -0.8010384019894603 -0.28051840695133806
vn -0.858130775774779 -0.3011928553649864 0.41580576660895696
vn 0.9899482472816428 0.12334844100852138 -0.06919270051653448
vn 0.14459378940471335 0.8672548213387243 -0.47640498625678035
vn 0.963110788845849 -0.07708272061287862 -0.25782913448957573
vn -0.40351198468798993 0.7438162768948184 -0.5328371462646823
vn -0.4203181382055076 0.7799673142060308 -0.4636632953617168
vn 0.480199439889086 0.7009955404600688 -0.527270092253775
vn 0.379086407662623 0.2985717731306379 -0.8758700770177472
vn 0.8577879963260242 -0.5118310027444735 0.04720993527395992
vn 0.22701090457454148 0.8303936476798967 -0.508834392604435
vn 0.19377375443106187 0.7921699230450582 -0.5787214745596341
vn 0.828023102510892 -0.47187684538953584 -0.302836563996914
vn 0.8220730182249119 -0.4893618837518229 -0.29106854766094375
vn 0.871582718043082 -0.3842846282604509 -0.30441565349265615
vn 0.9896069460017742 -0.111577506109034 -0.09071136949429348
vn 0.9536530237567984 0.2813752659203771 -0.10664834742157242
vn 0.9467548974034687 0.29036868646998865 -0.13907260751219566
vn 0.7890992182969705 0.4219906760336054 -0.446370130075715
vn 0.9713498534463467 0.05330113524727324 -0.2315997650929571
vn -0.7853288017127117 0.6163208648391254 0.05837178054873096
vn -0.24603608745090855 0.46996838073281955 -0.8477003980081763
vn -0.69255682485631 0.24597617813958628 -0.6781303445008112
vn -0.6818214371023823 0.29638354566878466 -0.668787202153601
vn 0.7178696849382741 0.6484639610711728 -0.2532935187455606
vn 0.7004481375683617 0.6820553136951762 -0.2101736321168488
vn -0.02748121843648843 0.48537383605628404 -0.8738747175111852
vn 0.7285937716593766 0.6843519616027526 -0.028522071271721135
vn 0.5099828222693099 0.3269678897387317 -0.7956189540665995
vn 0.49223026722710383 0.3892998772863768 -0.7785595478640963
vn -0.9590807883103862 -0.1641732122831925 -0.23067552506181932
vn -0.9265578065152362 -0.20633132045802627 -0.3145123485393249
vn 0.9581533451475802 -0.06761846697141874 -0.27815447166446405
vn 0.908574175357994 -0.00010221515944475182 0.4177235418606457
vn 0.9960363715764837 -0.02146854209023613 -0.08631713733247054
vn 0.9982994775208354 0.04978481679719733 0.030325322720409394
vn -0.05031621171112749 0.31600671663900276 0.9474217824591528
vn -0.35521550726542206 -0.3167634825134896 0.8794787317178825
vn -0.2830263951474901 -0.2913800069896722 0.9137799249143722
vn -0.9623472574861996 -0.06468297517124717 -0.2640149024804971
vn -0.9754444110774965 0.023475806302583918 0.21899106697790127
vn 0.5163740328169494 -0.2340475605416943 0.8237594294676343
vn 0.5765616181303841 -0.2512008790063738 0.7774797868017524
vn 0.27212261824850276 0.3293800462248991 0.9041338760307919
vn -0.9490305594442897 -0.05202724053367187 -0.3108603601029088
vn 0.9301232146224239 -0.07497623702476358 -0.359512683367437
vn 0.8959134310921507 -0.11437624282662198 -0.4292519063039273
vn -0.9117042165866656 -0.08259398687464642 -0.40245950701933386
vn -0.504205932719626 0.47322520331972595 -0.7223809828292381
vn -0.545182656943052 0.439167627619073 -0.7140781927912027
vn -0.7730146200538366 0.43455640410210833 -0.4621786763113025
vn -0.7133243190596852 0.2829525083421066 -0.64117571215771
vn -0.958465584320114 0.11490734377247921 -0.2610364457715742
vn -0.9621043062695461 -0.010985034987048671 -0.27246033264299063
vn -0.48777345285287005 0.5440672900644783 -0.6826916160125915
vn -0.6033320673304062 -0.6904245959888251 -0.3991294198433457
vn -0.41349391161818044 0.6834217770313087 -0.6016290050638056
vn -0.978654187957235 0.024961920299683804 -0.20399235997634185
vn -0.42971265163136785 0.41887550876250107 -0.7999314628059675
vn -0.4750561983599271 0.47127988907654933 -0.7431129621745332
vn 0.256588242596894 0.6077617396234835 -0.7515238796012237
vn 0.8467876508530185 0.009348011561081782 -0.5318489344190513
vn 0.27143170323789734 0.5325954834818305 -0.8016650681251675
vn 0.31815184152815423 0.5055929713905903 -0.8019695461878076
vn 0.6296361150787442 0.5336809169910204 -0.5645733268833819
vn 0.5387794135936809 0.3709512873270209 -0.7563807810343117
vn 0.898640507509865 0.22151169040599722 -0.37865262349004036
vn 0.9145230618893985 0.09522907173884296 -0.39316535092527904
vn 0.23501223903162094 0.5256263660500718 -0.8176100359085255
vn 0.18030201658721884 0.4679184323221256 -0.8651840980437555
vn -0.2893124197933888 0.3774708432423628 -0.8796670314699726
vn -0.3105757293073409 0.4181445402297084 -0.8536380145244817
vn -0.5106858162067746 -0.6783839511088905 -0.5281999734978324
vn -0.5291286837814326 -0.6886248006924651 -0.4958010890175528
vn -0.8352844048885116 -0.5131830821084875 -0.19734002935967732
vn -0.5197223824360144 -0.7820325311613429 -0.3439676807498298
vn -0.916129997166031 -0.22723788334249623 -0.33025561716129836
vn 0.012593844561291843 0.4024011408980565 -0.9153768168809547
vn 0.03932025324291084 0.4498809295506509 -0.8922225433778033
vn -0.9716242444875057 0.2290056138983191 0.05918408846250722
vn -0.9653957275221678 0.20924430190211396 -0.15565317665708342
vn -0.9114101202469668 -0.25046764186086523 -0.3264928071061706
vn 0.843325720319603 -0.44509741404784203 -0.3011478398649859
vn 0.496610520657173 -0.76144457055496 -0.41662951977144425
vn 0.46214157213919427 -0.6779783891903974 -0.5716384093913809
vn 0.424360226611128 -0.667265750757944 -0.6121068664342768
vn -0.9136458694481107 0.34133910965566927 -0.2207687420353732
vn -0.9349777474429593 -0.2861179393920374 -0.2096500334952141
vn 0.8799539531446847 -0.14446583972468952 -0.45256011920813627
vn -0.888795836365933 -0.0407980530402437 0.45648382241510743
vn -0.9887749221255724 0.09770392200916017 -0.11304024504395027
vn -0.9502682560263371 0.3000335681438087 0.0834871222138963
vn -0.8641073772716126 -0.469542846052852 0.18124005149349062
vn -0.6869684155093106 -0.6033834237166248 -0.4049726411458326
vn -0.7478526517781707 -0.33961017781554603 -0.5704220703588279
vn -0.5740585635467799 -0.5285713733023716 -0.6253551542474508
vn -0.5497732937027966 -0.5516392762328576 -0.6272506950561854
vn 0.9729406285602665 0.11917392820321054 -0.19794976164009337
vn 0.5596970973982024 0.39496754770617604 -0.7285189053298456
vn 0.8764543793021152 -0.18256521767995537 -0.4455307647016249
vn -0.33675293944651397 -0.42080977413530474 -0.8423280784624994
vn -0.2147710403707931 -0.5696114974924219 -0.7933575121863332
vn 0.4330583246333293 -0.5395098246230385 -0.7220731518350425
vn 0.466521613128983 -0.5054518809823861 -0.7258622324483479
vn 0.6457749442819753 -0.5737610601567413 -0.5037588383199088
vn 0.6512883171986151 -0.28502065841673985 -0.7032686201987719
vn 0.139322558262928 -0.4105294278507038 -0.901140840062
vn 0.04173727118613524 -0.5657439846809511 -0.8235239790019807
vn 0.9456863272702394 0.19036562020840836 -0.2635114818310464
vn -0.6730007203844541 0.5348731802111946 -0.5108627129207697
vn 0.8171132309127052 -0.3529546820429702 -0.4557948664600626
vn 0.8217869431164128 -0.2982888920852446 -0.48547910045844334
vn 0.3259899666172862 -0.1772365415941909 -0.9286106557586937
vn 0.27077006576262685 -0.24704055058373564 -0.930405577076034
vn 0.9471978325493473 -0.31812853920055467 0.04013101742966458
vn 0.9480414280872429 -0.3153509595171472 0.04208589979928895
vn 0.716032506447768 -0.21678978135225563 0.6635507820893352
vn 0.6432395495677248 -0.31889967903059285 0.6960932958922214
vn 0.36783209719807 -0.15088527084243125 0.9175691708605275
vn -0.35670026770216773 0.4453551816793183 -0.8212330248915855
vn -0.3455629256792885 0.45452506747152716 -0.8209709053529086
vn -0.9330603984933087 -0.03316986162225832 -0.3581871759896891
vn -0.727418883959692 0.36320133562154844 -0.5821911688282118
vn -0.9300608022256275 -0.06705422801351425 -0.3612348746576584
vn 0.9503308297933496 0.30840289645408364 -0.04194004533874258
vn -0.07845979179453737 0.6923314795959628 -0.7173013198315078
vn 0.9857212707637099 -0.07912616003361717 -0.1486358878680094
vn -0.9236889095944085 -0.032322818508443596 -0.3817774661972114
vn -0.9251832957745038 -0.12500177667579238 -0.35834400378368636
vn 0.07794315924402476 0.49125172939068346 -0.8675232574967218
vn 0.09700450020818724 0.4794477615864938 -0.8721926225605561
vn -0.8364473506259493 0.5472114528825482 0.03025649459208765
vn -0.8023256699463867 0.5926952951166646 0.07061024353202537
vn 0.7153510367296817 0.6849550236792286 -0.13823715052892666
vn -0.961901081642787 -0.08999507795512474 -0.25816118042472536
vn 0.2429357211602987 -0.3162023282338319 0.9170596071160423
vn 0.03913285725570431 -0.3373205008991983 0.9405761527681418
vn 0.24580861188565792 -0.32817038494190054 0.9120758327956786
vn 0.03618349018800932 -0.33930047630078036 0.9399818837721704
vn -0.5365116388430623 -0.18551926302105567 -0.8232483613309267
vn -0.4693745432731262 -0.26778413576534144 -0.8414149955637549
vn -0.8572556416476671 -0.37703663978221325 -0.3506510189989251
vn -0.8544553388996773 -0.388254509910463 -0.3452021282669383
vn -0.8870876620788961 -0.4407507312388661 0.13716512931428113
vn -0.888333654299744 -0.43732170519082975 0.14004658084883106
vn -0.5758565135415832 -0.7986946746436931 -0.1745740315955887
vn -0.5529881926492302 -0.6392718074421466 -0.5343553265386142
vn 0.5607773276731951 0.454022384228124 -0.6923817324189885
vn 0.8715890008106222 -0.006968715561762569 -0.49018777082803755
vn 0.8722977376498743 0.00920044338813697 -0.4888885442842499
vn -0.8383382320852926 -0.221501979726696 -0.4981223560544746
vn -0.9063587471487138 -0.20755061922373 -0.3680170674396234
vn -0.3025448234654554 0.10608879746336114 -0.9472126460552743
vn -0.2952415005092711 0.11230906189692336 -0.9487987831952922
vn -0.9091076972862434 -0.01785234002943581 -0.41617843371608954
vn -0.907237915045846 -0.030158605182783134 -0.41953524766900735
vn 0.871400827402314 0.0017618530460724864 -0.49056854146633433
vn 0.860963748279886 0.062002169101296495 -0.5048734050973406
vn 0.022548534469676196 0.13967698151962685 -0.989940353974337
vn 0.04033162176448568 0.12825833789402216 -0.9909203595882514
vn -0.6025841029072635 0.1929821957336425 -0.7743708872712551
vn 0.7467457471043304 0.6649006057597451 -0.016672541555487808
vn 0.7774288210829946 0.6259744072884772 -0.061322667663309294
vn 0.7984599508899662 -0.5996551698797852 0.05362260774373925
vn -0.9033149845723383 0.09171673850035555 -0.41905856216754916
vn 0.6013603019109894 -0.7592396792042742 -0.24883909822878436
vn 0.4778944058819815 -0.6203219897233605 -0.6219465940837356
vn -0.8124982962031596 0.5585938286292664 -0.16679164632636814
vn -0.7926509233969403 0.5957568515351762 -0.12953102905046396
vn -0.7702201040806782 -0.6107165049292438 -0.18381061415750233
vn -0.7243806730621448 -0.6445116834049356 -0.2446984479897048
vn -0.8910023244694851 -0.11363029759735932 -0.43954864720291204
vn 0.7599791655065112 -0.14991980901933055 -0.6324205237495335
vn 0.8611977221763089 -0.1234603135789986 -0.4930476998114005
vn 0.3920376814733862 0.2530994891009628 -0.8844473443466284
vn -0.26197748298424467 -0.8969626465722425 -0.35612611398682664
vn -0.22843358924788504 -0.8657698329798896 -0.44526474327674154
vn -0.35464597971314304 -0.8825286211928702 -0.308819464815151
vn -0.34231329791505244 -0.8597685998641561 -0.37897171498431026
vn -0.619159569766533 -0.7236996274990021 -0.30479546637758215
vn -0.6203070829276826 -0.7243509351037485 -0.3008900890426176
vn 0.8312146594053321 0.10269581311974947 -0.5463842603492083
vn 0.8274834609970978 0.06214769125982826 -0.5580401296030042
vn -0.6805090508037148 -0.20482158587211122 -0.703530773836554
vn -0.9302205498158025 -0.27197152283783627 -0.24641675970934845
vn 0.8171501876953287 0.18480287419707056 -0.5459976817148504
vn 0.6127857283196864 -0.6909801133120776 -0.38345812571249555
vn 0.6109197381504837 -0.6907217805893257 -0.3868856360187798
vn 0.3085435191536295 -0.8506643283777511 -0.42564198243820284
vn 0.34099289082712336 -0.8694631288286032 -0.3574321138523195
vn 0.24063081977847162 -0.8887183769169694 -0.3902261589166059
vn 0.17687235400973875 -0.8601753787802005 -0.47834557396028293
vn 0.8113539176240734 -0.11638223790372199 -0.5728525072447447
vn 0.9083624702487243 -0.1887801699480016 -0.3731483218212821
vn 0.5259880886535857 -0.15913259729401985 -0.8354719307511216
vn 0.9742712111560936 -0.2187921880049139 0.05408868255431119
vn -0.5033621767339367 -0.38948443894809437 -0.771316012313346
vn -0.6270682191130635 -0.32441754904666725 -0.708193972333092
vn -0.7186332489391003 -0.40321270407136767 -0.5665560597105009
vn 0.22827612656166302 0.608282268200235 -0.7601859589831828
vn 0.4865416902791532 -0.2862857836486465 -0.8254196712587996
vn 0.6288012127200522 -0.36086592822238495 -0.6887559921554137
vn -0.9583980958860808 -0.03687279689665752 -0.2830432593278858
vn -0.9819757247793406 0.06467886717291361 -0.17759594613987603
vn -0.8111155550719606 0.18980953933482403 -0.5532304177264726
vn -0.8420313335757295 0.484720543853865 -0.23670493793474645
vn -0.5751766632747406 0.495976658494676 -0.650522067460122
vn -0.5126636407212647 0.5546659782776968 -0.655379007921114
vn -0.35007939612103317 0.5434780159368371 -0.7629390949511577
vn -0.4110777538110484 0.48013022233273517 -0.774912930544059
vn 0.16257230516628118 0.5277561780496602 -0.8336927864167574
vn 0.09364203842661661 0.5852035795661402 -0.805461320674236
vn 0.2878526689526088 0.6238077040497864 -0.7266393805354854
vn 0.36101726919140104 0.5738455907200672 -0.7350971155954299
vn 0.7420804030869222 0.5816855072478316 -0.33310455717714826
vn 0.67670837007599 0.28879772105271917 -0.6772456409485799
vn 0.9407324274104321 0.17175280285681713 -0.2924439685295352
vn 0.911322536699628 0.06260279869494349 -0.40690554640962484
vn -0.728270634097465 0.23192326376558564 -0.6448515203018403
vn -0.7845585871540259 0.2092011784699318 -0.5836974303949527
vn -0.7742590326011313 0.07780283504579895 -0.628068204333253
vn -0.8057436998269384 -0.0546225762122165 -0.5897401668168256
vn -0.6432851361799772 -0.32929071791432635 -0.6911959611176673
vn -0.559765882023774 -0.3645381508595771 -0.7441599921320862
vn -0.48127599829597406 -0.6324188625336284 -0.606975943325504
vn -0.44487193996568986 0.41541709577028935 -0.7934214476386064
vn -0.32486886242493024 -0.20362632900349653 -0.9235781181704618
vn 0.5595227717293297 0.33607626160461934 -0.7576193069756025
vn 0.4998580892984208 -0.2973806154285753 -0.8134535390114508
vn 0.679578963198526 0.04923147099636957 -0.7319485603794507
vn 0.6361631757765084 0.1510515328091779 -0.7566239807341194
vn 0.6368427515809106 0.28305106074766634 -0.7171564730018657
vn 0.37327495592600163 -0.6221596854912519 -0.6881737665937785
vn 0.39573979814932037 -0.34077443334082846 -0.8527970436991281
vn 0.19701814851684904 0.48005815438919763 -0.8548263084155927
vn 0.08653513824044655 -0.18356401937860697 -0.9791914627075121
vn -0.1567148032194683 -0.8745301121973098 -0.4589526700129811
vn 0.09951654928746742 -0.8723189329651031 -0.47870255442031984
vn -0.605765447042387 -0.549126326132418 -0.5757677492859863
vn -0.3263013889097592 -0.6626763473599807 -0.6740826820540611
vn -0.30996880346382827 -0.6193459619295995 -0.7213389774029281
vn -0.4756362655427915 -0.6089877513115651 -0.6347472423358691
vn -0.6614580726545961 -0.4050661546863237 -0.6311850984043449
vn -0.7566992977532017 -0.036057888435706176 -0.6527679537640997
vn 0.9676948800173731 0.24623567876453786 -0.05417203791190689
vn -0.30324489900601526 0.09819135313310412 -0.9478401708076747
vn -0.30246595727564346 0.09881525928427473 -0.9480242028671579
vn 0.19831586742609375 -0.6537218873322073 -0.7302865949405433
vn 0.35512410574203435 -0.5955201605848279 -0.7205849067652896
vn 0.05910624385505181 0.10349234725438469 -0.9928724923156675
vn 0.019306725247747125 0.1282139522653173 -0.991558587681391
vn 0.16561501405178408 -0.6116676472390248 -0.7735853905301622
vn 0.5352619033457555 -0.47390112249577643 -0.6992227262639011
vn 0.6155627876997405 0.059281399771303575 -0.785855056636069
vn 0.5418703636849242 -0.3908442587769378 -0.7440546178480947
vn -0.13034732232836177 0.03147824307579822 -0.990968564473509
vn -0.14246425862784934 0.012289936608986918 -0.989723644494646
vn -0.13381095776282245 0.01842208503348097 -0.9908356343842379
vn -0.1441346228863714 0.017450079252058825 -0.9894042173042829
vn -0.1548234526220572 0.023161250470810024 -0.9876706207004511
vn -0.14141140729680446 0.006495756698089161 -0.9899296030684489
vn -0.15604428324884762 0.04959848941398426 -0.9865040149503723
vn -0.11617291652249387 0.0016624644722868505 -0.9932276122211545
vn -0.13834584667391803 -0.011898358646754259 -0.9903125040963535
vn -0.10046495844033734 0.040855908289343386 -0.9941013966811607
vn -0.1555460653509836 0.001955320566770835 -0.9878267045769257
vn -0.11948086100750033 0.003405285920836776 -0.9928306642528241
vn -0.7638158089058193 0.1043556968486627 -0.6369421469810101
vn 0.9668877224084099 0.2511447422130532 -0.0453260489632289
vn -0.019147445084322187 0.7320775364541248 -0.6809521686330123
vn -0.292767442591965 -0.11814562739394574 -0.9488565936356512
vn -0.25461958389173045 -0.14702403304898565 -0.9557995612076902
vn 0.6177585428321073 0.18625294340717313 -0.7639922930436641
vn -0.6241933825880424 -0.04540111292923077 -0.7799495881645717
vn 0.10768580464184968 -0.9880484538824653 -0.11029061727593648
vn -0.6257864079937754 -0.0700850589765068 -0.7768394017288951
vn -0.5852536811299841 0.04142199024570959 -0.8097915456757298
vn 0.048006941613231324 -0.10853369147523592 -0.992932913832401
vn 0.013636931154613396 -0.13653337048059755 -0.9905416058166827
vn -0.5705750561137443 -0.2614029709752023 -0.7785323320878428
vn -0.5092647778976277 -0.7546563307593345 -0.4136945835247765
vn -0.774541016290535 -0.5267047235118589 -0.3502404150207708
vn 0.8938608659483993 0.44822999033054833 0.010130552514767579
vn 0.4427366530121342 0.08164679168438825 -0.8929266809135336
vn 0.44043001996448783 -0.0227803015441821 -0.8974978860006506
vn 0.38224305598417324 0.08023096650019057 -0.9205722340839558
vn 0.4002774902663824 -0.20814370282803818 -0.8924427879472608
vn 0.07117861649576684 -0.9929052311685979 -0.0952512806831583
vn -0.05774000192384994 -0.9932106735898937 -0.10098836588906487
vn 0.3626037831266456 -0.32147989279233524 -0.8747394897868012
vn 0.748181839776755 -0.4803565301042503 -0.4576915321638306
vn 0.4534580276282011 -0.7469109274422919 -0.48631253700355825
vn -0.012826650375894862 -0.9887608857200851 -0.14895431484239444
vn -0.5063429823738967 -0.12435312327305728 -0.8533188647469032
vn 0.2327760539445815 -0.46206454537661285 -0.8557521046517464
vn -0.4035180908786231 -0.4743989668222053 -0.782380195692411
vn 0.06076139489174459 -0.704530715463982 -0.707067552542626
vn 0.37706134216975734 -0.6063478354649636 -0.7001193088810611
vn 0.4094174646327522 -0.6470579772460999 -0.6431899515196694
vn -0.19217593485661028 -0.7059011137537753 -0.6817419069289842
vn -0.4887782922758861 -0.616506672851327 -0.6172643706951306
vn -0.50162831208951 -0.6583111588135183 -0.5612445587191309
vn -0.020252441570789762 0.9981329984306737 0.057622530786271234
vn -0.04464028286792776 0.9935159832669341 0.1045621161731553
vn 0.2459640791558964 -0.028376212017611917 -0.9688634900524034
vn -0.5323746002533527 -0.6401413491353005 0.5538919913957234
vn -0.7365337641717467 0.66247644556462 -0.13653927386310888
vn -0.7208035528582311 0.6759224618947055 -0.15352870641398575
vn -0.7910095205606197 -0.031778870952346217 -0.6109779388353173
vn -0.4552737050400414 0.06376481538110562 -0.8880652576351171
vn -0.44980109547498015 -0.09128419327537024 -0.8884515578058112
vn -0.42415262676378573 -0.013179288366323927 -0.9054948125569456
vn -0.634290292740339 -0.33899889248270587 -0.6948061423381877
vn 0.07142523711414883 -0.9929772343161992 -0.0943114395656198
vn -0.005573482292640486 -0.9989535795214426 -0.045394738202025886
vn 0.969009402789709 0.17083356653339596 -0.17842833253329282
vn 0.8205525897055141 -0.5594905043647661 -0.11689235669295903
vn 0.20802217524829175 0.06159131870084614 -0.976183017710132
vn -0.314590263942814 -0.29084818114490585 -0.9035708612815547
vn 0.18223048848225934 -0.0019581628386759757 -0.9832538912538382
vn 0.21323165430230523 -0.06544215194469935 -0.9748074611698194
vn -0.957681205159381 -0.018309833715560442 0.28724807966944566
vn -0.9508198527118531 -0.18551637726925585 -0.2480429024461318
vn 0.63794839543303 0.7418550943973001 -0.20657411183687957
vn 0.6109153684250568 0.7584489222901227 -0.22701904082924101
vn 0.0107581760468346 -0.9920287769098488 0.12555145332052017
vn -0.09135997357076606 -0.994296674480967 0.05502252579843031
vn 0.04874724360666788 -0.9869779661279561 -0.15329122812044899
vn -0.005364541523446453 -0.9957640860140509 -0.09178837997723466
vn 0.11492196415860328 -0.23737796685514037 -0.9645955852094954
vn -0.04684717664690633 -0.9791858604244049 0.1974851710512245
vn -0.3123003423012225 -0.030447255412225316 -0.9494953716771883
vn -0.3078708999453161 -0.01896801462271369 -0.9512390463958751
vn 0.6599939364216202 0.034646228583480314 -0.7504716135415354
vn 0.4972571664235409 -0.3012818741835511 -0.8136120345280532
vn 0.10781045396815953 -0.9916239070637627 0.07112617629802381
vn -0.008111771118840929 -0.9972852157864899 0.07318741382922424
vn 0.17702429434164382 -0.9666062716553457 0.18529628924885505
vn -0.1512205179685896 -0.9444039259202553 0.29194790571559265
vn -0.2748318854126976 0.1932530326072434 -0.9418708510982841
vn -0.3078137679488353 0.1541631185047896 -0.9388740155920916
vn 0.04658027872873321 -0.011810460021302701 -0.9988447280071306
vn 0.05149014905173538 -0.02111486393975226 -0.9984502626928573
vn -0.7883363008624389 0.6014742129432668 -0.12943974624049656
vn 0.03695341321468765 0.21870414998171708 -0.9750912470289943
vn 0.3131288785651603 -0.9091903810056244 0.2744506449170283
vn -0.3545387271131553 0.5137748347895059 -0.7812411344226569
vn -0.02728534767658941 0.1327678086789488 -0.9907715270337344
vn 0.08541020955244813 0.5155468108127419 -0.8525940311572782
vn 0.18748675141161905 -0.9813235395751467 0.04304449698653085
vn 0.10233869576964885 -0.9867347513919338 0.12602111626098997
vn 0.10489761390992672 -0.9885986110262013 0.10802442720546793
vn -0.3609350300465055 -0.5120264540590439 0.7794580260854655
vn 0.3623835707110704 -0.6357356360339177 0.6815558295218704
vn 0.005832404230938892 -0.993499321227307 0.11368852968425397
vn -0.094987421160184 -0.9917065656914235 0.08657642511596715
vn 0.1497509463598704 0.9841545274085585 -0.09494482737653592
vn -0.0181970448015652 0.995546537884203 0.09249842413396603
vn 0.09519248338199868 -0.7871089659284102 0.6094242092850242
vn -0.12143998229419428 0.7978475522475433 -0.5905011550141028
vn -0.23449458740078102 0.9703749745114887 -0.05817815158257847
vn -0.04080691583239965 0.9951317243094528 0.08970867791436055
vn -0.14838312871446144 -0.9880014641885775 0.042843364411945584
vn -0.10529666607197463 -0.9911869650880398 0.08038042270160285
vn 0.01190029706920984 -0.9935630784831162 0.11265341541567972
vn -0.4205537052530966 0.36345271826313663 -0.8312861737001457
vn -0.1532285083721136 0.7440926971785893 -0.6502669315193179
vn 0.09589142681424251 -0.9895157896333437 0.10799692740920441
vn 0.20423278169948217 -0.9769268271129091 0.062473557177385064
vn 0.2361890131428088 -0.9714814376436975 0.020941976610644064
vn -0.08534609813888137 0.7464565378113299 -0.6599383915875716
vn 0.16215556105379203 0.4052368819162259 -0.8997158682351585
vn 0.199283571409973 -0.977147229165434 0.07395505865322159
vn -0.600693717328849 0.7272521351886294 -0.3320713625491189
vn -0.6931051345767572 0.5157790448340187 -0.5035645433640485
vn -0.5448529082199717 0.6507700177033379 -0.5288040208457541
vn -0.4310435494323163 0.9019263539233063 -0.02702425931271884
vn -0.3233843114785971 0.04185727769824549 -0.9453415019944938
vn 0.04891888504508657 0.9920350922700922 0.11607462423206522
vn 0.0786175299348374 0.9914231232249697 0.10440054943242102
vn 0.024489071406021024 0.9992445829529264 0.03017530150475667
vn 0.1178717883407002 0.9624331855945902 0.24459886504155007
vn 0.0449762384381237 0.9637498204080908 0.2629893945377449
vn -0.10489274122858852 0.9621254231732808 -0.25161912272557524
vn -0.04239951065092865 0.9655720234189271 -0.256657259954284
vn -0.052204263486204605 0.958922294589164 0.2788238652155074
vn -0.12749515211431237 0.9541339279075588 0.27087531043460183
vn -0.09340190446404108 0.988246957367507 0.12101254272328602
vn -0.12693328274117135 0.9854506011104337 0.11302678666420093
vn -0.09675169323010605 0.9945627803771566 0.03852253555475716
vn 0.4417883708732434 0.803149490870782 -0.399717313454358
vn 0.5191797439467525 0.599805966074962 -0.6088392205962638
vn -0.27920588897432685 -0.1214934834891164 -0.9525142545031731
vn -0.2932776986791629 -0.11147546556437421 -0.9495058778304957
vn 0.05521358655461811 0.06360199131521774 -0.9964468107031679
vn -0.8323746245727719 0.4866487370652969 -0.2651895380291026
vn -0.7657053063339359 0.6083631205486166 0.20878145848806337
vn -0.5158602232527356 0.2311510624161513 -0.8248984279349321
vn -0.5580574887869746 0.17031204477558928 -0.8121364704365479
vn -0.8693026124644758 0.3034512286593606 -0.39016704087808607
vn -0.8703139385114179 0.2916710596859765 -0.3968395662914716
vn -0.8814362909128237 0.3261209984065626 0.3416360043381712
vn -0.8782734949438686 0.3483455201610196 0.3275531508974246
vn -0.5338176569037543 0.23777277321301538 0.8114818651679022
vn -0.4220172605490541 0.3651182429911947 0.8298132925144636
vn -0.10800518773305506 0.15543843565136206 0.981923506259528
vn -0.09920448616367125 -0.16980293848839223 0.9804720454993654
vn -0.42980955970469187 -0.37839655003010747 0.8198047287688521
vn -0.5275885954862567 -0.27758462806752476 0.8028680141676171
vn -0.8704126639085349 -0.39498333492368803 0.293887665001799
vn -0.8701800890508616 -0.3962190014494463 0.29291144653263107
vn -0.8364622025785012 -0.3318255239777129 -0.43614539467296787
vn -0.8278574554669513 -0.377330920245603 -0.4150583212687
vn -0.537729913259904 -0.19724629191686494 -0.819719733024979
vn -0.47087455322490723 -0.27554670507711443 -0.8380639405477304
vn -0.2927908086963472 -0.46880572198826426 0.8333635085447416
vn -0.05594543035813382 0.9898344600747724 -0.13075874911655885
vn -0.05795725606221945 0.9893908651417935 -0.13321663726318897
vn -0.08535950742027913 0.9339136369596324 -0.34715857067599437
vn -0.08137895505383859 0.9310563245372714 -0.35568467244666635
vn -0.12892348655984837 0.5583795339878292 -0.8195065775433334
vn -0.13106136057951678 0.5641916349803906 -0.8151752687497331
vn -0.11444695472642108 0.8753978547038945 0.46965997331438397
vn -0.8261138957065397 0.5065031581416706 -0.2469623090940773
vn 0.1689949347581126 0.878167302365128 0.4475074313157886
vn -0.9621417436376014 -0.09057244111472157 -0.2570601059295599
vn -0.9802684119280295 -0.07844434492090933 0.18143959139622443
vn 0.7761107221824712 0.5946863588537957 -0.20976244064802857
vn 0.7786563758040723 0.612308246259027 -0.13701408680446708
vn -0.2525244460884278 0.8757416809891264 0.4114704270127708
vn -0.9787869396642768 0.08727807023358376 -0.18536090526036308
vn -0.2620821118350843 0.8783479298866567 0.39977228608282434
vn 0.28225179684543816 0.8835253708141297 0.3737871617716108
vn 0.34442982893171403 0.1658244937981843 0.9240510430699411
vn 0.35920724393553705 -0.14016395320412695 0.9226723265203238
vn 0.5760032365183605 0.38959592465243065 0.7186343207881122
vn 0.6739063653356625 0.2828424087023885 0.6825323308089571
vn 0.8804697343183332 0.4208466101694603 0.2183144009411156
vn 0.8894184734369508 0.3920707786265435 0.2349793260188226
vn 0.6405459960768659 -0.3179830824278553 0.6989904049409945
vn 0.7071233022493146 -0.22439673223512435 0.6705391427636589
vn 0.761922664747523 0.383840473819021 -0.5216707233518313
vn 0.7620048764540991 0.38263791730184726 -0.5224335292676747
vn 0.9309488974420126 -0.31404368443329306 0.18630811742665276
vn 0.9242783629703546 -0.34439631589824266 0.16462285789209008
vn 0.3446832452983571 0.2196313869399522 -0.9126639656968087
vn 0.26522477702641445 0.30284238593085333 -0.9153918870817006
vn 0.7879706976113621 -0.3204355850377055 -0.5257596556863287
vn 0.7893193146504051 -0.252120352665065 -0.5598306416157108
vn 0.35516625794213585 -0.1297434344635444 -0.925755675344734
vn 0.2602493851118866 -0.2544402573010038 -0.9314131269278334
vn 0.06318585314356573 -0.06833849635523984 -0.9956592780054956
vn 0.026809188113050948 -0.1003503472782929 -0.9945909084813944
vn 0.28965535901717804 0.8876180575430601 0.3580976918609149
vn -0.7222674766972986 -0.1811264469044637 -0.6674750200097993
vn 0.7203034232956779 -0.602706515940276 -0.3433771017870317
vn 0.7838109251109893 -0.55503559971764 -0.27852453522577625
vn 0.9956940560900953 -0.051473344218886885 0.07709631315295207
vn -0.5019191100587725 0.8261597290240007 -0.256002556816919
vn -0.7849896575169552 0.023900533753011106 -0.6190476573558249
vn -0.45304310536107706 0.26263657863059464 -0.8519236892175306
vn -0.21947857008601582 0.9492157622383601 -0.22542979836580396
vn 0.5886366771741726 -0.12349225516249593 -0.7989095851222652
vn -0.5238649981283415 -0.7769741769417704 -0.3491082813421236
vn -0.3907082122813755 -0.4508058799406163 -0.8025715865060629
vn -0.5285339073197161 -0.7752835429369291 -0.34581402063033334
vn -0.5157235452712862 -0.8527436047520738 0.08281044262202115
vn -0.5256894256855648 -0.847320829522692 0.07548536003331043
vn -0.3330547431171327 -0.6678482352525218 0.6656224701415007
vn -0.41065849087228556 -0.8926760835216776 0.1857121799530011
vn -0.7895916894771449 0.5062628701569583 -0.34676053727185696
vn 0.5958149563603347 -0.8027378723895757 0.024828330769303915
vn 0.6007386034535186 -0.7992028940145963 0.019694276310903785
vn 0.49904937751768397 -0.7500698207357438 -0.433987307211468
vn 0.5020378991416358 -0.7488985453264533 -0.43256088199625153
vn 0.21296199516515973 -0.43878775087923605 -0.8729905487997084
vn 0.5291460736908629 -0.6044598564933801 0.5955104655550113
vn 0.5238155358145793 -0.8410392952476606 0.13516726041687577
vn -0.2145218393110852 -0.85542725466814 -0.47140703476880597
vn 0.9831085863062202 0.10250341600520174 0.1516263738214753
vn 0.9775543867708191 -0.09930612642885481 -0.18581096350545184
vn 0.14610658387411737 -0.8473453705183234 -0.5105474407043885
vn -0.6949368471925582 0.5228496996976952 -0.4936506557679194
vn -0.38307280491786505 -0.8905949614020233 0.24514453054818047
vn -0.1912907135606566 -0.88213106130733 0.43040986696666067
vn -0.6900578910709558 -0.7221214897864705 0.048586633545381785
vn -0.95262711883775 -0.2752637775435919 0.12935001054240236
vn 0.36885067322365744 -0.8394626907787784 0.3990633679666777
vn 0.5137470575363647 -0.8357913779257846 0.19369236809344192
vn 0.6146529696424226 0.6376149803744142 -0.46438008539545156
vn 0.6918787904344598 0.6619102895466227 0.28840684447366205
vn 0.7570404817242278 -0.6521698545430221 -0.039549840152431855
vn 0.9593893787353465 0.12784251918953668 -0.2514524015734965
vn -0.13734950880883656 0.8320565475098828 -0.537416983520158
vn -0.608371984119727 0.4982247715457611 -0.6177828145524937
vn -0.5834461679229992 0.7811946054165118 0.22209357848462824
vn 0.058498093500350117 0.8336732819785132 -0.5491510101711538
vn 0.43986555027044344 0.7509677389740724 -0.49250964732221214
vn 0.9901128114133083 0.14025208048587712 -0.0024442983896830754
vn -0.10671877404089349 0.9082055496440851 -0.40468973654256923
vn -0.12110707785261313 0.532192012674463 -0.8379169036005334
vn -0.04105847923487277 -0.22887244349637748 -0.9725901530916901
vn -0.205915005219382 -0.238844327768157 -0.9489743925514952
vn 0.8975544507602513 0.4216370758542761 -0.12891153627786495
vn -0.03408039541688989 -0.24479698297781904 -0.9689752131882352
vn -0.20951821949551203 -0.252232372555525 -0.9447120968498506
vn -0.1158960454961917 0.007489084344930619 -0.9932331147590777
vn -0.1618110065298164 0.01766621783979766 -0.9866636219670029
vn -0.97260810306309 0.15243276915371357 0.17549281678789208
vn 0.3947941897960946 0.7644888399749538 -0.5096021597844687
vn -0.2152515938748513 0.12336033287305312 -0.9687357635639275
vn -0.062012873079095185 0.13296009669883582 -0.9891794661527867
vn 0.9774735716519245 0.0998337791789462 0.18595330934640408
vn -0.8501276722578048 0.510340938686558 -0.1297500179655067
vn -0.36494486907425766 0.05957293825807626 -0.929121255576296
vn -0.22077327225602872 -0.7316537362833122 -0.6449356343388346
vn -0.09978734995328097 0.8529030329066659 -0.5124440469435783
vn 0.10043794479667892 0.08702509388096562 -0.9911300884747817
vn 0.09915478418110646 -0.730569262054553 -0.6756011264903754
vn 0.9005692516286761 0.425890080484167 -0.08713588449173117
vn 0.6375293376956859 0.6789330320829787 -0.3641514541010556
vn 0.6720787200157838 0.7187871566848509 -0.17791913187415548
vn -0.18175109946735538 0.8456417501391499 -0.5018531341577962
vn -0.15333035923129817 0.7554013990704354 -0.6370702686677743
vn 0.18928985082708807 0.7874476135370784 -0.5865966316887772
vn -0.04877741469797638 0.8568417505121271 -0.5132669660076474
vn 0.15620615372364244 0.7262092575553812 -0.669492159610348
vn 0.15602257272836054 0.7262092385709092 -0.6695349868479495
vn -0.06411209011018792 -0.9904917099859394 0.12172022161840212
vn 0.17444594220133258 -0.9786517816344378 0.10867061954930715
vn -0.27089582202924833 -0.9400040002330966 -0.20738354118124824
vn 0.28917478338923375 -0.9245067328838676 -0.2483248789472911
vn -0.18899128207088867 -0.9187597137889929 -0.3466451840420834
vn 0.17313415894107936 -0.9124500869788433 -0.37075517768477134
vn 0.1779927410146614 0.7309479876088868 -0.6588122824876648
vn 0.16968777367067947 0.732469979910065 -0.6593131183263664
vn -0.5050842185305385 -0.5687801757810905 -0.6491371533272665
vn 0.22896229827925635 0.7986047174018468 -0.5566028847483611
vn 0.35637071621248606 -0.5233351673900385 -0.7740285622630731
vn 0.8200346226383233 0.5092240863991486 -0.2612164763283034
vn 0.8342250118993779 0.5126870641944199 -0.20302857860210127
vn 0.30576168050885466 0.24137382892177744 -0.9210040550638426
vn 0.17768082709318525 0.23665751609847294 -0.9552082201057437
vn 0.3467331566489931 -0.12158804283162472 -0.9300497115319158
vn 0.3542745143214627 0.6306583101959296 -0.6904778521307593
vn -0.5564595790235776 0.5698581310522044 -0.6046606051220731
vn -0.5326786457533716 0.17526619351643868 -0.8279705440223175
vn -0.437724983396831 0.18411465094936733 -0.8800560403838138
vn -0.5446485382032134 -0.1525918655790146 -0.82466580648904
vn 0.19446486495057855 0.82901112322371 -0.5243319310046987
vn 0.25979698247455796 0.8202806422116732 -0.5095539185502544
vn 0.09078485282321389 0.8263513880344758 -0.5557890732925242
vn 0.2829717481662112 0.8918325894436966 -0.35293288617796625
vn 0.32843669486436833 0.679510172848273 -0.6560451680046733
vn -0.3844884574571448 0.8427355786450872 -0.3767829223411742
vn -0.3175540911530753 0.812270123876542 -0.4892613259287223
vn 0.2111582982471089 0.8072929694728295 -0.5510809691153619
vn 0.11500069106550917 0.8480717031247366 -0.5172516093871186
vn 0.13384034606794157 0.7975190171137091 -0.5882602987678137
vn 0.16678482940183278 0.8601127167592881 -0.4820673554083063
vn -0.07612742237666079 -0.9702277683784437 0.22991888358651724
vn 0.21244915269416054 -0.9543252641518485 0.2100681977859527
vn -0.3155978341117172 0.868938437866484 -0.3812400796114541
vn -0.28840942698559846 0.8531796915438767 -0.43463135685651416
vn -0.172310752090097 -0.9107905889221831 -0.37519262765268757
vn -0.19059490840588017 -0.9133552280786383 -0.35979967791977385
vn -0.14107352518965702 -0.9874680023891007 0.07074747167385283
vn -0.12755853679862056 -0.9902129433105619 0.05663167479449044
vn -0.00985916225487956 -0.7577356388955289 0.6524871634501455
vn -0.14964222153546633 -0.8115077322328929 0.5648560932309733
vn -0.18440017859063584 -0.5820913914685917 -0.7919382464017636
vn -0.24833652916633642 -0.5125051242707751 -0.821989942686536
vn -0.18772996338319153 -0.2335835272183617 -0.9540420308667614
vn -0.19239010675084872 -0.23562701443232945 -0.9526100759986238
vn 0.2329361353023742 -0.971242371623782 0.04928501225530291
vn 0.22049368915912373 -0.9745653898654211 0.040060378398857316
vn 0.15732526787875842 -0.9073177879653984 -0.3899015154221043
vn 0.14585662191762874 -0.9064367478528013 -0.3963562387358316
vn 0.017050190895606887 -0.5786435248413312 -0.8154023314595213
vn 0.06637235287096166 -0.5077118665057823 -0.8589664553308165
vn 0.24996496919465197 -0.7350295099413342 0.6302770293219632
vn 0.36083074018379246 -0.7688833714878843 0.5278442364825446
vn -0.050004230232107594 -0.2351056318436597 -0.9706827076003199
vn -0.018915943124765078 -0.24588830134246345 -0.9691135796998299
vn -0.26691376597447725 0.8801775996599592 -0.39248494823388363
vn -0.26864710074793213 0.8799337869767739 -0.39184852404525417
vn -0.9999794657164999 -0.00042239655797177145 -0.006394507525317061
vn 0.24985996060798685 0.8555652157793048 -0.45340728008434894
vn 0.7296088891941792 0.5844429516633974 -0.35510182350955577
vn 0.7229973410781463 0.669487369992482 0.17047435647181688
vn 0.22627241624818248 0.7930511940271727 -0.5655710364731249
vn 0.21192175994656987 0.7993339581152158 -0.5622760808224115
vn 0.09120168597601648 0.8230488967992909 -0.5606003620696319
vn -0.1409986457266536 0.8043226140093388 -0.5772213739081686
vn -0.06478717322320553 0.8338393882831063 -0.5481920254193795
vn -0.16112397655846258 0.8606059710773841 -0.48311119498924976
vn -0.5342783290399902 -0.7471804837220156 -0.39530746497273606
vn -0.3988346278504884 -0.4419829722636698 -0.8034811708163014
vn -0.5155071250035222 -0.754521886773326 -0.40613929439371343
vn -0.49269347371170563 -0.8526025936391473 0.17413201394830324
vn -0.5023075626916307 -0.8480769362956572 0.1686790520075489
vn -0.3105622394619628 -0.6633333823684918 0.6808376599865396
vn -0.010181008090873358 0.8138243837349739 -0.5810217031339222
vn 0.0464365313778602 0.9302561173927304 -0.36396044373942044
vn 0.20876045120548617 0.8590728656455189 -0.46734664385665425
vn 0.18947976030872365 -0.06600754027524318 -0.9796634243760257
vn 0.4840017887086282 -0.7401831257859709 -0.4667667606295014
vn 0.20719610614758982 -0.4376263861412856 -0.8749588103163457
vn 0.4952672170947352 -0.7356401972768353 -0.46210808673051323
vn 0.6094295778505024 -0.7858540168793605 0.10501930201411509
vn 0.6135918681988463 -0.7830632616596874 0.10157237576793011
vn 0.5332395576094685 -0.5935733562098467 0.6027654975180953
vn 0.9046230700238338 0.40997167480618624 -0.11653466024005338
vn 0.8491199386412942 0.3838779955158691 -0.3628126436062055
vn -0.8561046753029915 0.4669796687904103 -0.22139280444666315
vn -0.13385558224892216 -0.987128062933518 0.08752639870303659
vn -0.1190409868057587 -0.9881157486553261 0.0972445922385185
vn -0.18742799848606181 -0.9074773673969111 -0.37597283551591976
vn -0.17380402346529586 -0.9059182591740538 -0.3861402195088296
vn -0.010040082102791639 -0.7531841920539742 0.6577330534429384
vn -0.1526915121563871 -0.8063833230749311 0.5713416126819639
vn -0.18464756048617315 -0.5798809760609857 -0.7935006817949583
vn -0.2478757370839429 -0.5100906727201905 -0.8236292397486602
vn -0.18837868822029846 -0.23628197899100012 -0.9532493358132992
vn -0.21625524411937858 -0.24932199992035012 -0.9439662121848349
vn 0.1923764657917308 0.8614991830508739 -0.4699047275907743
vn 0.016417161609798836 -0.5780280729322858 -0.8158517167395469
vn 0.06522766437039627 -0.5065159393973037 -0.8597598239841461
vn -0.04932605235957538 -0.23709235142634724 -0.9702340735377963
vn -0.06472379352263741 -0.23122325320308912 -0.9707454031465816
vn 0.1420156821133372 -0.9010525079196053 -0.4097998584744426
vn 0.15865880267918314 -0.9019911273076249 -0.40154624962851837
vn 0.2366958427223364 -0.969344464687807 0.0659271326319596
vn 0.224234506276167 -0.9714320789345207 0.07770844363413074
vn 0.24925651533882232 -0.7342855376345416 0.63142373948237
vn 0.36282479607417895 -0.7661725992706306 0.5304127783911472
vn 0.6094624463897236 0.7039972234666478 -0.36461409159809505
vn 0.6667240077959784 0.7399162765916323 -0.08945949398047959
vn -0.26507578774338636 0.8873197730759369 -0.3773571876361856
vn 0.06288617180420762 0.8547789176661074 -0.5151682553393305
vn 0.13924090347220971 0.8795777027832938 -0.4549231095105045
vn -0.5571904378914505 0.6957002734219965 -0.4533651348338258
vn -0.8479622637116644 0.5277158760048302 0.049758954304170044
vn -0.5715148965996757 0.7852652066404674 -0.23817908851233377
vn 0.024655317749304566 0.8637624096714178 -0.5032957529577479
vn 0.060118122592935086 0.8726013553178983 -0.4847191826545223
vn 0.153658298579862 0.87886288343305 -0.4516515907215287
vn 0.12301736744074523 0.8625041393176858 -0.4908699796970749
vn -0.3210130695415559 -0.7858973364849304 -0.5285035342260264
vn 0.6445071142328046 0.648529997050846 -0.40499311429767815
vn 0.6715908716898055 0.7407754205093086 -0.014747116063306257
vn 0.24431730225860965 -0.7818700112442278 -0.5735750529216089
vn 0.36003552171956954 0.8036550675987063 -0.47382798083591093
vn 0.16408092405924085 0.28681711670644516 0.9438291116108186
vn 0.9440405624820059 0.16846199390854594 0.2835629965228454
vn -0.1505250865490981 0.7156279583213003 -0.6820695152169417
vn 0.9706551267458918 0.23587865906944125 -0.046796186997648585
vn 0.9894893312085847 0.12998722138954746 0.06335760175237622
vn -0.08135035232143392 0.7249808388154896 -0.6839480269198588
vn 0.7416690964562086 -0.1052474437106947 0.6624574906770966
vn 0.05230553200747129 0.1981970119720257 0.978765587751621
vn 0.08091089769322875 -0.749071267680027 0.6575299708535827
vn 0.113544886715996 0.18024120206477728 0.9770469117595613
vn 0.9939187295654364 0.08549516018504047 -0.06939839049980462
vn -0.04351777261680112 -0.3254226090125749 -0.9445667414269472
vn 0.9910250208074207 0.007381679401106846 0.1334725400330374
vn -0.047752000621937685 0.6743185314862636 -0.7368950159492269
vn 0.04853971759066958 -0.7062305179675837 0.7063160420855925
vn 0.15344549082676723 -0.6958249044948104 0.701628237480306
vn -0.16046292712598753 -0.3261663001636048 -0.9315938995376394
vn 0.09814008148208903 -0.6703171825131962 0.7355565234801874
vn -0.9907008071491616 0.011827395582806769 -0.13554343742036132
vn -0.9915448651469632 -0.07281987803703106 0.10740598569615614
vn -0.10847002911205014 -0.28747648789736213 -0.9516257256351518
vn -0.9584314669224487 -0.15499367896612518 -0.23955392439580092
vn -0.972652132541796 -0.23024479123665906 0.03058047040651407
vn -0.9859025471742366 -0.1660493330110031 -0.020586074952576416
vn -0.09011187336849838 0.7480339975640337 -0.6575142498580477
vn -0.7158038239925313 0.09336356247416068 -0.6920318856525348
vn -0.7648500672594876 0.11911069254833212 -0.6331011116194745
vn 0.11234478101895706 0.20261253982761848 0.9727933022396918
vn -0.2087033392167718 -0.16724683479264646 -0.9635722144456069
vn 0.8873411303454257 -0.2527823935133174 0.3856511116630949
vn -0.1406104505480348 0.6404012286218319 -0.7550595788256228
vn 0.657209163125626 -0.2959477199709391 0.6931746265896617
vn -0.8111321453592398 0.09955700822933339 -0.576327202964897
vn -0.08199587728459386 0.6601701767018688 -0.7466270915937575
vn 0.15729275666628684 -0.6167189542341514 0.7713084468542108
vn 0.3396798406064032 -0.5218710070167956 0.782475723534529
vn -0.12233572012628718 0.6307375067458096 -0.766292482780082
vn -0.421282469508372 0.46702129882054977 -0.7774395071855394
vn 0.9382453324481355 -0.3316228065505258 -0.09860025514591877
vn 0.1164698629987905 0.13054568528871288 0.9845773687555202
vn 0.05727124681844292 0.11800958154059732 0.991359542725279
vn 0.7181618422133548 -0.16936457359553467 0.6749512646106558
vn 0.11583475236522134 0.09954241674838701 0.988267988661162
vn -0.9247953256125443 0.30509648610948925 -0.22730978837003601
vn -0.11646986299881953 -0.13054568528870417 -0.9845773687555179
vn -0.6637965384019041 0.0948058547928399 -0.7418800479205844
vn -0.6274002545038788 0.09671625799503772 -0.7726673838644321
vn 0.12145834008318418 -0.6454452244960847 0.7540877494028375
vn -0.7225439019463101 -0.6911300538388351 -0.016418235012634234
vn 0.6421994665751185 -0.16409148725048744 0.7487682077536122
vn 0.10249381038736494 -0.6574233700912524 0.7465182725761903
vn 0.09686684553316764 -0.6840315700672195 0.7229921336970605
vn 0.7066318864876788 0.7016259958590685 0.09160970982180139
vn -0.1263546364419983 0.66616858349799 -0.735019676069894
vn -0.6010058804103492 0.3746697796518844 0.7059847646569928
vn -0.5460803308197195 0.5611564270043248 -0.6220126499706944
vn 0.5249691920857853 -0.5657711721389967 0.6358540147999883
vn -0.7562300557962445 0.649946833216165 0.07540037601158164
vn 0.6300852688076615 -0.4833250873211139 -0.6077741471941814
vn 0.12271888309567677 -0.20573319037496013 0.9708830671661186
vn -0.7720617029443884 0.6272712171617387 0.10223280768443149
vn -0.15597741592711192 0.23338750865968744 -0.9597923298934645
vn 0.22858685481194388 -0.1944330247329752 0.953909769684937
vn 0.6986595135115368 0.7154470804919623 -0.0032185703892207984
vn -0.7025159939461336 -0.7075872538441695 0.07610227622839578
vn -0.1220910016728306 0.23556871213551778 -0.964158269773868
vn -0.3415192552117492 -0.6191253122254124 0.7071410369094681
vn -0.7012804634149217 -0.5390625183718504 -0.4664947083506429
vn 0.6978387297620724 0.4182778388454409 0.5814333640021399
vn 0.370946559178303 0.6519875225476939 -0.6612948817856511
vn 0.033527309343883246 -0.6523789005415118 0.7571510349041385
vn -0.7486633472176543 0.6593956315214814 0.06856087560150469
vn -0.4035196921358406 -0.2262696104056465 0.8865517026465369
vn -0.2761860818684442 0.66168480825152 -0.697061304844349
vn 0.12454869630563387 -0.588440460498556 0.7988901343093517
vn -0.7689980345861688 0.6188143326060683 0.16034601511704594
vn 0.4790393425720149 0.17318851166885008 -0.8605388124274816
vn -0.09648447727320181 0.6880353644577464 -0.7192343727192224
vn -0.11687316600914327 -0.12364153308593612 -0.9854204353285753
vn 0.493201056742675 0.17411404056715235 -0.8523127468865457
vn -0.6700572562290135 -0.26888365881656784 0.6918994517964745
vn -0.11687316600912953 -0.1236415330859304 -0.9854204353285777
vn -0.11618519093299862 -0.0864773900555788 -0.9894557405043634
vn 0.8390941715828865 0.4049785263004605 -0.3631987946719221
vn 0.12124874879230924 0.08865390665058742 0.9886552613281783
vn -0.8928879290281462 -0.4486091466175174 0.03874248013396864
vn 0.13680156879531521 0.5296597197961957 -0.837105675527622
vn 0.12280952106465559 -0.6223638061645572 0.77303370839326
vn 0.6745351753675092 0.1955075863898767 -0.7118841765736393
vn -0.14038414911752842 0.645895245403916 -0.7504076376484736
vn 0.1228095210646648 -0.6223638061645593 0.7730337083932566
vn -0.06112574216008179 -0.5615471365239124 0.825183892903378
vn 0.6084182015554113 0.20865561871024005 -0.7656958435284379
vn -0.11232552027154044 -0.19627541123316955 -0.9740939074036847
vn 0.134814290277852 -0.6448891422276258 0.7522918990483656
vn -0.49343518113325485 -0.3527033331157355 0.7950610547807272
vn -0.11450275858353381 -0.16798641378611168 -0.9791167872424833
vn 0.5741264090507462 0.18275247435353884 -0.7981105183796003
vn -0.7694432737237352 -0.34237174026632994 0.5392018545853734
vn -0.16936645912754306 -0.22175561072200678 -0.9602809232906319
vn -0.5738706525625733 -0.18258842122041447 0.7983319751604859
vn 0.11463545725683172 0.16803916692243867 0.9790922072611599
vn 0.9881627457653217 -0.04883978437121646 -0.14542717539756309
vn -0.13643760079370112 0.7194632279651643 -0.6809973896393472
vn 0.14666915157493493 -0.7398319594036938 0.6566101063958579
vn 0.9844527435877686 -0.011325872061153793 -0.17528411298394878
vn -0.9802363902713119 0.01697953656938014 0.19709975780238098
vn 0.11410286341428354 -0.7413761981813447 0.6613182814128435
vn -0.9737798363336698 0.22542274348403346 -0.030617267515293256
vn -0.13038121476881745 0.7197237096426164 -0.6819080001097496
vn -0.10213463763203712 -0.32979816213316326 -0.9385103558562156
vn -0.8743720863248446 0.14192723733747914 0.4640367592741865
vn 0.9851916197374857 -0.011963074148584246 -0.17103905184473228
vn -0.10616544741956585 -0.33005756861630475 -0.9379716942281877
vn 0.9976302786549431 0.03270959084475339 -0.06053023853934009
vn 0.10384907407323885 0.2873528834741667 0.9521783919902894
vn 0.04660503710689356 0.2826032736203056 0.958104044587722
vn -0.9989684612161003 -0.041830604449958016 0.017669579137267803
vn 0.9696584019662122 0.09275438664695278 -0.22618401193293736
vn -0.08195351776450238 0.6682482693043486 -0.7394104891721286
vn 0.09510807518729628 -0.7020345757743286 0.705763351592817
vn -0.228013402781268 0.6568903838874444 -0.7186827615216002
vn 0.22018423084701716 -0.6919742179007196 0.6875249713624918
vn -0.9509263121397638 -0.1315097848029529 0.28007914128215555
vn -0.023429949915745225 0.8796955265064569 -0.47495980681682265
vn 0.13186216517755636 0.8130619876075299 -0.5670472411557786
vn 0.01952025860049184 0.9777213357794208 -0.20899748578840674
vn 0.11478987425138629 0.8860571197232155 -0.44913924940618405
vn -0.023450884405028433 0.8935442234848618 -0.44836232747350346
vn -0.9712364853095674 0.09651279661494075 0.2176808895908917
vn 0.15596099075782735 0.8981062407787108 -0.4111950262784918
vn -0.0416365173322387 0.89495886684721 -0.4442015613164819
vn -0.3370156513445017 0.7931220097031276 -0.5073242833467696
vn -0.621797058057532 0.5259324326089972 -0.5803132730870293
vn -0.7241823405543053 0.6633385689429708 0.18852554357958948
vn -0.18298703952997192 -0.7776280247255205 -0.6015067734660532
vn 0.07932145004357789 -0.7779940011714825 -0.6232442873417868
vn -0.16151353215658748 -0.7836521021678073 -0.5998356122291169
vn -0.2111693473944416 0.840247700616028 -0.4993909373732002
vn 0.057496379490450444 -0.7846624593021165 -0.6172511573966019
vn -0.16372500328288683 -0.7872496126497139 -0.5945016153745033
vn 0.060043494042384515 -0.7869347366198075 -0.6141078888308604
vn -0.36974685905244736 -0.38724442586800617 -0.8445880740662917
vn -0.2077637289245085 0.8759794839098559 -0.4353092885666535
vn 0.1680658561211718 -0.3751085829863506 -0.9116180225161359
vn -0.8981794404781678 0.43419521693844243 0.06890722959243378
vn -0.11479059149753078 0.8968080821646591 -0.42726851495025125
vn -0.12774759959859858 0.9108380530707559 -0.3924978877332605
vn 0.17641398980834316 0.8323987128637922 -0.5253479675630277
vn 0.1284213655090461 0.9853451075818246 -0.11226295847408702
vn -0.09466040619876206 0.8787626152205403 -0.46777737609790626
vn -0.05791914946074812 0.9020969217907205 -0.4276289464260461
vn 0.12280275729084122 0.9078332298964965 -0.4009467664135249
vn 0.17866700502927754 0.8915259380044833 -0.4162446434239059
vn 0.13544125052240316 0.9579529752414928 -0.25294616993127117
vn -0.9180267321857893 -0.10065259330896759 0.38353093024221746
vn -0.27002363797084755 0.8895134474037135 -0.3685825034167378
vn 0.9991355653366951 -0.04156672363313774 -0.0005740781559808172
vn 0.953941648165052 0.08498946691835492 0.2877014466579519
vn -0.9437954171682776 0.3279616868065983 -0.04112593487238753
vn -0.9194701374751005 -0.13122378961446327 0.3706143323331394
vn 0.0563512989944236 0.8374356983786067 -0.5436230147655419
vn 0.014049638226962428 0.9712016364381961 -0.23784446397900758
vn -0.026556680453932946 0.9238043059085698 -0.3819428584331083
vn -0.0389950777364848 0.9286214910932813 -0.368973590100994
vn 0.12643054897528422 0.88590900177294 -0.44629648986238
vn -0.040840940348470446 0.9939692564679311 -0.10177000927601887
vn -0.3889229861805392 0.6933145096089862 -0.606674460964085
vn -0.8254712801703031 0.4110813555223234 0.3867935945125386
vn 0.25012310854560044 0.89228695458654 -0.3758489340761312
vn -0.15736232396960667 0.9521978188590847 -0.2618327954151011
vn -0.25994071334726626 0.9090617725741098 -0.3256340264605834
vn 0.3699211721121402 0.8669047587763055 -0.33411744287626804
vn 0.2198908988184468 0.9355543299224246 -0.2763803328390403
vn -0.05379439902433426 0.9541349172007421 -0.29450419761345364
vn 0.19983373171405538 0.9388843865797042 -0.2802901858897095
vn -0.1900238173383799 0.918208982317734 -0.3475387944319042
vn -0.3374584406125286 0.9208344438777134 -0.19541168805315312
vn -0.2672008323769491 0.9508119652230128 -0.15671733141493352
vn 0.0802759618865634 0.9482615103980906 -0.30717401882437784
vn 0.2365774728263495 0.9395029533292845 -0.247720205144131
vn 0.016362436604569847 0.9632859393206766 -0.267978487523613
vn 0.41437075465945494 0.8915052067038022 -0.18307196427352004
vn -0.39526259090949356 0.8908040642531952 -0.22413300367751293
vn -0.22738135442989424 0.9054458432877746 -0.35842090414834615
vn -0.05807961841427059 0.9376858901275602 -0.34259586889006427
vn -0.1080946385812756 0.9906041925730465 -0.08377877276903686
vn -0.6543144559745228 0.7537801818462414 0.06072915410749262
vn -0.939080531037155 0.1741290564283007 0.2963221691577676
vn -0.04221012501724264 0.9519396683925346 -0.3033631043596765
vn -0.018199444212711496 0.9942635302804377 -0.10539835190661087
vn -0.922136554640672 0.17960946590767876 0.3426435675038847
vn 0.5681384897530275 -0.6422053830264445 -0.5145783734991269
vn 0.3287139507511337 0.9393152504843287 -0.098152935713325
vn -0.09250007315206371 0.9656789305531527 -0.24270957861728984
vn 0.5777503476871753 0.3358165170860154 -0.7439299715696137
vn 0.6969918679297368 0.519190568962442 0.4946144853724691
vn -0.42356865309196245 -0.8250958368296151 -0.37390701539861215
vn 0.009058027529502051 0.9864207219528032 -0.1639881442037365
vn 0.17620416181288423 0.9779781831553176 -0.11185153835349407
vn 0.22164973812226935 -0.8462739321293035 -0.4844500236234246
vn -0.031009659283211373 0.9985633984444282 -0.043698287360646605
vn -0.0314625851319591 0.9985309654088055 -0.04411368105897698
vn -0.04998406774466896 0.9983588684285687 -0.02794928982504405
vn -0.21763664743354183 -0.5484027103952821 -0.8073962824567603
vn -0.24684557864668538 -0.40669901150433074 -0.8795812494272393
vn 0.1788462415891865 0.936183818761517 0.3026117634172957
vn 0.018414104692645938 -0.7771418874280629 0.6290559653585015
vn 0.18733361302905205 0.9278308903380112 0.32254605309018236
vn 0.08485817859522204 -0.6558210740653578 0.7501318606333569
vn 0.12330600350915324 -0.7951697419458589 0.5937177031151735
vn -0.42220649252373055 -0.5234380932323628 -0.7401042090301052
vn 0.03085734406762592 -0.641212243317166 0.7667429056321681
vn -0.4181202001266969 -0.5825122472675293 -0.6970329834587053
vn -0.1381262864571791 -0.8297263762753943 0.5408098274832406
vn -0.09893971947421076 -0.37071356970930036 -0.9234621709327092
vn 0.10270084762332986 -0.8236225929055349 0.5577619208524487
vn -0.09893971947421076 -0.37071356970930036 -0.9234621709327092
vn -0.6658072175771277 -0.5033284224063462 -0.5507823964326948
vn 0.6417689729680466 0.7631492437038705 -0.07573517788814883
vn 0.6504766862347011 0.7397883385101128 0.1720270178476882
vn -0.31005683577841514 -0.7155761796018905 0.6259516672822591
vn -0.26361747701378135 -0.7032504907744709 0.66026098857827
vn -0.6631963440287616 -0.35961480170670584 -0.6563899783363022
vn -0.43300457980258333 -0.5330216822733502 0.7269077796367818
vn -0.9235223753371079 -0.10185832530064287 -0.36977196191525175
vn -0.37748041867446086 -0.5269668431808023 0.761455500804488
vn -0.8818638437134567 -0.013064344809601062 -0.47132312063554044
vn 0.18748253504873605 -0.8292758405179131 0.5264521624848819
vn -0.15336815968971723 0.8851609426316559 0.439281587632384
vn 0.20371505615337765 -0.68119576282377 0.7031873922414766
vn -0.01257080672649763 -0.34575441004112306 -0.9382408340907786
vn -0.15865266488878174 0.8908123048376819 0.42577314320359017
vn 0.0515829549981367 -0.47834056724630003 -0.8766581434516811
vn 0.29091540432289575 -0.6654782319062055 0.6873914098871449
vn 0.22468376800187495 -0.41557857321109415 -0.881369192724769
vn 0.3447634211216085 -0.853452396090459 0.39084164448530656
vn 0.2430987758171272 -0.49647621340404746 -0.8333152793032137
vn -0.6701134629697978 0.6062832802152769 0.42821551919334916
vn 0.6087366090812354 -0.7316777842673036 0.30673663096208204
vn -0.6452022136243186 0.5933207425803991 0.4813362649521882
vn 0.5095218671425914 -0.35128850879554074 -0.7854831955501866
vn 0.5587295212847209 -0.6782863416363792 0.47723051117304277
vn 0.45796724522849597 -0.20725461086505517 -0.8644718205777429
vn 0.7925904719973991 -0.4137205133258907 0.4479237441264995
vn 0.7350669614529666 0.09605382815820168 -0.6711558867181735
vn -0.3809764411807838 -0.8697521308745502 -0.3136689052239705
vn 0.6551291529822393 0.16539268839561339 -0.7371913262770021
vn 0.7515167509221574 -0.422398247372092 0.5067566414960826
vn 0.0853893925841444 -0.31263647687611545 -0.9460270001224071
vn 0.09063674331462217 -0.3928804028352142 -0.9151119985167713
vn -0.20886600797131305 0.7869095798615771 0.5806447311706217
vn 0.2454790651937826 -0.8732186568339922 0.42098599253256086
vn -0.2770104508603824 0.8613406029360715 0.42586098183310067
vn 0.24535404961599244 -0.7919881342862923 0.5590672459434114
vn -0.10735032642256104 -0.4515536221630651 -0.8857625154229465
vn 0.5113015177184235 -0.7766170109962722 0.36801735857164775
vn 0.11140851896409407 -0.8092449257897043 0.5768108806063241
vn -0.09812460471934906 -0.4868478022589162 -0.8679578212012005
vn 0.10698077574328695 -0.822720241751107 0.5582889193189889
vn 0.35866483733886295 -0.2035932194270141 -0.9109935979248321
vn -0.30511870125350377 -0.4786116539565114 -0.8233064209894079
vn 0.2578512352551062 0.9249629344053488 0.27920657308462943
vn 0.005628516649160235 -0.8096033446224956 0.5869503762469184
vn -0.31974535031264817 -0.37784537533286794 -0.8689049334035377
vn 0.3096609092644168 0.8660734846762363 0.39246253377143603
vn -0.068585357593719 -0.8814283199864765 0.467311636330147
vn -0.6053010487455805 -0.3488764388316737 -0.7154689866204055
vn -0.30412997993272717 -0.7933151928939022 0.5274049298497595
vn -0.6095248230813004 -0.4195782436980572 -0.6726318364922694
vn -0.11443493985010998 -0.7105292749822013 0.6943002188785261
vn 0.7721995896130819 0.6131165440910418 -0.16672101596153294
vn -0.2703516444547781 -0.6084689204920153 0.7461069367965151
vn 0.8058030000998251 0.5824060689080631 0.10716667359388385
vn -0.799810701530123 -0.33741469254303247 -0.4964415040807763
vn -0.37918597901213186 -0.6667208138115249 0.6416395793209059
vn -0.7696191152872942 -0.16741914550700268 -0.6161633282678449
vn -0.5346372842086575 -0.4963161053576163 0.683983404693885
vn -0.6843216576012561 -0.4818932455558478 0.5472501885111788
vn -0.9266098828456623 -0.009212383578377894 -0.3759112355351371
vn -0.9391482591031196 -0.025690071213476662 -0.3425500951169426
vn 0.3529867533441715 -0.18757911312247258 -0.9166321117458889
vn 0.47159101847115004 -0.7208479733136853 0.5079174250475128
vn 0.5664241159456134 -0.01960078848551819 -0.8238807741208534
vn -0.7765538015909297 0.318333141669155 0.5437170258045271
vn 0.6672219563954143 -0.6132616380550946 0.42275882509281576
vn -0.8313534763781542 0.3485272483860463 0.4328742940466771
vn 0.5669864652436267 -0.020560582093439368 -0.8234704674088298
vn 0.6408826056485315 -0.6034321853050925 0.47448823327356565
vn 0.7455637097512384 0.1638071494005799 -0.6459891427162125
vn 0.8092486502649612 -0.3865621807203213 0.4423644453175326
vn 0.6977662526576336 0.20488054177654702 -0.6864009180161929
vn 0.7771167423875033 -0.3955654992965672 0.48950741002286413
vn -0.031357469095363744 0.9884105198407048 0.1485306480163635
usemtl m_faa8cdce-2956-7450-19ff-4b92c1a5c078
f 3/1/1 4/2/1 5/3/1
f 4/4/2 3/5/2 6/6/2
f 7/7/3 8/8/3 9/9/3
f 10/10/4 8/11/4 7/12/4
f 11/13/5 12/14/5 13/15/5
f 13/16/6 14/17/6 11/18/6
f 15/19/7 16/20/7 17/21/7
f 16/22/8 15/23/8 18/24/8
f 19/25/9 20/26/9 21/27/9
f 22/28/10 23/29/10 24/30/10
f 25/31/11 26/32/11 27/33/11
f 28/34/12 29/35/12 30/36/12
f 31/37/13 32/38/13 33/39/13
f 34/40/14 35/41/14 36/42/14
f 37/43/15 38/44/15 39/45/15
f 38/46/16 37/47/16 40/48/16
f 41/49/17 42/50/17 43/51/17
f 44/52/18 43/53/18 42/54/18
f 45/55/19 46/56/19 47/57/19
f 48/58/20 49/59/20 50/60/20
f 51/61/21 52/62/21 53/63/21
f 54/64/22 55/65/22 56/66/22
f 55/67/23 54/68/23 57/69/23
f 58/70/24 59/71/24 60/72/24
f 58/73/25 61/74/25 59/75/25
f 62/76/26 63/77/26 64/78/26
f 65/79/27 66/80/27 67/81/27
f 68/82/28 66/83/28 65/84/28
f 69/85/29 70/86/29 71/87/29
f 72/88/30 71/89/30 70/90/30
f 73/91/31 74/92/31 75/93/31
f 76/94/32 77/95/32 78/96/32
f 77/97/33 76/98/33 79/99/33
f 80/100/34 81/101/34 82/102/34
f 83/103/35 82/104/35 84/105/35
f 85/106/36 86/107/36 87/108/36
f 88/109/37 89/110/37 90/111/37
f 89/112/38 88/113/38 91/114/38
f 92/115/39 93/116/39 94/117/39
f 93/118/40 92/119/40 95/120/40
f 96/121/41 97/122/41 98/123/41
f 99/124/42 96/125/42 100/126/42
f 96/127/43 99/128/43 101/129/43
f 102/130/44 103/131/44 104/132/44
f 103/133/45 102/134/45 105/135/45
f 106/136/46 107/137/46 108/138/46
f 109/139/47 108/140/47 110/141/47
f 111/142/48 112/143/48 113/144/48
f 112/145/49 111/146/49 114/147/49
f 115/148/50 116/149/50 117/150/50
f 116/151/51 115/152/51 118/153/51
f 119/154/52 120/155/52 121/156/52
f 120/157/53 119/158/53 122/159/53
f 123/160/54 124/161/54 125/162/54
f 124/163/55 123/164/55 126/165/55
f 127/166/56 128/167/56 123/168/56
f 129/169/57 130/170/57 131/171/57
f 130/172/58 132/173/58 131/174/58
f 133/175/59 134/176/59 135/177/59
f 134/178/60 133/179/60 136/180/60
f 137/181/61 138/182/61 136/183/61
f 139/184/62 140/185/62 141/186/62
f 142/187/63 143/188/63 144/189/63
f 145/190/64 146/191/64 147/192/64
f 147/193/65 146/194/65 148/195/65
f 149/196/66 150/197/66 151/198/66
f 150/199/67 149/200/67 152/201/67
f 153/202/68 154/203/68 155/204/68
f 153/205/69 155/206/69 156/207/69
f 157/208/70 158/209/70 159/210/70
f 158/211/71 157/212/71 160/213/71
f 161/214/72 162/215/72 163/216/72
f 164/217/73 165/218/73 166/219/73
f 165/220/74 167/221/74 166/222/74
f 168/223/75 169/224/75 170/225/75
f 169/226/76 171/227/76 170/228/76
f 172/229/77 173/230/77 174/231/77
f 173/232/78 172/233/78 175/234/78
f 176/235/79 177/236/79 178/237/79
f 178/238/80 177/239/80 179/240/80
f 180/241/81 177/242/81 181/243/81
f 182/244/82 183/245/82 184/246/82
f 182/247/83 184/248/83 185/249/83
f 186/250/84 187/251/84 188/252/84
f 187/253/85 189/254/85 188/255/85
f 190/256/86 191/257/86 192/258/86
f 193/259/87 194/260/87 195/261/87
f 194/262/88 193/263/88 196/264/88
f 197/265/89 198/266/89 199/267/89
f 200/268/90 201/269/90 202/270/90
f 203/271/91 204/272/91 205/273/91
f 206/274/92 207/275/92 208/276/92
f 209/277/93 210/278/93 211/279/93
f 211/280/94 210/281/94 212/282/94
f 213/283/95 214/284/95 215/285/95
f 213/286/96 215/287/96 216/288/96
f 217/289/97 218/290/97 219/291/97
f 220/292/98 221/293/98 222/294/98
f 220/295/99 222/296/99 223/297/99
f 224/298/100 225/299/100 226/300/100
f 227/301/101 228/302/101 229/303/101
f 228/304/102 227/305/102 230/306/102
f 231/307/103 228/308/103 230/309/103
f 230/310/104 232/311/104 231/312/104
f 233/313/105 234/314/105 235/315/105
f 235/316/106 234/317/106 236/318/106
f 237/319/107 238/320/107 239/321/107
f 240/322/108 241/323/108 242/324/108
f 243/325/109 244/326/109 245/327/109
f 246/328/110 247/329/110 248/330/110
f 249/331/111 250/332/111 251/333/111
f 252/334/112 253/335/112 254/336/112
f 255/337/113 256/338/113 257/339/113
f 257/340/114 258/341/114 255/342/114
f 258/343/115 259/344/115 260/345/115
f 261/346/116 262/347/116 263/348/116
f 264/349/117 265/350/117 266/351/117
f 266/352/118 265/353/118 267/354/118
f 268/355/119 269/356/119 270/357/119
f 269/358/120 268/359/120 271/360/120
f 272/361/121 273/362/121 274/363/121
f 275/364/122 276/365/122 277/366/122
f 276/367/123 278/368/123 277/369/123
f 279/370/124 280/371/124 275/372/124
f 281/373/125 282/374/125 283/375/125
f 284/376/126 285/377/126 286/378/126
f 284/379/127 286/380/127 287/381/127
f 288/382/128 289/383/128 290/384/128
f 288/385/129 290/386/129 291/387/129
f 292/388/130 293/389/130 294/390/130
f 295/391/131 293/392/131 296/393/131
f 297/394/132 298/395/132 299/396/132
f 298/397/133 297/398/133 300/399/133
f 301/400/134 302/401/134 303/402/134
f 302/403/135 301/404/135 304/405/135
f 303/406/136 305/407/136 301/408/136
f 305/409/137 303/410/137 306/411/137
f 307/412/138 308/413/138 309/414/138
f 308/415/139 307/416/139 310/417/139
f 311/418/140 312/419/140 313/420/140
f 313/421/141 314/422/141 311/423/141
f 314/424/142 313/425/142 315/426/142
f 315/427/143 316/428/143 314/429/143
f 317/430/144 318/431/144 319/432/144
f 320/433/145 321/434/145 322/435/145
f 321/436/146 320/437/146 323/438/146
f 324/439/147 325/440/147 326/441/147
f 327/442/148 328/443/148 329/444/148
f 327/445/149 330/446/149 328/447/149
f 331/448/150 332/449/150 333/450/150
f 334/451/151 335/452/151 336/453/151
f 337/454/152 338/455/152 339/456/152
f 339/457/153 340/458/153 337/459/153
f 341/460/154 342/461/154 343/462/154
f 344/463/155 345/464/155 346/465/155
f 347/466/156 348/467/156 349/468/156
f 350/469/157 351/470/157 352/471/157
f 353/472/158 350/473/158 352/474/158
f 354/475/159 355/476/159 356/477/159
f 357/478/160 358/479/160 359/480/160
f 359/481/161 358/482/161 360/483/161
f 361/484/162 362/485/162 363/486/162
f 364/487/163 365/488/163 366/489/163
f 367/490/164 368/491/164 369/492/164
f 370/493/165 371/494/165 372/495/165
f 373/496/166 374/497/166 375/498/166
f 374/499/167 373/500/167 376/501/167
f 376/502/168 377/503/168 374/504/168
f 377/505/169 376/506/169 378/507/169
f 379/508/170 380/509/170 381/510/170
f 380/511/171 379/512/171 382/513/171
f 383/514/172 381/515/172 380/516/172
f 381/517/173 383/518/173 384/519/173
f 385/520/174 386/521/174 387/522/174
f 386/523/175 385/524/175 388/525/175
f 389/526/176 390/527/176 391/528/176
f 392/529/177 393/530/177 394/531/177
f 393/532/178 392/533/178 395/534/178
f 396/535/179 397/536/179 398/537/179
f 397/538/180 396/539/180 399/540/180
f 400/541/181 401/542/181 402/543/181
f 403/544/182 404/545/182 405/546/182
f 404/547/183 406/548/183 405/549/183
f 407/550/184 408/551/184 409/552/184
f 409/553/185 410/554/185 407/555/185
f 411/556/186 412/557/186 408/558/186
f 412/559/187 411/560/187 413/561/187
f 414/562/188 415/563/188 416/564/188
f 415/565/189 414/566/189 417/567/189
f 418/568/190 419/569/190 420/570/190
f 419/571/191 418/572/191 421/573/191
f 422/574/192 423/575/192 424/576/192
f 425/577/193 426/578/193 427/579/193
f 426/580/194 425/581/194 428/582/194
f 429/583/195 430/584/195 431/585/195
f 430/586/196 429/587/196 432/588/196
f 433/589/197 434/590/197 435/591/197
f 435/592/198 436/593/198 433/594/198
f 437/595/199 438/596/199 439/597/199
f 438/598/200 437/599/200 440/600/200
f 441/601/201 442/602/201 443/603/201
f 444/604/202 445/605/202 446/606/202
f 447/607/203 448/608/203 449/609/203
f 450/610/204 449/611/204 451/612/204
f 451/613/205 452/614/205 450/615/205
f 453/616/206 454/617/206 455/618/206
f 454/619/207 456/620/207 455/621/207
f 457/622/208 458/623/208 459/624/208
f 460/625/209 461/626/209 462/627/209
f 461/628/210 460/629/210 463/630/210
f 464/631/211 465/632/211 466/633/211
f 467/634/212 468/635/212 469/636/212
f 468/637/213 467/638/213 470/639/213
f 471/640/214 472/641/214 473/642/214
f 474/643/215 475/644/215 476/645/215
f 477/646/216 478/647/216 479/648/216
f 477/649/217 480/650/217 478/651/217
f 481/652/218 482/653/218 483/654/218
f 484/655/219 485/656/219 486/657/219
f 487/658/220 488/659/220 489/660/220
f 488/661/221 487/662/221 490/663/221
f 491/664/222 489/665/222 488/666/222
f 487/667/223 492/668/223 490/669/223
f 492/670/224 487/671/224 493/672/224
f 494/673/225 492/674/225 493/675/225
f 492/676/226 494/677/226 495/678/226
f 496/679/227 495/680/227 494/681/227
f 490/682/228 492/683/228 497/684/228
f 498/685/229 489/686/229 491/687/229
f 490/688/230 497/689/230 499/690/230
f 500/691/231 499/692/231 497/693/231
f 500/694/232 497/695/232 501/696/232
f 497/697/233 502/698/233 501/699/233
f 503/700/234 501/701/234 502/702/234
f 502/703/235 496/704/235 503/705/235
f 504/706/236 503/707/236 496/708/236
f 496/709/237 505/710/237 504/711/237
f 506/712/238 504/713/238 505/714/238
f 506/715/239 505/716/239 507/717/239
f 508/718/240 506/719/240 507/720/240
f 506/721/241 508/722/241 509/723/241
f 510/724/242 509/725/242 508/726/242
f 509/727/243 510/728/243 511/729/243
f 512/730/244 511/731/244 510/732/244
f 511/733/245 512/734/245 513/735/245
f 514/736/246 513/737/246 512/738/246
f 515/739/247 513/740/247 514/741/247
f 516/742/248 510/743/248 517/744/248
f 517/745/249 518/746/249 516/747/249
f 518/748/250 517/749/250 519/750/250
f 520/751/251 518/752/251 519/753/251
f 521/754/252 514/755/252 518/756/252
f 518/757/253 520/758/253 521/759/253
f 520/760/254 522/761/254 521/762/254
f 522/763/255 520/764/255 523/765/255
f 514/766/256 521/767/256 524/768/256
f 524/769/257 515/770/257 514/771/257
f 523/772/258 525/773/258 522/774/258
f 515/775/259 524/776/259 526/777/259
f 526/778/260 527/779/260 515/780/260
f 524/781/261 528/782/261 526/783/261
f 527/784/262 526/785/262 529/786/262
f 529/787/263 530/788/263 527/789/263
f 529/790/264 531/791/264 530/792/264
f 528/793/265 524/794/265 532/795/265
f 532/796/266 533/797/266 528/798/266
f 533/799/267 532/800/267 525/801/267
f 534/802/268 535/803/268 536/804/268
f 537/805/269 538/806/269 539/807/269
f 538/808/270 537/809/270 540/810/270
f 541/811/271 542/812/271 543/813/271
f 542/814/272 541/815/272 544/816/272
f 545/817/273 546/818/273 547/819/273
f 548/820/274 549/821/274 550/822/274
f 549/823/275 548/824/275 551/825/275
f 552/826/276 553/827/276 554/828/276
f 555/829/277 556/830/277 557/831/277
f 558/832/278 559/833/278 560/834/278
f 561/835/279 562/836/279 563/837/279
f 562/838/280 561/839/280 564/840/280
f 565/841/281 566/842/281 567/843/281
f 566/844/282 565/845/282 568/846/282
f 569/847/283 570/848/283 571/849/283
f 572/850/284 573/851/284 574/852/284
f 575/853/285 576/854/285 577/855/285
f 576/856/286 578/857/286 577/858/286
f 579/859/287 580/860/287 581/861/287
f 582/862/288 583/863/288 584/864/288
f 585/865/289 586/866/289 587/867/289
f 588/868/290 589/869/290 590/870/290
f 591/871/291 592/872/291 593/873/291
f 594/874/292 595/875/292 596/876/292
f 595/877/293 594/878/293 597/879/293
f 598/880/294 599/881/294 600/882/294
f 601/883/295 602/884/295 603/885/295
f 604/886/296 605/887/296 606/888/296
f 607/889/297 608/890/297 609/891/297
f 610/892/298 611/893/298 612/894/298
f 613/895/299 614/896/299 615/897/299
f 614/898/300 613/899/300 616/900/300
f 617/901/301 618/902/301 619/903/301
f 618/904/302 617/905/302 620/906/302
f 621/907/303 622/908/303 620/909/303
f 622/910/304 621/911/304 623/912/304
f 624/913/305 625/914/305 626/915/305
f 626/916/306 625/917/306 627/918/306
f 628/919/307 629/920/307 630/921/307
f 629/922/308 628/923/308 631/924/308
f 632/925/309 633/926/309 634/927/309
f 632/928/310 634/929/310 635/930/310
f 636/931/311 637/932/311 633/933/311
f 638/934/312 637/935/312 636/936/312
f 639/937/313 640/938/313 641/939/313
f 639/940/314 641/941/314 642/942/314
f 643/943/315 644/944/315 645/945/315
f 646/946/316 647/947/316 648/948/316
f 647/949/317 646/950/317 649/951/317
f 650/952/318 651/953/318 652/954/318
f 653/955/319 654/956/319 655/957/319
f 654/958/320 653/959/320 656/960/320
f 657/961/321 658/962/321 659/963/321
f 660/964/322 661/965/322 662/966/322
f 663/967/323 664/968/323 665/969/323
f 666/970/324 667/971/324 668/972/324
f 667/973/325 666/974/325 669/975/325
f 670/976/326 671/977/326 672/978/326
f 671/979/327 673/980/327 672/981/327
f 674/982/328 675/983/328 676/984/328
f 675/985/329 677/986/329 676/987/329
f 678/988/330 679/989/330 680/990/330
f 679/991/331 678/992/331 681/993/331
f 682/994/332 681/995/332 683/996/332
f 683/997/333 684/998/333 682/999/333
f 685/1000/334 686/1001/334 687/1002/334
f 685/1003/335 687/1004/335 688/1005/335
f 689/1006/336 690/1007/336 688/1008/336
f 690/1009/337 689/1010/337 691/1011/337
f 692/1012/338 693/1013/338 694/1014/338
f 695/1015/339 696/1016/339 697/1017/339
f 696/1018/340 695/1019/340 698/1020/340
f 699/1021/341 700/1022/341 701/1023/341
f 700/1024/342 702/1025/342 701/1026/342
f 703/1027/343 704/1028/343 705/1029/343
f 704/1030/344 703/1031/344 706/1032/344
f 707/1033/345 708/1034/345 709/1035/345
f 710/1036/346 711/1037/346 712/1038/346
f 712/1039/347 713/1040/347 710/1041/347
f 714/1042/348 715/1043/348 716/1044/348
f 717/1045/349 718/1046/349 719/1047/349
f 718/1048/350 717/1049/350 720/1050/350
f 721/1051/351 722/1052/351 723/1053/351
f 724/1054/352 725/1055/352 726/1056/352
f 727/1057/353 728/1058/353 729/1059/353
f 728/1060/354 727/1061/354 730/1062/354
f 731/1063/355 732/1064/355 733/1065/355
f 734/1066/356 735/1067/356 736/1068/356
f 737/1069/357 738/1070/357 736/1071/357
f 735/1072/358 734/1073/358 739/1074/358
f 734/1075/359 740/1076/359 739/1077/359
f 740/1078/360 734/1079/360 741/1080/360
f 742/1081/361 741/1082/361 743/1083/361
f 744/1084/362 745/1085/362 746/1086/362
f 747/1087/363 745/1088/363 744/1089/363
f 748/1090/364 749/1091/364 750/1092/364
f 751/1093/365 752/1094/365 753/1095/365
f 754/1096/366 752/1097/366 751/1098/366
f 755/1099/367 756/1100/367 757/1101/367
f 756/1102/368 758/1103/368 757/1104/368
f 759/1105/369 760/1106/369 761/1107/369
f 762/1108/370 759/1109/370 761/1110/370
f 759/1111/371 762/1112/371 763/1113/371
f 762/1114/372 764/1115/372 763/1116/372
f 764/1117/373 762/1118/373 765/1119/373
f 766/1120/374 765/1121/374 767/1122/374
f 768/1123/375 769/1124/375 770/1125/375
f 769/1126/376 768/1127/376 771/1128/376
f 772/1129/377 773/1130/377 770/1131/377
f 774/1132/378 771/1133/378 775/1134/378
f 776/1135/379 774/1136/379 775/1137/379
f 776/1138/380 777/1139/380 774/1140/380
f 777/1141/381 776/1142/381 778/1143/381
f 779/1144/382 780/1145/382 778/1146/382
f 780/1147/383 779/1148/383 781/1149/383
f 781/1150/384 782/1151/384 783/1152/384
f 783/1153/385 782/1154/385 784/1155/385
f 785/1156/386 786/1157/386 787/1158/386
f 786/1159/387 785/1160/387 788/1161/387
f 788/1162/388 785/1163/388 789/1164/388
f 788/1165/389 789/1166/389 790/1167/389
f 791/1168/390 792/1169/390 790/1170/390
f 792/1171/391 791/1172/391 793/1173/391
f 793/1174/392 794/1175/392 795/1176/392
f 796/1177/393 797/1178/393 787/1179/393
f 797/1180/394 796/1181/394 798/1182/394
f 799/1183/395 800/1184/395 798/1185/395
f 800/1186/396 799/1187/396 801/1188/396
f 802/1189/397 803/1190/397 804/1191/397
f 803/1192/398 802/1193/398 805/1194/398
f 806/1195/399 807/1196/399 808/1197/399
f 809/1198/400 810/1199/400 811/1200/400
f 810/1201/401 809/1202/401 812/1203/401
f 813/1204/402 814/1205/402 815/1206/402
f 814/1207/403 816/1208/403 815/1209/403
f 817/1210/404 818/1211/404 819/1212/404
f 818/1213/405 817/1214/405 820/1215/405
f 821/1216/406 822/1217/406 823/1218/406
f 824/1219/407 825/1220/407 826/1221/407
f 827/1222/408 828/1223/408 829/1224/408
f 829/1225/409 830/1226/409 827/1227/409
f 831/1228/410 832/1229/410 830/1230/410
f 832/1231/411 831/1232/411 833/1233/411
f 834/1234/412 835/1235/412 836/1236/412
f 837/1237/413 838/1238/413 839/1239/413
f 840/1240/414 841/1241/414 839/1242/414
f 842/1243/415 843/1244/415 837/1245/415
f 843/1246/416 842/1247/416 844/1248/416
f 845/1249/417 846/1250/417 847/1251/417
f 846/1252/418 845/1253/418 848/1254/418
f 849/1255/419 850/1256/419 851/1257/419
f 850/1258/420 849/1259/420 852/1260/420
f 853/1261/421 854/1262/421 855/1263/421
f 856/1264/422 857/1265/422 855/1266/422
f 854/1267/423 858/1268/423 859/1269/423
f 858/1270/424 860/1271/424 859/1272/424
f 861/1273/425 862/1274/425 863/1275/425
f 862/1276/426 864/1277/426 863/1278/426
f 865/1279/427 866/1280/427 867/1281/427
f 867/1282/428 868/1283/428 865/1284/428
f 869/1285/429 870/1286/429 871/1287/429
f 869/1288/430 871/1289/430 872/1290/430
f 873/1291/431 872/1292/431 874/1293/431
f 874/1294/432 875/1295/432 873/1296/432
f 876/1297/433 877/1298/433 870/1299/433
f 877/1300/434 876/1301/434 878/1302/434
f 877/1303/435 878/1304/435 879/1305/435
f 877/1306/436 879/1307/436 880/1308/436
f 881/1309/437 882/1310/437 879/1311/437
f 882/1312/438 881/1313/438 883/1314/438
f 883/1315/439 884/1316/439 885/1317/439
f 886/1318/440 887/1319/440 888/1320/440
f 889/1321/441 890/1322/441 891/1323/441
f 890/1324/442 892/1325/442 891/1326/442
f 893/1327/443 890/1328/443 889/1329/443
f 894/1330/444 890/1331/444 893/1332/444
f 894/1333/445 895/1334/445 896/1335/445
f 895/1336/446 897/1337/446 896/1338/446
f 898/1339/447 899/1340/447 891/1341/447
f 899/1342/448 898/1343/448 900/1344/448
f 900/1345/449 901/1346/449 902/1347/449
f 903/1348/450 904/1349/450 897/1350/450
f 904/1351/451 903/1352/451 905/1353/451
f 906/1354/452 907/1355/452 908/1356/452
f 909/1357/453 910/1358/453 911/1359/453
f 910/1360/454 912/1361/454 911/1362/454
f 910/1363/455 913/1364/455 912/1365/455
f 912/1366/456 913/1367/456 914/1368/456
f 914/1369/457 915/1370/457 916/1371/457
f 915/1372/458 917/1373/458 916/1374/458
f 916/1375/459 917/1376/459 918/1377/459
f 919/1378/460 918/1379/460 917/1380/460
f 920/1381/461 921/1382/461 922/1383/461
f 923/1384/462 924/1385/462 925/1386/462
f 924/1387/463 923/1388/463 926/1389/463
f 927/1390/464 928/1391/464 929/1392/464
f 930/1393/465 931/1394/465 932/1395/465
f 931/1396/466 930/1397/466 933/1398/466
f 934/1399/467 935/1400/467 933/1401/467
f 935/1402/468 934/1403/468 936/1404/468
f 936/1405/469 937/1406/469 935/1407/469
f 935/1408/470 937/1409/470 938/1410/470
f 939/1411/471 938/1412/471 940/1413/471
f 940/1414/472 941/1415/472 939/1416/472
f 941/1417/473 942/1418/473 943/1419/473
f 944/1420/474 945/1421/474 946/1422/474
f 947/1423/475 945/1424/475 1/1425/475
f 948/1426/476 947/1427/476 1/1428/476
f 949/1429/477 950/1430/477 951/1431/477
f 949/1432/478 951/1433/478 952/1434/478
f 953/1435/479 954/1436/479 955/1437/479
f 956/1438/480 957/1439/480 958/1440/480
f 959/1441/481 960/1442/481 961/1443/481
f 962/1444/482 963/1445/482 964/1446/482
f 965/1447/483 966/1448/483 967/1449/483
f 966/1450/484 968/1451/484 967/1452/484
f 969/1453/485 970/1454/485 971/1455/485
f 970/1456/486 969/1457/486 972/1458/486
f 973/1459/487 974/1460/487 975/1461/487
f 974/1462/488 973/1463/488 976/1464/488
f 977/1465/489 978/1466/489 976/1467/489
f 978/1468/490 977/1469/490 979/1470/490
f 980/1471/491 981/1472/491 979/1473/491
f 981/1474/492 980/1475/492 982/1476/492
f 983/1477/493 982/1478/493 984/1479/493
f 984/1480/494 985/1481/494 983/1482/494
f 986/1483/495 983/1484/495 985/1485/495
f 987/1486/496 983/1487/496 986/1488/496
f 988/1489/497 989/1490/497 987/1491/497
f 989/1492/498 988/1493/498 990/1494/498
f 991/1495/499 992/1496/499 993/1497/499
f 994/1498/500 995/1499/500 996/1500/500
f 997/1501/501 998/1502/501 999/1503/501
f 1000/1504/502 1001/1505/502 1002/1506/502
f 1003/1507/503 1004/1508/503 1005/1509/503
f 1004/1510/504 1003/1511/504 1006/1512/504
f 1007/1513/505 1008/1514/505 1009/1515/505
f 1010/1516/506 1011/1517/506 1012/1518/506
f 1011/1519/507 1010/1520/507 1013/1521/507
f 1014/1522/508 1015/1523/508 1016/1524/508
f 1017/1525/509 1018/1526/509 1019/1527/509
f 1020/1528/510 1021/1529/510 1022/1530/510
f 1023/1531/511 1024/1532/511 1025/1533/511
f 1026/1534/512 1027/1535/512 1028/1536/512
f 1028/1537/513 1029/1538/513 1026/1539/513
f 1030/1540/514 1031/1541/514 1032/1542/514
f 1033/1543/515 1034/1544/515 1035/1545/515
f 1036/1546/516 1037/1547/516 1038/1548/516
f 1039/1549/517 1040/1550/517 1041/1551/517
f 1042/1552/518 1043/1553/518 1044/1554/518
f 1045/1555/519 1046/1556/519 1047/1557/519
f 1048/1558/520 1049/1559/520 1050/1560/520
f 1051/1561/521 1052/1562/521 1053/1563/521
f 1054/1564/522 1055/1565/522 1056/1566/522
f 1057/1567/523 1058/1568/523 1059/1569/523
f 1060/1570/524 1061/1571/524 1062/1572/524
f 1063/1573/525 1064/1574/525 1065/1575/525
f 1064/1576/526 1063/1577/526 1066/1578/526
f 1067/1579/527 1068/1580/527 1069/1581/527
f 1070/1582/528 1071/1583/528 1072/1584/528
f 1073/1585/529 1074/1586/529 1075/1587/529
f 1076/1588/530 1077/1589/530 1078/1590/530
f 1077/1591/531 1076/1592/531 1079/1593/531
f 1080/1594/532 1081/1595/532 1078/1596/532
f 1081/1597/533 1080/1598/533 1082/1599/533
f 1083/1600/534 1084/1601/534 1082/1602/534
f 1085/1603/535 1086/1604/535 1087/1605/535
f 1088/1606/536 1089/1607/536 1090/1608/536
f 1089/1609/537 1088/1610/537 1091/1611/537
f 1092/1612/538 1093/1613/538 1094/1614/538
f 1093/1615/539 1092/1616/539 1095/1617/539
f 1096/1618/540 1097/1619/540 1098/1620/540
f 1099/1621/541 1100/1622/541 1101/1623/541
f 1100/1624/542 1099/1625/542 1102/1626/542
f 1103/1627/543 1104/1628/543 1105/1629/543
f 1106/1630/544 1107/1631/544 1108/1632/544
f 1108/1633/545 1109/1634/545 1106/1635/545
f 1110/1636/546 1111/1637/546 1112/1638/546
f 1112/1639/547 1111/1640/547 1113/1641/547
f 1114/1642/548 1112/1643/548 1113/1644/548
f 1112/1645/549 1114/1646/549 1115/1647/549
f 1116/1648/550 1117/1649/550 1118/1650/550
f 1119/1651/551 1120/1652/551 1121/1653/551
f 1121/1654/552 1120/1655/552 1122/1656/552
f 1123/1657/553 1124/1658/553 1125/1659/553
f 1125/1660/554 1126/1661/554 1123/1662/554
f 1127/1663/555 1128/1664/555 1129/1665/555
f 1128/1666/556 1127/1667/556 1130/1668/556
f 1131/1669/557 1132/1670/557 1133/1671/557
f 1134/1672/558 1135/1673/558 1136/1674/558
f 1137/1675/559 1138/1676/559 1139/1677/559
f 1140/1678/560 1139/1679/560 1141/1680/560
f 1140/1681/561 1141/1682/561 1142/1683/561
f 1143/1684/562 1144/1685/562 1145/1686/562
f 1144/1687/563 1143/1688/563 1146/1689/563
f 1147/1690/564 1148/1691/564 1149/1692/564
f 1150/1693/565 1151/1694/565 1152/1695/565
f 1153/1696/566 1154/1697/566 1155/1698/566
f 1156/1699/567 1157/1700/567 1158/1701/567
f 1159/1702/568 1160/1703/568 1161/1704/568
f 1162/1705/569 1163/1706/569 1164/1707/569
f 1165/1708/570 1166/1709/570 1167/1710/570
f 1168/1711/571 1169/1712/571 1170/1713/571
f 1170/1714/572 1171/1715/572 1168/1716/572
f 1172/1717/573 1173/1718/573 1174/1719/573
f 1175/1720/574 1176/1721/574 1177/1722/574
f 1178/1723/575 1179/1724/575 1180/1725/575
f 1181/1726/576 1178/1727/576 1180/1728/576
f 1182/1729/577 1178/1730/577 1181/1731/577
f 1181/1732/578 1183/1733/578 1182/1734/578
f 1183/1735/579 1181/1736/579 1184/1737/579
f 1185/1738/580 1186/1739/580 1184/1740/580
f 1187/1741/581 1188/1742/581 1189/1743/581
f 1190/1744/582 1191/1745/582 1192/1746/582
f 1193/1747/583 1194/1748/583 1195/1749/583
f 1195/1750/584 1196/1751/584 1197/1752/584
f 1194/1753/585 1193/1754/585 1198/1755/585
f 1199/1756/586 1198/1757/586 1193/1758/586
f 1193/1759/587 1200/1760/587 1199/1761/587
f 1201/1762/588 1199/1763/588 1200/1764/588
f 1202/1765/589 1203/1766/589 1204/1767/589
f 1205/1768/590 1206/1769/590 1207/1770/590
f 1208/1771/591 1209/1772/591 1210/1773/591
f 1211/1774/592 1212/1775/592 1213/1776/592
f 1214/1777/593 1215/1778/593 1216/1779/593
f 1215/1780/594 1214/1781/594 1217/1782/594
f 1214/1783/595 1216/1784/595 1218/1785/595
f 1218/1786/596 1219/1787/596 1214/1788/596
f 1220/1789/597 1221/1790/597 1222/1791/597
f 1223/1792/598 1224/1793/598 1225/1794/598
f 1226/1795/599 1227/1796/599 1228/1797/599
f 1230/1798/600 1229/1799/600 1231/1800/600
f 1232/1801/601 1233/1802/601 1234/1803/601
f 1233/1804/602 1232/1805/602 1235/1806/602
f 1232/1807/603 1234/1808/603 1236/1809/603
f 1232/1810/604 1236/1811/604 1237/1812/604
f 1238/1813/605 1239/1814/605 1240/1815/605
f 1239/1816/606 1238/1817/606 1241/1818/606
f 1242/1819/607 1243/1820/607 1244/1821/607
f 1245/1822/608 1246/1823/608 1247/1824/608
f 1248/1825/609 1249/1826/609 1250/1827/609
f 1251/1828/610 1252/1829/610 1253/1830/610
f 1254/1831/611 1255/1832/611 1256/1833/611
f 1257/1834/612 1258/1835/612 1259/1836/612
f 1260/1837/613 1261/1838/613 1262/1839/613
f 1261/1840/614 1260/1841/614 1263/1842/614
f 1264/1843/615 1265/1844/615 1266/1845/615
f 1267/1846/616 1268/1847/616 1269/1848/616
f 1270/1849/617 1271/1850/617 1272/1851/617
f 1273/1852/618 1272/1853/618 1271/1854/618
f 1274/1855/619 1275/1856/619 1276/1857/619
f 1277/1858/620 1278/1859/620 1279/1860/620
f 1280/1861/621 1281/1862/621 1282/1863/621
f 1283/1864/622 1284/1865/622 1285/1866/622
f 1285/1867/623 1284/1868/623 1286/1869/623
f 1287/1870/624 1288/1871/624 1289/1872/624
f 1287/1873/625 1290/1874/625 1288/1875/625
f 1291/1876/626 1292/1877/626 1293/1878/626
f 1292/1879/627 1294/1880/627 1293/1881/627
f 525/1882/628 1295/1883/628 533/1884/628
f 525/1885/629 523/1886/629 1296/1887/629
f 1295/1888/630 525/1889/630 1297/1890/630
f 1298/1891/631 1296/1892/631 1299/1893/631
f 1295/1894/632 1300/1895/632 1301/1896/632
f 1300/1897/633 1295/1898/633 1302/1899/633
f 1297/1900/634 1302/1901/634 1295/1902/634
f 1302/1903/635 1303/1904/635 1300/1905/635
f 1303/1906/636 1302/1907/636 1304/1908/636
f 1297/1909/637 1305/1910/637 1302/1911/637
f 1296/1912/638 1305/1913/638 1297/1914/638
f 1305/1915/639 1304/1916/639 1302/1917/639
f 1296/1918/640 1298/1919/640 1306/1920/640
f 1305/1921/641 1296/1922/641 1306/1923/641
f 1307/1924/642 1306/1925/642 1298/1926/642
f 1306/1927/643 1307/1928/643 1308/1929/643
f 1309/1930/644 1306/1931/644 1308/1932/644
f 1306/1933/645 1309/1934/645 1305/1935/645
f 1305/1936/646 1309/1937/646 1304/1938/646
f 1309/1939/647 1310/1940/647 1304/1941/647
f 1311/1942/648 1310/1943/648 1309/1944/648
f 1312/1945/649 1310/1946/649 1311/1947/649
f 1310/1948/650 1312/1949/650 1313/1950/650
f 1312/1951/651 1314/1952/651 1313/1953/651
f 1314/1954/652 1315/1955/652 1313/1956/652
f 1313/1957/653 1315/1958/653 1316/1959/653
f 1315/1960/654 1317/1961/654 1316/1962/654
f 1314/1963/655 1318/1964/655 1315/1965/655
f 1315/1966/656 1319/1967/656 1317/1968/656
f 1318/1969/657 1319/1970/657 1315/1971/657
f 1319/1972/658 1320/1973/658 1317/1974/658
f 491/1975/659 1319/1976/659 1318/1977/659
f 1319/1978/660 491/1979/660 1321/1980/660
f 1322/1981/661 1321/1982/661 491/1983/661
f 1321/1984/662 1322/1985/662 1323/1986/662
f 499/1987/663 1323/1988/663 1322/1989/663
f 1323/1990/664 499/1991/664 1324/1992/664
f 499/1993/665 500/1994/665 1324/1995/665
f 1325/1996/666 1324/1997/666 500/1998/666
f 1324/1999/667 1325/2000/667 1326/2001/667
f 1327/2002/668 1326/2003/668 1325/2004/668
f 1326/2005/669 1327/2006/669 1328/2007/669
f 1314/2008/670 498/2009/670 1318/2010/670
f 498/2011/671 1314/2012/671 1329/2013/671
f 1312/2014/672 1329/2015/672 1314/2016/672
f 1329/2017/673 1312/2018/673 1330/2019/673
f 1331/2020/674 1329/2021/674 1330/2022/674
f 1329/2023/675 1331/2024/675 1332/2025/675
f 1332/2026/676 498/2027/676 1329/2028/676
f 498/2029/677 1332/2030/677 1333/2031/677
f 1334/2032/678 1335/2033/678 1336/2034/678
f 1337/2035/679 1338/2036/679 1339/2037/679
f 1338/2038/680 1340/2039/680 1339/2040/680
f 1341/2041/681 1337/2042/681 1342/2043/681
f 1342/2044/682 1343/2045/682 1341/2046/682
f 1344/2047/683 1345/2048/683 1346/2049/683
f 1347/2050/684 1348/2051/684 1349/2052/684
f 1348/2053/685 1347/2054/685 1350/2055/685
f 1351/2056/686 1352/2057/686 1353/2058/686
f 1352/2059/687 1351/2060/687 1354/2061/687
f 1355/2062/688 1356/2063/688 1353/2064/688
f 1356/2065/689 1355/2066/689 1357/2067/689
f 1358/2068/690 1359/2069/690 1357/2070/690
f 1359/2071/691 1358/2072/691 1360/2073/691
f 1361/2074/692 1362/2075/692 1360/2076/692
f 1362/2077/693 1361/2078/693 1363/2079/693
f 1364/2080/694 1365/2081/694 1366/2082/694
f 1365/2083/695 1367/2084/695 1366/2085/695
f 1368/2086/696 1369/2087/696 1370/2088/696
f 1371/2089/697 1372/2090/697 1373/2091/697
f 1374/2092/698 1375/2093/698 1376/2094/698
f 1377/2095/699 1378/2096/699 1379/2097/699
f 1378/2098/700 1380/2099/700 1379/2100/700
f 1377/2101/701 1381/2102/701 1382/2103/701
f 1382/2104/702 1381/2105/702 1383/2106/702
f 1384/2107/703 1385/2108/703 1380/2109/703
f 1385/2110/704 1384/2111/704 1386/2112/704
f 1386/2113/705 1387/2114/705 1388/2115/705
f 1387/2116/706 1389/2117/706 1388/2118/706
f 1390/2119/707 1391/2120/707 1392/2121/707
f 1393/2122/708 1394/2123/708 1395/2124/708
f 1394/2125/709 1393/2126/709 1396/2127/709
f 1397/2128/710 1398/2129/710 1399/2130/710
f 1400/2131/711 1401/2132/711 1402/2133/711
f 1403/2134/712 1404/2135/712 1405/2136/712
f 1406/2137/713 1407/2138/713 1408/2139/713
f 1407/2140/714 1406/2141/714 1409/2142/714
f 1410/2143/715 1411/2144/715 1412/2145/715
f 1413/2146/716 1414/2147/716 1415/2148/716
f 1416/2149/717 1417/2150/717 1418/2151/717
f 1419/2152/718 1420/2153/718 1421/2154/718
f 1420/2155/719 1422/2156/719 1421/2157/719
f 1423/2158/720 1424/2159/720 1425/2160/720
f 1424/2161/721 1423/2162/721 1426/2163/721
f 1427/2164/722 1425/2165/722 1428/2166/722
f 1429/2167/723 1427/2168/723 1428/2169/723
f 1430/2170/724 1431/2171/724 1432/2172/724
f 1432/2173/725 1431/2174/725 1433/2175/725
f 1434/2176/726 1435/2177/726 1436/2178/726
f 1437/2179/727 1438/2180/727 1439/2181/727
f 1440/2182/728 1441/2183/728 1442/2184/728
f 1443/2185/729 1444/2186/729 1445/2187/729
f 1446/2188/730 1447/2189/730 1448/2190/730
f 1447/2191/731 1446/2192/731 1449/2193/731
f 1450/2194/732 1451/2195/732 1452/2196/732
f 1451/2197/733 1453/2198/733 1452/2199/733
f 1454/2200/734 1455/2201/734 1456/2202/734
f 1457/2203/735 1458/2204/735 1459/2205/735
f 1460/2206/736 1461/2207/736 1462/2208/736
f 1463/2209/737 1462/2210/737 1461/2211/737
f 1464/2212/738 1465/2213/738 1466/2214/738
f 1465/2215/739 1464/2216/739 1467/2217/739
f 1468/2218/740 1469/2219/740 1470/2220/740
f 1471/2221/741 1472/2222/741 1473/2223/741
f 1474/2224/742 1475/2225/742 1476/2226/742
f 1475/2227/743 1474/2228/743 1477/2229/743
f 1478/2230/744 1479/2231/744 1480/2232/744
f 1481/2233/745 1482/2234/745 1478/2235/745
f 1481/2236/746 1483/2237/746 1482/2238/746
f 1484/2239/747 1485/2240/747 1486/2241/747
f 1485/2242/748 1484/2243/748 1487/2244/748
f 1488/2245/749 1489/2246/749 1490/2247/749
f 1489/2248/750 1488/2249/750 1491/2250/750
f 1492/2251/751 1491/2252/751 1493/2253/751
f 1494/2254/752 1495/2255/752 1496/2256/752
f 1497/2257/753 1498/2258/753 1499/2259/753
f 1498/2260/754 1497/2261/754 1500/2262/754
f 1501/2263/755 1502/2264/755 1503/2265/755
f 1504/2266/756 1505/2267/756 1506/2268/756
f 1506/2269/757 1505/2270/757 1507/2271/757
f 1508/2272/758 1506/2273/758 1507/2274/758
f 1506/2275/759 1508/2276/759 1509/2277/759
f 1509/2278/760 1508/2279/760 1510/2280/760
f 1510/2281/761 1508/2282/761 1511/2283/761
f 1512/2284/762 1513/2285/762 1514/2286/762
f 1515/2287/763 1516/2288/763 1517/2289/763
f 1518/2290/764 1517/2291/764 1516/2292/764
f 1519/2293/765 1520/2294/765 1521/2295/765
f 1522/2296/766 1523/2297/766 1524/2298/766
f 1522/2299/767 1524/2300/767 1525/2301/767
f 1526/2302/768 1527/2303/768 1528/2304/768
f 1529/2305/769 1530/2306/769 1531/2307/769
f 1532/2308/770 1533/2309/770 1534/2310/770
f 1534/2311/771 1535/2312/771 1532/2313/771
f 1534/2314/772 1536/2315/772 1535/2316/772
f 1536/2317/773 1534/2318/773 1537/2319/773
f 1537/2320/774 1538/2321/774 1536/2322/774
f 1538/2323/775 1539/2324/775 1536/2325/775
f 1540/2326/776 1541/2327/776 1542/2328/776
f 1542/2329/777 1541/2330/777 1543/2331/777
f 1544/2332/778 1545/2333/778 1546/2334/778
f 1546/2335/779 1545/2336/779 1547/2337/779
f 1548/2338/780 1549/2339/780 1550/2340/780
f 1548/2341/781 1551/2342/781 1549/2343/781
f 1551/2344/782 1552/2345/782 1553/2346/782
f 1552/2347/783 1551/2348/783 1554/2349/783
f 1555/2350/784 1556/2351/784 1557/2352/784
f 1558/2353/785 1559/2354/785 1560/2355/785
f 1559/2356/786 1558/2357/786 1561/2358/786
f 1562/2359/787 1563/2360/787 1564/2361/787
f 1563/2362/788 1562/2363/788 1565/2364/788
f 1566/2365/789 1567/2366/789 1568/2367/789
f 1569/2368/790 1570/2369/790 1571/2370/790
f 1570/2371/791 1569/2372/791 1572/2373/791
f 1573/2374/792 1574/2375/792 1570/2376/792
f 1574/2377/793 1573/2378/793 1575/2379/793
f 1576/2380/794 1577/2381/794 1578/2382/794
f 1579/2383/795 1578/2384/795 1577/2385/795
f 1580/2386/796 1581/2387/796 1582/2388/796
f 1583/2389/797 1584/2390/797 1585/2391/797
f 1586/2392/798 1587/2393/798 1588/2394/798
f 1590/2395/799 1589/2396/799 1591/2397/799
f 1591/2398/800 1589/2399/800 1592/2400/800
f 1593/2401/801 1594/2402/801 1595/2403/801
f 1594/2404/802 1593/2405/802 1596/2406/802
f 1593/2407/803 1597/2408/803 1598/2409/803
f 1597/2410/804 1593/2411/804 1599/2412/804
f 1600/2413/805 1601/2414/805 1602/2415/805
f 1600/2416/806 1603/2417/806 1604/2418/806
f 1605/2419/807 1606/2420/807 1607/2421/807
f 1608/2422/808 1609/2423/808 1610/2424/808
f 1609/2425/809 1608/2426/809 1611/2427/809
f 1612/2428/810 1613/2429/810 1614/2430/810
f 1614/2431/811 1613/2432/811 1615/2433/811
f 1616/2434/812 1613/2435/812 1617/2436/812
f 1613/2437/813 1616/2438/813 1618/2439/813
f 1619/2440/814 1620/2441/814 1621/2442/814
f 1621/2443/815 1620/2444/815 1622/2445/815
f 1623/2446/816 1624/2447/816 1625/2448/816
f 1626/2449/817 1627/2450/817 1628/2451/817
f 1629/2452/818 1630/2453/818 1631/2454/818
f 1630/2455/819 1632/2456/819 1631/2457/819
f 1633/2458/820 1634/2459/820 1629/2460/820
f 1634/2461/821 1633/2462/821 1635/2463/821
f 1636/2464/822 1637/2465/822 1632/2466/822
f 1637/2467/823 1636/2468/823 1638/2469/823
f 1639/2470/824 1640/2471/824 1638/2472/824
f 1640/2473/825 1639/2474/825 1641/2475/825
f 1642/2476/826 1641/2477/826 1643/2478/826
f 1644/2479/827 1645/2480/827 1646/2481/827
f 1645/2482/828 1644/2483/828 1647/2484/828
f 1648/2485/829 1649/2486/829 1650/2487/829
f 1651/2488/830 1652/2489/830 1653/2490/830
f 1654/2491/831 1655/2492/831 1656/2493/831
f 1657/2494/832 1658/2495/832 1659/2496/832
f 1660/2497/833 1661/2498/833 1662/2499/833
f 1663/2500/834 1664/2501/834 1665/2502/834
f 1666/2503/835 1667/2504/835 1668/2505/835
f 1667/2506/836 1666/2507/836 1669/2508/836
f 1670/2509/837 1671/2510/837 1672/2511/837
f 1671/2512/838 1670/2513/838 1673/2514/838
f 1674/2515/839 1675/2516/839 1676/2517/839
f 1675/2518/840 1674/2519/840 1677/2520/840
f 1677/2521/841 1678/2522/841 1679/2523/841
f 1680/2524/842 1681/2525/842 1682/2526/842
f 1683/2527/843 1684/2528/843 1685/2529/843
f 1684/2530/844 1683/2531/844 1686/2532/844
f 1687/2533/845 1688/2534/845 1689/2535/845
f 1688/2536/846 1690/2537/846 1689/2538/846
f 1691/2539/847 1692/2540/847 1693/2541/847
f 1692/2542/848 1691/2543/848 1694/2544/848
f 1695/2545/849 1696/2546/849 1693/2547/849
f 1696/2548/850 1695/2549/850 1697/2550/850
f 1698/2551/851 1696/2552/851 1697/2553/851
f 1696/2554/852 1698/2555/852 975/2556/852
f 1699/2557/853 1700/2558/853 1701/2559/853
f 1701/2560/854 1702/2561/854 1699/2562/854
f 1703/2563/855 1704/2564/855 1705/2565/855
f 1706/2566/856 1707/2567/856 1708/2568/856
f 1706/2569/857 1708/2570/857 1709/2571/857
f 1710/2572/858 1711/2573/858 1712/2574/858
f 1711/2575/859 1710/2576/859 1713/2577/859
f 1714/2578/860 1715/2579/860 1716/2580/860
f 1714/2581/861 1716/2582/861 1717/2583/861
f 1718/2584/862 1719/2585/862 1720/2586/862
f 1720/2587/863 1719/2588/863 1721/2589/863
f 1722/2590/864 1723/2591/864 1724/2592/864
f 1723/2593/865 1722/2594/865 1725/2595/865
f 1726/2596/866 1727/2597/866 1728/2598/866
f 1727/2599/867 1726/2600/867 1729/2601/867
f 1730/2602/868 1731/2603/868 1732/2604/868
f 1733/2605/869 1734/2606/869 1735/2607/869
f 1733/2608/870 1736/2609/870 1734/2610/870
f 1737/2611/871 1735/2612/871 1738/2613/871
f 1739/2614/872 1740/2615/872 1741/2616/872
f 1742/2617/873 1743/2618/873 1744/2619/873
f 1745/2620/874 1744/2621/874 1743/2622/874
f 1746/2623/875 1747/2624/875 1748/2625/875
f 1747/2626/876 1746/2627/876 1749/2628/876
f 1746/2629/877 1750/2630/877 1751/2631/877
f 1752/2632/878 1751/2633/878 1750/2634/878
f 1753/2635/879 1754/2636/879 1755/2637/879
f 1756/2638/880 1757/2639/880 1758/2640/880
f 1757/2641/881 1756/2642/881 1759/2643/881
f 1760/2644/882 1761/2645/882 1762/2646/882
f 1763/2647/883 1764/2648/883 1765/2649/883
f 1764/2650/884 1766/2651/884 1765/2652/884
f 1767/2653/885 1764/2654/885 1763/2655/885
f 1768/2656/886 1767/2657/886 1763/2658/886
f 1769/2659/887 1767/2660/887 1768/2661/887
f 1770/2662/888 1769/2663/888 1768/2664/888
f 1771/2665/889 1772/2666/889 1773/2667/889
f 1773/2668/890 1774/2669/890 1771/2670/890
f 1775/2671/891 1776/2672/891 1777/2673/891
f 1776/2674/892 1775/2675/892 1778/2676/892
f 1779/2677/893 1780/2678/893 1781/2679/893
f 1782/2680/894 1783/2681/894 1784/2682/894
f 1784/2683/895 1783/2684/895 1785/2685/895
f 1783/2686/896 1786/2687/896 1785/2688/896
f 1785/2689/897 1786/2690/897 1787/2691/897
f 1786/2692/898 1788/2693/898 1787/2694/898
f 1789/2695/899 1787/2696/899 1788/2697/899
f 1790/2698/900 1791/2699/900 1792/2700/900
f 1793/2701/901 1794/2702/901 1795/2703/901
f 1794/2704/902 1793/2705/902 1796/2706/902
f 1797/2707/903 1798/2708/903 1799/2709/903
f 1800/2710/904 1801/2711/904 1802/2712/904
f 1802/2713/905 1803/2714/905 1804/2715/905
f 1803/2716/906 1805/2717/906 1804/2718/906
f 1806/2719/907 1807/2720/907 1808/2721/907
f 1809/2722/908 1810/2723/908 1811/2724/908
f 1812/2725/909 1810/2726/909 1809/2727/909
f 1813/2728/910 1814/2729/910 1815/2730/910
f 1814/2731/911 1813/2732/911 1816/2733/911
f 1817/2734/912 1816/2735/912 1813/2736/912
f 1816/2737/913 1817/2738/913 1818/2739/913
f 1819/2740/914 1818/2741/914 1817/2742/914
f 1817/2743/915 1820/2744/915 1819/2745/915
f 1821/2746/916 1819/2747/916 1820/2748/916
f 1820/2749/917 1822/2750/917 1821/2751/917
f 1822/2752/918 1823/2753/918 1821/2754/918
f 1823/2755/919 1824/2756/919 1821/2757/919
f 1825/2758/920 1824/2759/920 1823/2760/920
f 1824/2761/921 1825/2762/921 1826/2763/921
f 1825/2764/922 1827/2765/922 1826/2766/922
f 1827/2767/923 1825/2768/923 1828/2769/923
f 1828/2770/924 1829/2771/924 1827/2772/924
f 1829/2773/925 1828/2774/925 1830/2775/925
f 1831/2776/926 1832/2777/926 1833/2778/926
f 1834/2779/927 1835/2780/927 1836/2781/927
f 1837/2782/928 1838/2783/928 1839/2784/928
f 1838/2785/929 1837/2786/929 1840/2787/929
f 1841/2788/930 1842/2789/930 1843/2790/930
f 1842/2791/931 1841/2792/931 1844/2793/931
f 1845/2794/932 1846/2795/932 1847/2796/932
f 1848/2797/933 1849/2798/933 1850/2799/933
f 1849/2800/934 1848/2801/934 1851/2802/934
f 1852/2803/935 1853/2804/935 1854/2805/935
f 1855/2806/936 1856/2807/936 1857/2808/936
f 1858/2809/937 1859/2810/937 1860/2811/937
f 1859/2812/938 1858/2813/938 1861/2814/938
f 1862/2815/939 1863/2816/939 1864/2817/939
f 1865/2818/940 1866/2819/940 1867/2820/940
f 1868/2821/941 1869/2822/941 1870/2823/941
f 1871/2824/942 1872/2825/942 1873/2826/942
f 1872/2827/943 1871/2828/943 1874/2829/943
f 1875/2830/944 1876/2831/944 1877/2832/944
f 1878/2833/945 1879/2834/945 1880/2835/945
f 1881/2836/946 1882/2837/946 1883/2838/946
f 1884/2839/947 1885/2840/947 1886/2841/947
f 1885/2842/948 1884/2843/948 1887/2844/948
f 1888/2845/949 1889/2846/949 1886/2847/949
f 1890/2848/950 1891/2849/950 1892/2850/950
f 1893/2851/951 1894/2852/951 1892/2853/951
f 1895/2854/952 1896/2855/952 1897/2856/952
f 1898/2857/953 1899/2858/953 1900/2859/953
f 1899/2860/954 1898/2861/954 1901/2862/954
f 1902/2863/955 1903/2864/955 1904/2865/955
f 1904/2866/956 1905/2867/956 1902/2868/956
f 1906/2869/957 1907/2870/957 1908/2871/957
f 1907/2872/958 1906/2873/958 1909/2874/958
f 1910/2875/959 1911/2876/959 1912/2877/959
f 1913/2878/960 1914/2879/960 1915/2880/960
f 1916/2881/961 1917/2882/961 1918/2883/961
f 1918/2884/962 1919/2885/962 1920/2886/962
f 1921/2887/963 1922/2888/963 1923/2889/963
f 1924/2890/964 1925/2891/964 1926/2892/964
f 1927/2893/965 1928/2894/965 1929/2895/965
f 1930/2896/966 1931/2897/966 1932/2898/966
f 1933/2899/967 1934/2900/967 1935/2901/967
f 1936/2902/968 1937/2903/968 1938/2904/968
f 1939/2905/969 1940/2906/969 1941/2907/969
f 1942/2908/970 1943/2909/970 1944/2910/970
f 1945/2911/971 1946/2912/971 1947/2913/971
f 1948/2914/972 1949/2915/972 1950/2916/972
f 1951/2917/973 1952/2918/973 1953/2919/973
f 1954/2920/974 1955/2921/974 1956/2922/974
f 1957/2923/975 1958/2924/975 1959/2925/975
f 1960/2926/976 1961/2927/976 1962/2928/976
f 1963/2929/977 1964/2930/977 1965/2931/977
f 1966/2932/978 1967/2933/978 1968/2934/978
f 1968/2935/979 1967/2936/979 1969/2937/979
f 1970/2938/980 1971/2939/980 1972/2940/980
f 1973/2941/981 1974/2942/981 1975/2943/981
f 1976/2944/982 1977/2945/982 1978/2946/982
f 1979/2947/983 1980/2948/983 1981/2949/983
f 1979/2950/984 1981/2951/984 1982/2952/984
f 1983/2953/985 1984/2954/985 1985/2955/985
f 1984/2956/986 1983/2957/986 1986/2958/986
f 1987/2959/987 1988/2960/987 1989/2961/987
f 1990/2962/988 1991/2963/988 1992/2964/988
f 1993/2965/989 1994/2966/989 1992/2967/989
f 1995/2968/990 1996/2969/990 1997/2970/990
f 1998/2971/991 1999/2972/991 2000/2973/991
f 2001/2974/992 2002/2975/992 2003/2976/992
f 2002/2977/993 2001/2978/993 2004/2979/993
f 2005/2980/994 2006/2981/994 2007/2982/994
f 2008/2983/995 2009/2984/995 2010/2985/995
f 2009/2986/996 2011/2987/996 2010/2988/996
f 2012/2989/997 2013/2990/997 2014/2991/997
f 2015/2992/998 2016/2993/998 2017/2994/998
f 2017/2995/999 2018/2996/999 2019/2997/999
f 2020/2998/1000 2021/2999/1000 2022/3000/1000
f 2023/3001/1001 2024/3002/1001 2025/3003/1001
f 2026/3004/1002 2027/3005/1002 2028/3006/1002
f 2029/3007/1003 2026/3008/1003 2028/3009/1003
f 2027/3010/1004 2026/3011/1004 2030/3012/1004
f 2030/3013/1005 2031/3014/1005 2027/3015/1005
f 2032/3016/1006 2027/3017/1006 2031/3018/1006
f 2026/3019/1007 2029/3020/1007 2033/3021/1007
f 2034/3022/1008 2033/3023/1008 2029/3024/1008
f 2029/3025/1009 2035/3026/1009 2034/3027/1009
f 2037/3028/1010 2036/3029/1010 2038/3030/1010
f 2040/3031/1011 2039/3032/1011 2041/3033/1011
f 2042/3034/1012 2043/3035/1012 2044/3036/1012
f 2045/3037/1013 2046/3038/1013 2047/3039/1013
f 2048/3040/1014 2049/3041/1014 2050/3042/1014
f 2049/3043/1015 2048/3044/1015 2051/3045/1015
f 2052/3046/1016 2053/3047/1016 2054/3048/1016
f 2055/3049/1017 2056/3050/1017 2057/3051/1017
f 2058/3052/1018 2059/3053/1018 2060/3054/1018
f 2059/3055/1019 2058/3056/1019 2061/3057/1019
f 2062/3058/1020 2063/3059/1020 2064/3060/1020
f 2065/3061/1021 2066/3062/1021 2067/3063/1021
f 2068/3064/1022 2069/3065/1022 2070/3066/1022
f 2071/3067/1023 2072/3068/1023 2073/3069/1023
f 2072/3070/1024 2071/3071/1024 2074/3072/1024
f 2075/3073/1025 2076/3074/1025 2077/3075/1025
f 2078/3076/1026 2079/3077/1026 2080/3078/1026
f 2081/3079/1027 2082/3080/1027 2083/3081/1027
f 2082/3082/1028 2081/3083/1028 2084/3084/1028
f 2085/3085/1029 2086/3086/1029 2087/3087/1029
f 2085/3088/1030 2087/3089/1030 2088/3090/1030
f 2089/3091/1031 2090/3092/1031 2091/3093/1031
f 2091/3094/1032 2090/3095/1032 2092/3096/1032
f 2093/3097/1033 2094/3098/1033 2095/3099/1033
f 2096/3100/1034 2093/3101/1034 2097/3102/1034
f 2096/3103/1035 2098/3104/1035 2099/3105/1035
f 2098/3106/1036 2100/3107/1036 2101/3108/1036
f 2102/3109/1037 2103/3110/1037 2104/3111/1037
f 2105/3112/1038 2106/3113/1038 2107/3114/1038
f 2108/3115/1039 2109/3116/1039 2110/3117/1039
f 2108/3118/1040 2110/3119/1040 2111/3120/1040
f 2112/3121/1041 2113/3122/1041 2114/3123/1041
f 2115/3124/1042 2116/3125/1042 2117/3126/1042
f 2118/3127/1043 2119/3128/1043 2120/3129/1043
f 2121/3130/1044 2122/3131/1044 2123/3132/1044
f 2124/3133/1045 2125/3134/1045 2126/3135/1045
f 2127/3136/1046 2128/3137/1046 2129/3138/1046
f 2130/3139/1047 2131/3140/1047 2132/3141/1047
f 2133/3142/1048 2134/3143/1048 2135/3144/1048
f 2136/3145/1049 2137/3146/1049 2138/3147/1049
f 2137/3148/1050 2136/3149/1050 2139/3150/1050
f 2140/3151/1051 2141/3152/1051 2142/3153/1051
f 2143/3154/1052 2144/3155/1052 2145/3156/1052
f 2146/3157/1053 2147/3158/1053 2148/3159/1053
f 2149/3160/1054 2150/3161/1054 2151/3162/1054
f 2152/3163/1055 2153/3164/1055 2154/3165/1055
f 2155/3166/1056 2156/3167/1056 2157/3168/1056
f 2158/3169/1057 2159/3170/1057 2160/3171/1057
f 2161/3172/1058 2162/3173/1058 2158/3174/1058
f 2161/3175/1059 2163/3176/1059 2162/3177/1059
f 2164/3178/1060 2165/3179/1060 2166/3180/1060
f 2165/3181/1061 2164/3182/1061 2167/3183/1061
f 2168/3184/1062 2169/3185/1062 2170/3186/1062
f 2171/3187/1063 2172/3188/1063 2169/3189/1063
f 2173/3190/1064 2174/3191/1064 2175/3192/1064
f 2175/3193/1065 2174/3194/1065 2176/3195/1065
f 2173/3196/1066 2177/3197/1066 2178/3198/1066
f 2179/3199/1067 2180/3200/1067 2181/3201/1067
f 2182/3202/1068 2179/3203/1068 2183/3204/1068
f 2183/3205/1069 2184/3206/1069 2182/3207/1069
f 2185/3208/1070 2186/3209/1070 2187/3210/1070
f 2187/3211/1071 2186/3212/1071 2188/3213/1071
f 2188/3214/1072 2186/3215/1072 2189/3216/1072
f 2190/3217/1073 2191/3218/1073 2192/3219/1073
f 2191/3220/1074 2193/3221/1074 2192/3222/1074
f 2194/3223/1075 2195/3224/1075 2196/3225/1075
f 2196/3226/1076 2195/3227/1076 2197/3228/1076
f 2197/3229/1077 2195/3230/1077 2198/3231/1077
f 2199/3232/1078 2200/3233/1078 2201/3234/1078
f 2200/3235/1079 2202/3236/1079 2201/3237/1079
f 2203/3238/1080 2204/3239/1080 2205/3240/1080
f 2206/3241/1081 2207/3242/1081 2208/3243/1081
f 2207/3244/1082 2209/3245/1082 2208/3246/1082
f 2210/3247/1083 2211/3248/1083 2212/3249/1083
f 2211/3250/1084 2213/3251/1084 2212/3252/1084
f 2214/3253/1085 2215/3254/1085 2216/3255/1085
f 2217/3256/1086 2218/3257/1086 2219/3258/1086
f 2220/3259/1087 2217/3260/1087 2219/3261/1087
f 2221/3262/1088 2217/3263/1088 2220/3264/1088
f 2222/3265/1089 2219/3266/1089 2218/3267/1089
f 2218/3268/1090 2223/3269/1090 2222/3270/1090
f 2224/3271/1091 2222/3272/1091 2223/3273/1091
f 2225/3274/1092 2224/3275/1092 2223/3276/1092
f 2223/3277/1093 2226/3278/1093 2225/3279/1093
f 2227/3280/1094 2225/3281/1094 2226/3282/1094
f 2226/3283/1095 2228/3284/1095 2227/3285/1095
f 2229/3286/1096 2227/3287/1096 2228/3288/1096
f 2228/3289/1097 2230/3290/1097 2229/3291/1097
f 2231/3292/1098 2232/3293/1098 2233/3294/1098
f 2233/3295/1099 2234/3296/1099 2231/3297/1099
f 2235/3298/1100 2236/3299/1100 2237/3300/1100
f 2236/3301/1101 2235/3302/1101 2238/3303/1101
f 2239/3304/1102 2240/3305/1102 2241/3306/1102
f 2242/3307/1103 2243/3308/1103 2244/3309/1103
f 2243/3310/1104 2245/3311/1104 2244/3312/1104
f 2246/3313/1105 2247/3314/1105 2248/3315/1105
f 2247/3316/1106 2246/3317/1106 2249/3318/1106
f 2250/3319/1107 2251/3320/1107 2249/3321/1107
f 2251/3322/1108 2250/3323/1108 2252/3324/1108
f 2250/3325/1109 2253/3326/1109 2252/3327/1109
f 2253/3328/1110 2250/3329/1110 2254/3330/1110
f 2255/3331/1111 2256/3332/1111 2254/3333/1111
f 2256/3334/1112 2255/3335/1112 2257/3336/1112
f 2258/3337/1113 2257/3338/1113 2259/3339/1113
f 2259/3340/1114 2260/3341/1114 2258/3342/1114
f 2261/3343/1115 2262/3344/1115 2260/3345/1115
f 2262/3346/1116 2261/3347/1116 2263/3348/1116
f 2264/3349/1117 2265/3350/1117 2263/3351/1117
f 2266/3352/1118 2265/3353/1118 2264/3354/1118
f 2267/3355/1119 2268/3356/1119 2266/3357/1119
f 2268/3358/1120 2267/3359/1120 2269/3360/1120
f 2270/3361/1121 2271/3362/1121 2269/3363/1121
f 2271/3364/1122 2270/3365/1122 2272/3366/1122
f 2273/3367/1123 2274/3368/1123 2275/3369/1123
f 2276/3370/1124 2277/3371/1124 2278/3372/1124
f 2277/3373/1125 2276/3374/1125 2279/3375/1125
f 2276/3376/1126 2280/3377/1126 2279/3378/1126
f 2280/3379/1127 2276/3380/1127 2281/3381/1127
f 2281/3382/1128 2282/3383/1128 2280/3384/1128
f 2282/3385/1129 2281/3386/1129 2283/3387/1129
f 2284/3388/1130 2285/3389/1130 2286/3390/1130
f 2287/3391/1131 2288/3392/1131 2289/3393/1131
f 2290/3394/1132 2291/3395/1132 2292/3396/1132
f 2293/3397/1133 2294/3398/1133 2295/3399/1133
f 2294/3400/1134 2293/3401/1134 2296/3402/1134
f 2/3403/1135 2297/3404/1135 2298/3405/1135
f 2299/3406/1136 2298/3407/1136 2297/3408/1136
f 2300/3409/1137 2301/3410/1137 2302/3411/1137
f 2303/3412/1138 2304/3413/1138 2305/3414/1138
f 2306/3415/1139 2307/3416/1139 2308/3417/1139
f 2309/3418/1140 2310/3419/1140 2311/3420/1140
f 2312/3421/1141 2313/3422/1141 2314/3423/1141
f 2313/3424/1142 2315/3425/1142 2314/3426/1142
f 2316/3427/1143 2317/3428/1143 2312/3429/1143
f 2317/3430/1144 2316/3431/1144 2318/3432/1144
f 2319/3433/1145 2320/3434/1145 2318/3435/1145
f 2320/3436/1146 2319/3437/1146 2321/3438/1146
f 2315/3439/1147 2322/3440/1147 2323/3441/1147
f 2323/3442/1148 2322/3443/1148 2324/3444/1148
f 2325/3445/1149 2326/3446/1149 2321/3447/1149
f 2326/3448/1150 2325/3449/1150 2327/3450/1150
f 2328/3451/1151 2324/3452/1151 2329/3453/1151
f 2329/3454/1152 2330/3455/1152 2328/3456/1152
f 2331/3457/1153 2327/3458/1153 2332/3459/1153
f 2333/3460/1154 2331/3461/1154 2332/3462/1154
f 2334/3463/1155 2335/3464/1155 2330/3465/1155
f 2335/3466/1156 2334/3467/1156 2336/3468/1156
f 2336/3469/1157 2337/3470/1157 2338/3471/1157
f 2338/3472/1158 2337/3473/1158 2339/3474/1158
f 2340/3475/1159 2339/3476/1159 2341/3477/1159
f 2342/3478/1160 2339/3479/1160 2340/3480/1160
f 2343/3481/1161 2344/3482/1161 2345/3483/1161
f 2346/3484/1162 2347/3485/1162 2348/3486/1162
f 2349/3487/1163 2350/3488/1163 2351/3489/1163
f 2350/3490/1164 2349/3491/1164 2352/3492/1164
f 2353/3493/1165 2354/3494/1165 2355/3495/1165
f 2356/3496/1166 2357/3497/1166 2358/3498/1166
f 2357/3499/1167 2359/3500/1167 2358/3501/1167
f 2360/3502/1168 2361/3503/1168 2362/3504/1168
f 2363/3505/1169 2361/3506/1169 2360/3507/1169
f 2364/3508/1170 2365/3509/1170 2366/3510/1170
f 2367/3511/1171 2368/3512/1171 2369/3513/1171
f 2370/3514/1172 2367/3515/1172 2369/3516/1172
f 2369/3517/1173 2368/3518/1173 2371/3519/1173
f 2368/3520/1174 2372/3521/1174 2371/3522/1174
f 2372/3523/1175 2368/3524/1175 2373/3525/1175
f 2374/3526/1176 2372/3527/1176 2373/3528/1176
f 2375/3529/1177 2376/3530/1177 2377/3531/1177
f 2378/3532/1178 2379/3533/1178 2380/3534/1178
f 2381/3535/1179 2382/3536/1179 2383/3537/1179
f 2383/3538/1180 2382/3539/1180 2384/3540/1180
f 2385/3541/1181 2381/3542/1181 2383/3543/1181
f 2383/3544/1182 2386/3545/1182 2385/3546/1182
f 2387/3547/1183 2385/3548/1183 2386/3549/1183
f 2388/3550/1184 2389/3551/1184 2384/3552/1184
f 2390/3553/1185 2391/3554/1185 2392/3555/1185
f 2393/3556/1186 2394/3557/1186 2395/3558/1186
f 2396/3559/1187 2397/3560/1187 2398/3561/1187
f 2396/3562/1188 2398/3563/1188 2399/3564/1188
f 2400/3565/1189 2401/3566/1189 2402/3567/1189
f 2403/3568/1190 2404/3569/1190 2405/3570/1190
f 2406/3571/1191 2407/3572/1191 2408/3573/1191
f 2407/3574/1192 2409/3575/1192 2408/3576/1192
f 2410/3577/1193 2411/3578/1193 2412/3579/1193
f 2413/3580/1194 2414/3581/1194 2415/3582/1194
f 2416/3583/1195 2417/3584/1195 2418/3585/1195
f 2417/3586/1196 2419/3587/1196 2418/3588/1196
f 2420/3589/1197 2421/3590/1197 2422/3591/1197
f 2422/3592/1198 2421/3593/1198 2423/3594/1198
f 2424/3595/1199 2425/3596/1199 2426/3597/1199
f 2427/3598/1200 2428/3599/1200 2429/3600/1200
f 2430/3601/1201 2431/3602/1201 2432/3603/1201
f 2433/3604/1202 2434/3605/1202 2435/3606/1202
f 2434/3607/1203 2436/3608/1203 2435/3609/1203
f 2437/3610/1204 2438/3611/1204 2439/3612/1204
f 2440/3613/1205 2441/3614/1205 2442/3615/1205
f 2443/3616/1206 2444/3617/1206 2445/3618/1206
f 2446/3619/1207 2447/3620/1207 2448/3621/1207
f 2447/3622/1208 2446/3623/1208 2449/3624/1208
f 2450/3625/1209 2451/3626/1209 2452/3627/1209
f 2453/3628/1210 2454/3629/1210 2455/3630/1210
f 2456/3631/1211 2457/3632/1211 2458/3633/1211
f 2459/3634/1212 2460/3635/1212 2461/3636/1212
f 2462/3637/1213 2463/3638/1213 2464/3639/1213
f 2465/3640/1214 2466/3641/1214 2467/3642/1214
f 2468/3643/1215 2469/3644/1215 2470/3645/1215
f 2471/3646/1216 2472/3647/1216 2473/3648/1216
f 2474/3649/1217 2475/3650/1217 2476/3651/1217
f 2477/3652/1218 2478/3653/1218 2479/3654/1218
f 2480/3655/1219 2481/3656/1219 2482/3657/1219
f 2483/3658/1220 2484/3659/1220 2485/3660/1220
f 2486/3661/1221 2487/3662/1221 2488/3663/1221
f 2489/3664/1222 2490/3665/1222 2491/3666/1222
f 2492/3667/1223 2493/3668/1223 2490/3669/1223
f 2494/3670/1224 2495/3671/1224 2496/3672/1224
f 2497/3673/1225 2498/3674/1225 2499/3675/1225
f 2500/3676/1226 2501/3677/1226 2497/3678/1226
f 2502/3679/1227 2503/3680/1227 2504/3681/1227
f 2505/3682/1228 2506/3683/1228 2507/3684/1228
f 2508/3685/1229 2506/3686/1229 2505/3687/1229
f 2509/3688/1230 2510/3689/1230 2511/3690/1230
f 2512/3691/1231 2513/3692/1231 2511/3693/1231
f 2514/3694/1232 2515/3695/1232 2516/3696/1232
f 2517/3697/1233 2518/3698/1233 2519/3699/1233
f 2520/3700/1234 2521/3701/1234 2522/3702/1234
f 2523/3703/1235 2521/3704/1235 2520/3705/1235
f 2524/3706/1236 2525/3707/1236 2526/3708/1236
f 2525/3709/1237 2527/3710/1237 2526/3711/1237
f 2524/3712/1238 2528/3713/1238 2525/3714/1238
f 2529/3715/1239 2527/3716/1239 2525/3717/1239
f 2530/3718/1240 2525/3719/1240 2528/3720/1240
f 2530/3721/1241 2529/3722/1241 2525/3723/1241
f 2531/3724/1242 2532/3725/1242 2533/3726/1242
f 2534/3727/1243 2535/3728/1243 2536/3729/1243
f 2537/3730/1244 2538/3731/1244 2539/3732/1244
f 2540/3733/1245 2541/3734/1245 2542/3735/1245
f 2543/3736/1246 2544/3737/1246 2545/3738/1246
f 2546/3739/1247 2547/3740/1247 2548/3741/1247
f 2547/3742/1248 2546/3743/1248 2549/3744/1248
f 2550/3745/1249 2551/3746/1249 2552/3747/1249
f 2552/3748/1250 2553/3749/1250 2550/3750/1250
f 2554/3751/1251 2550/3752/1251 2553/3753/1251
f 2551/3754/1252 2550/3755/1252 2555/3756/1252
f 2556/3757/1253 2551/3758/1253 2555/3759/1253
f 2551/3760/1254 2556/3761/1254 2557/3762/1254
f 2556/3763/1255 2558/3764/1255 2557/3765/1255
f 2558/3766/1256 2556/3767/1256 2559/3768/1256
f 2560/3769/1257 2561/3770/1257 2562/3771/1257
f 2563/3772/1258 2564/3773/1258 2565/3774/1258
f 2566/3775/1259 2567/3776/1259 2568/3777/1259
f 2569/3778/1260 2570/3779/1260 2571/3780/1260
f 2570/3781/1261 2569/3782/1261 2572/3783/1261
f 2573/3784/1262 2574/3785/1262 2575/3786/1262
f 2573/3787/1263 2575/3788/1263 2576/3789/1263
f 2577/3790/1264 2578/3791/1264 2579/3792/1264
f 2580/3793/1265 2581/3794/1265 2582/3795/1265
f 2583/3796/1266 2581/3797/1266 2584/3798/1266
f 2585/3799/1267 2586/3800/1267 2587/3801/1267
f 2588/3802/1268 2589/3803/1268 2590/3804/1268
f 2591/3805/1269 2592/3806/1269 2593/3807/1269
f 2594/3808/1270 2595/3809/1270 2596/3810/1270
f 2596/3811/1271 2595/3812/1271 2597/3813/1271
f 2598/3814/1272 2599/3815/1272 2600/3816/1272
f 2600/3817/1273 2599/3818/1273 2601/3819/1273
f 2602/3820/1274 2601/3821/1274 2599/3822/1274
f 2601/3823/1275 2602/3824/1275 2603/3825/1275
f 2604/3826/1276 2605/3827/1276 2603/3828/1276
f 2605/3829/1277 2604/3830/1277 2606/3831/1277
f 2607/3832/1278 2598/3833/1278 2608/3834/1278
f 2607/3835/1279 2608/3836/1279 2609/3837/1279
f 2610/3838/1280 2609/3839/1280 2611/3840/1280
f 2612/3841/1281 2610/3842/1281 2611/3843/1281
f 2613/3844/1282 2614/3845/1282 2615/3846/1282
f 2614/3847/1283 2613/3848/1283 2616/3849/1283
f 2617/3850/1284 2613/3851/1284 2615/3852/1284
f 2618/3853/1285 2617/3854/1285 2615/3855/1285
f 2619/3856/1286 2620/3857/1286 2618/3858/1286
f 2620/3859/1287 2619/3860/1287 2621/3861/1287
f 2622/3862/1288 2623/3863/1288 2616/3864/1288
f 2623/3865/1289 2622/3866/1289 2624/3867/1289
f 2625/3868/1290 2621/3869/1290 2626/3870/1290
f 2626/3871/1291 2627/3872/1291 2625/3873/1291
f 2628/3874/1292 2629/3875/1292 2630/3876/1292
f 2628/3877/1293 2630/3878/1293 2631/3879/1293
f 2632/3880/1294 2633/3881/1294 2634/3882/1294
f 2635/3883/1295 2636/3884/1295 2637/3885/1295
f 2638/3886/1296 2639/3887/1296 2640/3888/1296
f 2640/3889/1297 2639/3890/1297 2641/3891/1297
f 2642/3892/1298 2643/3893/1298 2644/3894/1298
f 2645/3895/1299 2646/3896/1299 2647/3897/1299
f 2648/3898/1300 2649/3899/1300 2650/3900/1300
f 2651/3901/1301 2652/3902/1301 2653/3903/1301
f 2654/3904/1302 2655/3905/1302 2656/3906/1302
f 2657/3907/1303 2658/3908/1303 2659/3909/1303
f 2660/3910/1304 2661/3911/1304 2662/3912/1304
f 2661/3913/1305 2663/3914/1305 2662/3915/1305
f 2661/3916/1306 2660/3917/1306 2664/3918/1306
f 2660/3919/1307 2665/3920/1307 2664/3921/1307
f 2665/3922/1308 2660/3923/1308 2666/3924/1308
f 2667/3925/1309 2668/3926/1309 2666/3927/1309
f 2669/3928/1310 2670/3929/1310 2671/3930/1310
f 2670/3931/1311 2669/3932/1311 2672/3933/1311
f 2673/3934/1312 2672/3935/1312 2674/3936/1312
f 2673/3937/1313 2675/3938/1313 2676/3939/1313
f 2677/3940/1314 2678/3941/1314 2679/3942/1314
f 2679/3943/1315 2680/3944/1315 2677/3945/1315
f 2678/3946/1316 2677/3947/1316 2681/3948/1316
f 2682/3949/1317 2678/3950/1317 2681/3951/1317
f 2678/3952/1318 2682/3953/1318 2683/3954/1318
f 2682/3955/1319 2684/3956/1319 2683/3957/1319
f 2685/3958/1320 2686/3959/1320 2687/3960/1320
f 2687/3961/1321 2688/3962/1321 2685/3963/1321
f 2689/3964/1322 2690/3965/1322 2691/3966/1322
f 2692/3967/1323 2693/3968/1323 2694/3969/1323
f 2693/3970/1324 2692/3971/1324 2695/3972/1324
f 2692/3973/1325 2694/3974/1325 2696/3975/1325
f 2697/3976/1326 2692/3977/1326 2696/3978/1326
f 2693/3979/1327 2698/3980/1327 2699/3981/1327
f 2698/3982/1328 2700/3983/1328 2699/3984/1328
f 2701/3985/1329 2697/3986/1329 2702/3987/1329
f 2701/3988/1330 2702/3989/1330 2703/3990/1330
f 2704/3991/1331 2705/3992/1331 2703/3993/1331
f 2705/3994/1332 2704/3995/1332 2706/3996/1332
f 2707/3997/1333 2708/3998/1333 2709/3999/1333
f 2710/4000/1334 2711/4001/1334 2712/4002/1334
f 2711/4003/1335 2710/4004/1335 2713/4005/1335
f 2714/4006/1336 2715/4007/1336 2713/4008/1336
f 2715/4009/1337 2714/4010/1337 2716/4011/1337
f 2717/4012/1338 2718/4013/1338 2712/4014/1338
f 2718/4015/1339 2717/4016/1339 2719/4017/1339
f 2720/4018/1340 2718/4019/1340 2719/4020/1340
f 2718/4021/1341 2720/4022/1341 2721/4023/1341
f 2722/4024/1342 2723/4025/1342 2720/4026/1342
f 2723/4027/1343 2722/4028/1343 2724/4029/1343
f 2725/4030/1344 2726/4031/1344 2727/4032/1344
f 2727/4033/1345 2728/4034/1345 2725/4035/1345
f 2729/4036/1346 2730/4037/1346 2731/4038/1346
f 2732/4039/1347 2733/4040/1347 2734/4041/1347
f 2735/4042/1348 2734/4043/1348 2733/4044/1348
f 2736/4045/1349 2737/4046/1349 2738/4047/1349
f 2738/4048/1350 2739/4049/1350 2736/4050/1350
f 2740/4051/1351 2741/4052/1351 2742/4053/1351
f 2743/4054/1352 2744/4055/1352 2745/4056/1352
f 2746/4057/1353 2747/4058/1353 2748/4059/1353
f 2749/4060/1354 2750/4061/1354 2751/4062/1354
f 2752/4063/1355 2753/4064/1355 2754/4065/1355
f 2755/4066/1356 2756/4067/1356 2757/4068/1356
f 2758/4069/1357 2759/4070/1357 2760/4071/1357
f 2759/4072/1358 2758/4073/1358 2761/4074/1358
f 2762/4075/1359 2763/4076/1359 2764/4077/1359
f 2765/4078/1360 2766/4079/1360 2767/4080/1360
f 2768/4081/1361 2769/4082/1361 2770/4083/1361
f 2771/4084/1362 2769/4085/1362 2768/4086/1362
f 2770/4087/1363 2772/4088/1363 2768/4089/1363
f 2768/4090/1364 2772/4091/1364 2771/4092/1364
f 2773/4093/1365 2771/4094/1365 2772/4095/1365
f 2772/4096/1366 2770/4097/1366 2774/4098/1366
f 2775/4099/1367 2773/4100/1367 2772/4101/1367
f 2774/4102/1368 2775/4103/1368 2772/4104/1368
f 2771/4105/1369 2773/4106/1369 2776/4107/1369
f 2775/4108/1370 2774/4109/1370 2777/4110/1370
f 2778/4111/1371 2769/4112/1371 2771/4113/1371
f 2776/4114/1372 2778/4115/1372 2771/4116/1372
f 2778/4117/1373 2779/4118/1373 2769/4119/1373
f 2769/4120/1374 2779/4121/1374 2780/4122/1374
f 2779/4123/1375 2778/4124/1375 2780/4125/1375
f 2781/4126/1376 2780/4127/1376 2778/4128/1376
f 2778/4129/1377 2776/4130/1377 2781/4131/1377
f 2782/4132/1378 2780/4133/1378 2769/4134/1378
f 2780/4135/1379 2781/4136/1379 2782/4137/1379
f 2781/4138/1380 2776/4139/1380 2782/4140/1380
f 2769/4141/1381 2770/4142/1381 2782/4143/1381
f 2782/4144/1382 2776/4145/1382 2770/4146/1382
f 2776/4147/1383 2783/4148/1383 2770/4149/1383
f 2783/4150/1384 2774/4151/1384 2770/4152/1384
f 2776/4153/1385 2783/4154/1385 2773/4155/1385
f 2774/4156/1386 2783/4157/1386 2784/4158/1386
f 2777/4159/1387 2774/4160/1387 2784/4161/1387
f 2785/4162/1388 2773/4163/1388 2783/4164/1388
f 2784/4165/1389 2783/4166/1389 2785/4167/1389
f 2785/4168/1390 2773/4169/1390 2775/4170/1390
f 2777/4171/1391 2786/4172/1391 2775/4173/1391
f 2786/4174/1392 2785/4175/1392 2775/4176/1392
f 2787/4177/1393 2777/4178/1393 2784/4179/1393
f 2786/4180/1394 2777/4181/1394 2787/4182/1394
f 2785/4183/1395 2788/4184/1395 2784/4185/1395
f 2788/4186/1396 2785/4187/1396 2786/4188/1396
f 2784/4189/1397 2789/4190/1397 2788/4191/1397
f 2789/4192/1398 2787/4193/1398 2784/4194/1398
f 2786/4195/1399 2790/4196/1399 2788/4197/1399
f 2790/4198/1400 2788/4199/1400 2789/4200/1400
f 2787/4201/1401 2791/4202/1401 2786/4203/1401
f 2790/4204/1402 2786/4205/1402 2791/4206/1402
f 2791/4207/1403 2787/4208/1403 2792/4209/1403
f 2792/4210/1404 2787/4211/1404 2789/4212/1404
f 2793/4213/1405 2789/4214/1405 2790/4215/1405
f 2793/4216/1406 2792/4217/1406 2789/4218/1406
f 2794/4219/1407 2792/4220/1407 2793/4221/1407
f 2793/4222/1408 2790/4223/1408 2795/4224/1408
f 2795/4225/1409 2794/4226/1409 2793/4227/1409
f 2790/4228/1410 2791/4229/1410 2796/4230/1410
f 2795/4231/1411 2790/4232/1411 2796/4233/1411
f 2792/4234/1412 2791/4235/1412 2797/4236/1412
f 2797/4237/1413 2796/4238/1413 2791/4239/1413
f 2792/4240/1414 2794/4241/1414 2797/4242/1414
f 2797/4243/1415 2798/4244/1415 2796/4245/1415
f 2797/4246/1416 2794/4247/1416 2798/4248/1416
f 2799/4249/1417 2795/4250/1417 2796/4251/1417
f 2799/4252/1418 2796/4253/1418 2798/4254/1418
f 2795/4255/1419 2800/4256/1419 2794/4257/1419
f 2795/4258/1420 2799/4259/1420 2800/4260/1420
f 2800/4261/1421 2794/4262/1421 2801/4263/1421
f 2794/4264/1422 2801/4265/1422 2798/4266/1422
f 2799/4267/1423 2802/4268/1423 2800/4269/1423
f 2798/4270/1424 2802/4271/1424 2799/4272/1424
f 2800/4273/1425 2803/4274/1425 2801/4275/1425
f 2801/4276/1426 2803/4277/1426 2798/4278/1426
f 2804/4279/1427 2800/4280/1427 2802/4281/1427
f 2803/4282/1428 2800/4283/1428 2804/4284/1428
f 2802/4285/1429 2798/4286/1429 2805/4287/1429
f 2798/4288/1430 2803/4289/1430 2805/4290/1430
f 2804/4291/1431 2802/4292/1431 2806/4293/1431
f 2804/4294/1432 2803/4295/1432 2807/4296/1432
f 2804/4297/1433 2806/4298/1433 2807/4299/1433
f 2803/4300/1434 2808/4301/1434 2805/4302/1434
f 2807/4303/1435 2808/4304/1435 2803/4305/1435
f 2802/4306/1436 2805/4307/1436 2809/4308/1436
f 2805/4309/1437 2808/4310/1437 2809/4311/1437
f 2809/4312/1438 2806/4313/1438 2802/4314/1438
f 2807/4315/1439 2810/4316/1439 2808/4317/1439
f 2808/4318/1440 2810/4319/1440 2809/4320/1440
f 2806/4321/1441 2811/4322/1441 2807/4323/1441
f 2810/4324/1442 2807/4325/1442 2811/4326/1442
f 2812/4327/1443 2809/4328/1443 2806/4329/1443
f 2809/4330/1444 2810/4331/1444 2812/4332/1444
f 2813/4333/1445 2806/4334/1445 2812/4335/1445
f 2811/4336/1446 2806/4337/1446 2813/4338/1446
f 2810/4339/1447 2814/4340/1447 2812/4341/1447
f 2811/4342/1448 2814/4343/1448 2810/4344/1448
f 2812/4345/1449 2814/4346/1449 2815/4347/1449
f 2812/4348/1450 2815/4349/1450 2813/4350/1450
f 2814/4351/1451 2811/4352/1451 2816/4353/1451
f 2811/4354/1452 2813/4355/1452 2816/4356/1452
f 2814/4357/1453 2817/4358/1453 2815/4359/1453
f 2816/4360/1454 2817/4361/1454 2814/4362/1454
f 2813/4363/1455 2818/4364/1455 2815/4365/1455
f 2816/4366/1456 2813/4367/1456 2818/4368/1456
f 2819/4369/1457 2815/4370/1457 2818/4371/1457
f 2815/4372/1458 2817/4373/1458 2819/4374/1458
f 2816/4375/1459 2818/4376/1459 2820/4377/1459
f 2817/4378/1460 2816/4379/1460 2820/4380/1460
f 2820/4381/1461 2818/4382/1461 2821/4383/1461
f 2821/4384/1462 2818/4385/1462 2819/4386/1462
f 2819/4387/1463 2817/4388/1463 2822/4389/1463
f 2822/4390/1464 2821/4391/1464 2819/4392/1464
f 2820/4393/1465 2823/4394/1465 2817/4395/1465
f 2817/4396/1466 2823/4397/1466 2822/4398/1466
f 2820/4399/1467 2821/4400/1467 2824/4401/1467
f 2823/4402/1468 2820/4403/1468 2824/4404/1468
f 2821/4405/1469 2825/4406/1469 2824/4407/1469
f 2825/4408/1470 2821/4409/1470 2822/4410/1470
f 2826/4411/1471 2823/4412/1471 2824/4413/1471
f 2826/4414/1472 2824/4415/1472 2825/4416/1472
f 2823/4417/1473 2827/4418/1473 2822/4419/1473
f 2827/4420/1474 2823/4421/1474 2826/4422/1474
f 2822/4423/1475 2827/4424/1475 2828/4425/1475
f 2822/4426/1476 2829/4427/1476 2825/4428/1476
f 2829/4429/1477 2822/4430/1477 2828/4431/1477
f 2825/4432/1478 2829/4433/1478 2826/4434/1478
f 2827/4435/1479 2830/4436/1479 2828/4437/1479
f 2828/4438/1480 2830/4439/1480 2829/4440/1480
f 2826/4441/1481 2830/4442/1481 2827/4443/1481
f 2829/4444/1482 2830/4445/1482 2831/4446/1482
f 2830/4447/1483 2826/4448/1483 2831/4449/1483
f 2831/4450/1484 2826/4451/1484 2829/4452/1484
f 2832/4453/1485 2833/4454/1485 2834/4455/1485
f 2835/4456/1486 2836/4457/1486 2837/4458/1486
f 2836/4459/1487 2835/4460/1487 2838/4461/1487
f 2839/4462/1488 2840/4463/1488 2841/4464/1488
f 2842/4465/1489 2843/4466/1489 2844/4467/1489
f 2845/4468/1490 2846/4469/1490 2847/4470/1490
f 2848/4471/1491 2849/4472/1491 2850/4473/1491
f 2851/4474/1492 2852/4475/1492 2853/4476/1492
f 2854/4477/1493 2855/4478/1493 2856/4479/1493
f 2857/4480/1494 2858/4481/1494 2859/4482/1494
f 2859/4483/1495 2860/4484/1495 2857/4485/1495
f 2861/4486/1496 2862/4487/1496 2863/4488/1496
f 2864/4489/1497 2865/4490/1497 2866/4491/1497
f 2867/4492/1498 2868/4493/1498 2869/4494/1498
f 2870/4495/1499 2871/4496/1499 2872/4497/1499
f 2873/4498/1500 2874/4499/1500 2875/4500/1500
f 2876/4501/1501 2877/4502/1501 2878/4503/1501
f 2879/4504/1502 2880/4505/1502 2881/4506/1502
f 2882/4507/1503 2883/4508/1503 2884/4509/1503
f 2885/4510/1504 2886/4511/1504 2887/4512/1504
f 2888/4513/1505 2889/4514/1505 2890/4515/1505
f 2891/4516/1506 2892/4517/1506 2893/4518/1506
f 2894/4519/1507 2895/4520/1507 2896/4521/1507
f 2897/4522/1508 2898/4523/1508 2899/4524/1508
f 2900/4525/1509 2901/4526/1509 2902/4527/1509
f 2902/4528/1510 2903/4529/1510 2900/4530/1510
f 2901/4531/1511 2904/4532/1511 2905/4533/1511
f 2906/4534/1512 2901/4535/1512 2905/4536/1512
f 2907/4537/1513 2908/4538/1513 2909/4539/1513
f 2910/4540/1514 2911/4541/1514 2912/4542/1514
f 2911/4543/1515 2910/4544/1515 2913/4545/1515
f 2914/4546/1516 2915/4547/1516 2916/4548/1516
f 2917/4549/1517 2918/4550/1517 2919/4551/1517
f 2920/4552/1518 2921/4553/1518 2922/4554/1518
f 2921/4555/1519 2920/4556/1519 2923/4557/1519
f 2924/4558/1520 2925/4559/1520 2926/4560/1520
f 2926/4561/1521 2925/4562/1521 2927/4563/1521
f 2928/4564/1522 2929/4565/1522 2930/4566/1522
f 2929/4567/1523 2928/4568/1523 2931/4569/1523
f 2932/4570/1524 2933/4571/1524 2934/4572/1524
f 2935/4573/1525 2936/4574/1525 2937/4575/1525
f 2938/4576/1526 2939/4577/1526 2940/4578/1526
f 2939/4579/1527 2938/4580/1527 2941/4581/1527
f 2942/4582/1528 2943/4583/1528 2944/4584/1528
f 2942/4585/1529 2944/4586/1529 2945/4587/1529
f 2946/4588/1530 2947/4589/1530 2948/4590/1530
f 2949/4591/1531 2950/4592/1531 2951/4593/1531
f 2950/4594/1532 2949/4595/1532 2952/4596/1532
f 2953/4597/1533 2954/4598/1533 2955/4599/1533
f 2953/4600/1534 2956/4601/1534 2954/4602/1534
f 2957/4603/1535 2958/4604/1535 2959/4605/1535
f 2960/4606/1536 2961/4607/1536 2962/4608/1536
f 2963/4609/1537 2964/4610/1537 2965/4611/1537
f 2966/4612/1538 2967/4613/1538 2968/4614/1538
f 2969/4615/1539 2970/4616/1539 2971/4617/1539
f 2972/4618/1540 2973/4619/1540 2974/4620/1540
f 2975/4621/1541 2976/4622/1541 2977/4623/1541
f 2978/4624/1542 2979/4625/1542 2980/4626/1542
f 2981/4627/1543 2982/4628/1543 2983/4629/1543
f 2981/4630/1544 2983/4631/1544 2984/4632/1544
f 2985/4633/1545 2986/4634/1545 2987/4635/1545
f 2988/4636/1546 2989/4637/1546 2990/4638/1546
f 2990/4639/1547 2991/4640/1547 2988/4641/1547
f 2992/4642/1548 2993/4643/1548 2994/4644/1548
f 2995/4645/1549 2996/4646/1549 2997/4647/1549
f 2998/4648/1550 2999/4649/1550 3000/4650/1550
f 3000/4651/1551 3001/4652/1551 2998/4653/1551
f 3002/4654/1552 3003/4655/1552 3004/4656/1552
f 3005/4657/1553 3006/4658/1553 3007/4659/1553
f 3008/4660/1554 3009/4661/1554 3010/4662/1554
f 3011/4663/1555 3012/4664/1555 3013/4665/1555
f 3014/4666/1556 3015/4667/1556 3016/4668/1556
f 3015/4669/1557 3014/4670/1557 3017/4671/1557
f 3018/4672/1558 3019/4673/1558 3020/4674/1558
f 3021/4675/1559 3022/4676/1559 3023/4677/1559
f 3024/4678/1560 3025/4679/1560 3026/4680/1560
f 3027/4681/1561 3028/4682/1561 3029/4683/1561
f 3030/4684/1562 3031/4685/1562 3032/4686/1562
f 3033/4687/1563 3034/4688/1563 3035/4689/1563
f 3036/4690/1564 3037/4691/1564 3038/4692/1564
f 3039/4693/1565 3040/4694/1565 3041/4695/1565
f 3042/4696/1566 3041/4697/1566 3040/4698/1566
f 3043/4699/1567 3041/4700/1567 3042/4701/1567
f 3040/4702/1568 3039/4703/1568 3043/4704/1568
f 3041/4705/1569 3043/4706/1569 3044/4707/1569
f 3044/4708/1570 3043/4709/1570 3039/4710/1570
f 3043/4711/1571 3045/4712/1571 3040/4713/1571
f 3046/4714/1572 3039/4715/1572 3041/4716/1572
f 3039/4717/1573 3047/4718/1573 3044/4719/1573
f 3039/4720/1574 3046/4721/1574 3047/4722/1574
f 3048/4723/1575 3044/4724/1575 3047/4725/1575
f 3049/4726/1576 3042/4727/1576 3040/4728/1576
f 3049/4729/1577 3040/4730/1577 3045/4731/1577
f 3042/4732/1578 3049/4733/1578 3050/4734/1578
f 3046/4735/1579 3051/4736/1579 3047/4737/1579
f 3052/4738/1580 3046/4739/1580 3048/4740/1580
f 3046/4741/1581 3052/4742/1581 3051/4743/1581
f 3047/4744/1582 3053/4745/1582 3048/4746/1582
f 3053/4747/1583 3052/4748/1583 3048/4749/1583
f 3051/4750/1584 3053/4751/1584 3047/4752/1584
f 3054/4753/1585 3052/4754/1585 3053/4755/1585
f 3055/4756/1586 3053/4757/1586 3051/4758/1586
f 3053/4759/1587 3056/4760/1587 3054/4761/1587
f 3053/4762/1588 3055/4763/1588 3056/4764/1588
f 3045/4765/1589 3057/4766/1589 3049/4767/1589
f 3050/4768/1590 3057/4769/1590 3045/4770/1590
f 3058/4771/1591 3049/4772/1591 3057/4773/1591
f 3049/4774/1592 3058/4775/1592 3050/4776/1592
f 3057/4777/1593 3050/4778/1593 3059/4779/1593
f 3059/4780/1594 3050/4781/1594 3058/4782/1594
f 3060/4783/1595 3058/4784/1595 3057/4785/1595
f 3058/4786/1596 3061/4787/1596 3059/4788/1596
f 3058/4789/1597 3060/4790/1597 3062/4791/1597
f 3061/4792/1598 3058/4793/1598 3062/4794/1598
f 3061/4795/1599 3063/4796/1599 3060/4797/1599
f 3062/4798/1600 3060/4799/1600 3063/4800/1600
f 3063/4801/1601 3061/4802/1601 3064/4803/1601
f 3062/4804/1602 3064/4805/1602 3061/4806/1602
f 3062/4807/1603 3063/4808/1603 3065/4809/1603
f 3064/4810/1604 3062/4811/1604 3065/4812/1604
f 3063/4813/1605 3066/4814/1605 3065/4815/1605
f 3065/4816/1606 3067/4817/1606 3064/4818/1606
f 3066/4819/1607 3067/4820/1607 3068/4821/1607
f 3067/4822/1608 3065/4823/1608 3068/4824/1608
f 3066/4825/1609 3068/4826/1609 3065/4827/1609
f 3069/4828/1610 3070/4829/1610 3071/4830/1610
f 3070/4831/1611 3069/4832/1611 3072/4833/1611
f 3073/4834/1612 3072/4835/1612 3069/4836/1612
f 3070/4837/1613 3073/4838/1613 3071/4839/1613
f 3072/4840/1614 3073/4841/1614 3074/4842/1614
f 3074/4843/1615 3073/4844/1615 3070/4845/1615
f 3075/4846/1616 3070/4847/1616 3072/4848/1616
f 3071/4849/1617 3073/4850/1617 3076/4851/1617
f 3077/4852/1618 3074/4853/1618 3070/4854/1618
f 3070/4855/1619 3075/4856/1619 3077/4857/1619
f 3074/4858/1620 3077/4859/1620 3078/4860/1620
f 3071/4861/1621 3079/4862/1621 3069/4863/1621
f 3080/4864/1622 3077/4865/1622 3075/4866/1622
f 3080/4867/1623 3075/4868/1623 3078/4869/1623
f 3081/4870/1624 3078/4871/1624 3077/4872/1624
f 3077/4873/1625 3080/4874/1625 3081/4875/1625
f 3080/4876/1626 3078/4877/1626 3082/4878/1626
f 3078/4879/1627 3081/4880/1627 3082/4881/1627
f 3083/4882/1628 3081/4883/1628 3080/4884/1628
f 3084/4885/1629 3082/4886/1629 3081/4887/1629
f 3081/4888/1630 3083/4889/1630 3084/4890/1630
f 3082/4891/1631 3084/4892/1631 3085/4893/1631
f 3086/4894/1632 3083/4895/1632 3085/4896/1632
f 3084/4897/1633 3086/4898/1633 3085/4899/1633
f 3083/4900/1634 3086/4901/1634 3087/4902/1634
f 3083/4903/1635 3087/4904/1635 3084/4905/1635
f 3086/4906/1636 3084/4907/1636 3088/4908/1636
f 3087/4909/1637 3088/4910/1637 3084/4911/1637
f 3089/4912/1638 3086/4913/1638 3088/4914/1638
f 3090/4915/1639 3089/4916/1639 3088/4917/1639
f 3087/4918/1640 3090/4919/1640 3088/4920/1640
f 3091/4921/1641 3090/4922/1641 3087/4923/1641
f 3079/4924/1642 3071/4925/1642 3092/4926/1642
f 3092/4927/1643 3071/4928/1643 3076/4929/1643
f 3092/4930/1644 3093/4931/1644 3079/4932/1644
f 3079/4933/1645 3094/4934/1645 3076/4935/1645
f 3094/4936/1646 3092/4937/1646 3076/4938/1646
f 3094/4939/1647 3079/4940/1647 3093/4941/1647
f 3093/4942/1648 3092/4943/1648 3095/4944/1648
f 3094/4945/1649 3095/4946/1649 3092/4947/1649
f 3095/4948/1650 3096/4949/1650 3093/4950/1650
f 3097/4951/1651 3095/4952/1651 3094/4953/1651
f 3096/4954/1652 3095/4955/1652 3098/4956/1652
f 3098/4957/1653 3095/4958/1653 3097/4959/1653
f 3099/4960/1654 3100/4961/1654 3101/4962/1654